{
  "type": "FeatureCollection",
  "features": [
    {
      "type": "Feature",
      "geometry": {
        "type": "Polygon",
        "coordinates": [
          [
            [
              10.40576171875,
              63.426
            ],
            [
              10.40576953125,
              63.425953125
            ],
            [
              10.40599609375,
              63.42595703125
            ],
            [
              10.40599609375,
              63.426
            ],
            [
              10.40576171875,
              63.426
            ]
          ]
        ]
      },
      "properties": {
        "source": "cv_detection",
        "area_m2": 57.11060234953486,
        "tile_id": "tile_0003",
        "status": "historical_only",
        "note": "Detected on historical map but no OSM match - potentially demolished"
      }
    },
    {
      "type": "Feature",
      "geometry": {
        "type": "Polygon",
        "coordinates": [
          [
            [
              10.39398046875,
              63.41636328125
            ],
            [
              10.39399609375,
              63.416242187499996
            ],
            [
              10.39399609375,
              63.41636328125
            ],
            [
              10.39398046875,
              63.41636328125
            ]
          ]
        ]
      },
      "properties": {
        "source": "cv_detection",
        "area_m2": 5.216267500313538,
        "tile_id": "tile_0005",
        "status": "historical_only",
        "note": "Detected on historical map but no OSM match - potentially demolished"
      }
    },
    {
      "type": "Feature",
      "geometry": {
        "type": "Polygon",
        "coordinates": [
          [
            [
              10.413874999999999,
              63.43085546875
            ],
            [
              10.413882812499999,
              63.43077734375
            ],
            [
              10.413996093749999,
              63.43078125
            ],
            [
              10.413996093749999,
              63.430859375000004
            ],
            [
              10.413874999999999,
              63.43085546875
            ]
          ]
        ]
      },
      "properties": {
        "source": "cv_detection",
        "area_m2": 50.53945002187631,
        "tile_id": "tile_0007",
        "status": "historical_only",
        "note": "Detected on historical map but no OSM match - potentially demolished"
      }
    },
    {
      "type": "Feature",
      "geometry": {
        "type": "Polygon",
        "coordinates": [
          [
            [
              10.416,
              63.422171875
            ],
            [
              10.416,
              63.42200390625
            ],
            [
              10.41602734375,
              63.42200390625
            ],
            [
              10.416,
              63.422171875
            ]
          ]
        ]
      },
      "properties": {
        "source": "cv_detection",
        "area_m2": 12.659418874519794,
        "tile_id": "tile_0012",
        "status": "historical_only",
        "note": "Detected on historical map but no OSM match - potentially demolished"
      }
    },
    {
      "type": "Feature",
      "geometry": {
        "type": "Polygon",
        "coordinates": [
          [
            [
              10.426,
              63.408
            ],
            [
              10.426,
              63.40785546875
            ],
            [
              10.4266171875,
              63.40787109375
            ],
            [
              10.42662890625,
              63.407828125
            ],
            [
              10.426625,
              63.4077890625
            ],
            [
              10.426449218750001,
              63.40778125
            ],
            [
              10.426457031250001,
              63.407699218750004
            ],
            [
              10.42609765625,
              63.40768359375
            ],
            [
              10.42612890625,
              63.4074453125
            ],
            [
              10.426,
              63.4074375
            ],
            [
              10.426,
              63.406609375
            ],
            [
              10.426078125,
              63.406609375
            ],
            [
              10.426074218750001,
              63.4066953125
            ],
            [
              10.42624609375,
              63.40669921875
            ],
            [
              10.426230468750001,
              63.40686328125
            ],
            [
              10.42640625,
              63.40687109375
            ],
            [
              10.426359375,
              63.4071953125
            ],
            [
              10.42653515625,
              63.40720703125
            ],
            [
              10.42653125,
              63.4072890625
            ],
            [
              10.426894531250001,
              63.40730078125
            ],
            [
              10.42691015625,
              63.40721875
            ],
            [
              10.427277343750001,
              63.4072265625
            ],
            [
              10.42729296875,
              63.4071484375
            ],
            [
              10.42765625,
              63.40715625
            ],
            [
              10.427671875000001,
              63.407078125
            ],
            [
              10.4278515625,
              63.40708203125
            ],
            [
              10.4278671875,
              63.4070234375
            ],
            [
              10.427863281250001,
              63.40699609375
            ],
            [
              10.427687500000001,
              63.4069921875
            ],
            [
              10.42769140625,
              63.40691015625
            ],
            [
              10.4273359375,
              63.40689453125
            ],
            [
              10.427339843750001,
              63.4068125
            ],
            [
              10.42716015625,
              63.40680859375
            ],
            [
              10.427164062500001,
              63.4067265625
            ],
            [
              10.42680859375,
              63.40671484375
            ],
            [
              10.4268125,
              63.40662890625
            ],
            [
              10.42663671875,
              63.406625
            ],
            [
              10.42664453125,
              63.4065390625
            ],
            [
              10.42646875,
              63.40653515625
            ],
            [
              10.42647265625,
              63.406453125
            ],
            [
              10.426296875,
              63.40644921875
            ],
            [
              10.426300781250001,
              63.40636328125
            ],
            [
              10.426125,
              63.406359375
            ],
            [
              10.42612890625,
              63.40627734375
            ],
            [
              10.426,
              63.4062734375
            ],
            [
              10.426,
              63.40600390625
            ],
            [
              10.4269140625,
              63.40600390625
            ],
            [
              10.4269140625,
              63.40605859375
            ],
            [
              10.42708984375,
              63.4060625
            ],
            [
              10.42707421875,
              63.4062265625
            ],
            [
              10.42724609375,
              63.406230468749996
            ],
            [
              10.42724609375,
              63.40631640625
            ],
            [
              10.427421875,
              63.4063203125
            ],
            [
              10.4274140625,
              63.4063984375
            ],
            [
              10.42758984375,
              63.40641015625
            ],
            [
              10.4275859375,
              63.4064921875
            ],
            [
              10.42776171875,
              63.40649609375
            ],
            [
              10.427757812500001,
              63.40658203125
            ],
            [
              10.42799609375,
              63.40658984375
            ],
            [
              10.42799609375,
              63.40758203125
            ],
            [
              10.42796484375,
              63.407578125
            ],
            [
              10.42797265625,
              63.40749609375
            ],
            [
              10.427796875,
              63.4074921875
            ],
            [
              10.4278046875,
              63.4074140625
            ],
            [
              10.42776953125,
              63.40740625
            ],
            [
              10.4274375,
              63.4073984375
            ],
            [
              10.427421875,
              63.4074765625
            ],
            [
              10.42705859375,
              63.40746875
            ],
            [
              10.427015625000001,
              63.40771484375
            ],
            [
              10.426832031250001,
              63.4077109375
            ],
            [
              10.4268046875,
              63.407859375
            ],
            [
              10.42680859375,
              63.40787890625
            ],
            [
              10.427355468750001,
              63.4078984375
            ],
            [
              10.4273515625,
              63.407976562500004
            ],
            [
              10.42752734375,
              63.407980468750004
            ],
            [
              10.42754296875,
              63.40790234375
            ],
            [
              10.427906250000001,
              63.4079140625
            ],
            [
              10.427921875000001,
              63.40783203125
            ],
            [
              10.42799609375,
              63.40783203125
            ],
            [
              10.42799609375,
              63.408
            ],
            [
              10.426,
              63.408
            ]
          ]
        ]
      },
      "properties": {
        "source": "cv_detection",
        "area_m2": 12097.965774912307,
        "tile_id": "tile_0019",
        "status": "historical_only",
        "note": "Detected on historical map but no OSM match - potentially demolished"
      }
    },
    {
      "type": "Feature",
      "geometry": {
        "type": "Polygon",
        "coordinates": [
          [
            [
              10.4039453125,
              63.42232421875
            ],
            [
              10.40396484375,
              63.422164062499995
            ],
            [
              10.4037890625,
              63.42215234375
            ],
            [
              10.40380078125,
              63.4220703125
            ],
            [
              10.4039765625,
              63.422078125
            ],
            [
              10.40399609375,
              63.42200390625
            ],
            [
              10.40399609375,
              63.42232421875
            ],
            [
              10.4039453125,
              63.42232421875
            ]
          ]
        ]
      },
      "properties": {
        "source": "cv_detection",
        "area_m2": 134.24872108645147,
        "tile_id": "tile_0020",
        "status": "historical_only",
        "note": "Detected on historical map but no OSM match - potentially demolished"
      }
    },
    {
      "type": "Feature",
      "geometry": {
        "type": "Polygon",
        "coordinates": [
          [
            [
              10.416,
              63.43034375
            ],
            [
              10.416,
              63.430015625
            ],
            [
              10.41604296875,
              63.430015625
            ],
            [
              10.416046875000001,
              63.43000390625
            ],
            [
              10.416781250000001,
              63.43000390625
            ],
            [
              10.41677734375,
              63.43003515625
            ],
            [
              10.416597656250001,
              63.43003515625
            ],
            [
              10.4165546875,
              63.43028125
            ],
            [
              10.416371093750001,
              63.43027734375
            ],
            [
              10.41633203125,
              63.43051953125
            ],
            [
              10.416152343750001,
              63.430515625
            ],
            [
              10.416171875,
              63.43035546875
            ],
            [
              10.416,
              63.43034375
            ]
          ]
        ]
      },
      "properties": {
        "source": "cv_detection",
        "area_m2": 1218.160520796987,
        "tile_id": "tile_0026",
        "status": "historical_only",
        "note": "Detected on historical map but no OSM match - potentially demolished"
      }
    },
    {
      "type": "Feature",
      "geometry": {
        "type": "Polygon",
        "coordinates": [
          [
            [
              10.408,
              63.42817578125
            ],
            [
              10.408,
              63.42800390625
            ],
            [
              10.408398437499999,
              63.42800390625
            ],
            [
              10.40839453125,
              63.428027343749996
            ],
            [
              10.40821875,
              63.428019531249994
            ],
            [
              10.40819921875,
              63.4281015625
            ],
            [
              10.40801953125,
              63.428097656249996
            ],
            [
              10.408,
              63.42817578125
            ]
          ]
        ]
      },
      "properties": {
        "source": "cv_detection",
        "area_m2": 134.34676643753002,
        "tile_id": "tile_0031",
        "status": "historical_only",
        "note": "Detected on historical map but no OSM match - potentially demolished"
      }
    },
    {
      "type": "Feature",
      "geometry": {
        "type": "Polygon",
        "coordinates": [
          [
            [
              10.40999609375,
              63.42915234375
            ],
            [
              10.409890625000001,
              63.4291484375
            ],
            [
              10.40989453125,
              63.42906640625
            ],
            [
              10.40971875,
              63.4290625
            ],
            [
              10.40972265625,
              63.42898046875
            ],
            [
              10.409546875,
              63.4289765625
            ],
            [
              10.40955078125,
              63.428890625
            ],
            [
              10.4093828125,
              63.42888671875
            ],
            [
              10.4093828125,
              63.42880078125
            ],
            [
              10.40920703125,
              63.428796874999996
            ],
            [
              10.40922265625,
              63.42863671875
            ],
            [
              10.409046875,
              63.42862890625
            ],
            [
              10.40906640625,
              63.42846484375
            ],
            [
              10.408890625,
              63.428453125
            ],
            [
              10.4089140625,
              63.42829296875
            ],
            [
              10.40909765625,
              63.42829296875
            ],
            [
              10.40913671875,
              63.42805078125
            ],
            [
              10.40931640625,
              63.428058593749995
            ],
            [
              10.409328125,
              63.42800390625
            ],
            [
              10.40999609375,
              63.42800390625
            ],
            [
              10.40999609375,
              63.42915234375
            ]
          ]
        ]
      },
      "properties": {
        "source": "cv_detection",
        "area_m2": 4663.5778318084385,
        "tile_id": "tile_0031",
        "status": "historical_only",
        "note": "Detected on historical map but no OSM match - potentially demolished"
      }
    },
    {
      "type": "Feature",
      "geometry": {
        "type": "Polygon",
        "coordinates": [
          [
            [
              10.36399609375,
              63.40609375
            ],
            [
              10.36398046875,
              63.40609375
            ],
            [
              10.363984375000001,
              63.40601171875
            ],
            [
              10.36383203125,
              63.40600390625
            ],
            [
              10.36399609375,
              63.40600390625
            ],
            [
              10.36399609375,
              63.40609375
            ]
          ]
        ]
      },
      "properties": {
        "source": "cv_detection",
        "area_m2": 9.973278683297432,
        "tile_id": "tile_0032",
        "status": "historical_only",
        "note": "Detected on historical map but no OSM match - potentially demolished"
      }
    },
    {
      "type": "Feature",
      "geometry": {
        "type": "Polygon",
        "coordinates": [
          [
            [
              10.36399609375,
              63.4065078125
            ],
            [
              10.363914062500001,
              63.4065078125
            ],
            [
              10.36391796875,
              63.40642578125
            ],
            [
              10.363742187500002,
              63.40641796875
            ],
            [
              10.36374609375,
              63.406335937499996
            ],
            [
              10.3635703125,
              63.40633203125
            ],
            [
              10.363578125,
              63.40625390625
            ],
            [
              10.363566406250001,
              63.40624609375
            ],
            [
              10.3633984375,
              63.4062421875
            ],
            [
              10.36340234375,
              63.406160156249996
            ],
            [
              10.363226562500001,
              63.40615234375
            ],
            [
              10.363234375000001,
              63.4060703125
            ],
            [
              10.3630546875,
              63.40606640625
            ],
            [
              10.3630625,
              63.40600390625
            ],
            [
              10.363800781250001,
              63.40600390625
            ],
            [
              10.363792968750001,
              63.40609375
            ],
            [
              10.36397265625,
              63.40609765625
            ],
            [
              10.36396484375,
              63.40617578125
            ],
            [
              10.36399609375,
              63.4061796875
            ],
            [
              10.36399609375,
              63.4065078125
            ]
          ]
        ]
      },
      "properties": {
        "source": "cv_detection",
        "area_m2": 1249.353041464561,
        "tile_id": "tile_0032",
        "status": "historical_only",
        "note": "Detected on historical map but no OSM match - potentially demolished"
      }
    },
    {
      "type": "Feature",
      "geometry": {
        "type": "Polygon",
        "coordinates": [
          [
            [
              10.363898437500001,
              63.40775
            ],
            [
              10.363906250000001,
              63.40767578125
            ],
            [
              10.36399609375,
              63.40767578125
            ],
            [
              10.36399609375,
              63.40775390625
            ],
            [
              10.363898437500001,
              63.40775
            ]
          ]
        ]
      },
      "properties": {
        "source": "cv_detection",
        "area_m2": 39.430219941929266,
        "tile_id": "tile_0032",
        "status": "historical_only",
        "note": "Detected on historical map but no OSM match - potentially demolished"
      }
    },
    {
      "type": "Feature",
      "geometry": {
        "type": "Polygon",
        "coordinates": [
          [
            [
              10.42358984375,
              63.4280078125
            ],
            [
              10.423546875,
              63.428015625
            ],
            [
              10.423246093749999,
              63.42800390625
            ],
            [
              10.42358984375,
              63.4280078125
            ]
          ]
        ]
      },
      "properties": {
        "source": "cv_detection",
        "area_m2": 7.8631753771406805,
        "tile_id": "tile_0033",
        "status": "historical_only",
        "note": "Detected on historical map but no OSM match - potentially demolished"
      }
    },
    {
      "type": "Feature",
      "geometry": {
        "type": "Polygon",
        "coordinates": [
          [
            [
              10.416,
              63.43590625
            ],
            [
              10.4160234375,
              63.43590625
            ],
            [
              10.41601953125,
              63.43598828125
            ],
            [
              10.41619921875,
              63.436
            ],
            [
              10.416,
              63.436
            ],
            [
              10.416,
              63.43590625
            ]
          ]
        ]
      },
      "properties": {
        "source": "cv_detection",
        "area_m2": 16.774064491968737,
        "tile_id": "tile_0034",
        "status": "historical_only",
        "note": "Detected on historical map but no OSM match - potentially demolished"
      }
    },
    {
      "type": "Feature",
      "geometry": {
        "type": "Polygon",
        "coordinates": [
          [
            [
              10.357999999999999,
              63.414
            ],
            [
              10.357999999999999,
              63.41220703125
            ],
            [
              10.3583515625,
              63.41222265625
            ],
            [
              10.358332031249999,
              63.4123828125
            ],
            [
              10.3585078125,
              63.412390625
            ],
            [
              10.358488281249999,
              63.4125546875
            ],
            [
              10.35866796875,
              63.4125625
            ],
            [
              10.358628906249999,
              63.4128046875
            ],
            [
              10.35844921875,
              63.41280078125
            ],
            [
              10.358433593749998,
              63.4128828125
            ],
            [
              10.35861328125,
              63.412894531250004
            ],
            [
              10.35860546875,
              63.41298046875
            ],
            [
              10.35878125,
              63.412984375
            ],
            [
              10.358730468749998,
              63.41330859375
            ],
            [
              10.358550781249999,
              63.4133046875
            ],
            [
              10.35853515625,
              63.41338671875
            ],
            [
              10.358355468749998,
              63.413382812500004
            ],
            [
              10.358339843749999,
              63.4134609375
            ],
            [
              10.358539062499998,
              63.4134765625
            ],
            [
              10.35907421875,
              63.413488281250004
            ],
            [
              10.359089843749999,
              63.41341015625
            ],
            [
              10.359273437499999,
              63.4134140625
            ],
            [
              10.359289062499998,
              63.41333203125
            ],
            [
              10.35946875,
              63.4133359375
            ],
            [
              10.35948828125,
              63.41325390625
            ],
            [
              10.359664062499998,
              63.4132578125
            ],
            [
              10.359734374999999,
              63.41284765625
            ],
            [
              10.3595546875,
              63.4128359375
            ],
            [
              10.3595625,
              63.41275390625
            ],
            [
              10.3593828125,
              63.41275
            ],
            [
              10.359386718749999,
              63.41266796875
            ],
            [
              10.35921484375,
              63.4126640625
            ],
            [
              10.359210937499999,
              63.412578125
            ],
            [
              10.359039062499999,
              63.41257421875
            ],
            [
              10.35905078125,
              63.4124921875
            ],
            [
              10.358871093749999,
              63.412484375
            ],
            [
              10.358871093749999,
              63.4123984375
            ],
            [
              10.358703124999998,
              63.41239453125
            ],
            [
              10.358722656249999,
              63.412234375
            ],
            [
              10.35854296875,
              63.4122265625
            ],
            [
              10.3585625,
              63.4120625
            ],
            [
              10.35838671875,
              63.412054687499996
            ],
            [
              10.358390624999998,
              63.41200390625
            ],
            [
              10.3593125,
              63.41200390625
            ],
            [
              10.35927734375,
              63.41225
            ],
            [
              10.359457031249999,
              63.4122578125
            ],
            [
              10.35944921875,
              63.412335937499996
            ],
            [
              10.359480468749998,
              63.41234375
            ],
            [
              10.359628906249998,
              63.41234765625
            ],
            [
              10.35964453125,
              63.412265624999996
            ],
            [
              10.35982421875,
              63.41226953125
            ],
            [
              10.359859375,
              63.41210546875
            ],
            [
              10.359996093749999,
              63.412109375
            ],
            [
              10.359996093749999,
              63.413765625
            ],
            [
              10.35995703125,
              63.413769531250004
            ],
            [
              10.35994140625,
              63.41384765625
            ],
            [
              10.359761718749999,
              63.41384375
            ],
            [
              10.35974609375,
              63.413921875
            ],
            [
              10.358640625,
              63.413890625
            ],
            [
              10.358624999999998,
              63.41396875
            ],
            [
              10.358261718749999,
              63.41395703125
            ],
            [
              10.358253906249999,
              63.414
            ],
            [
              10.357999999999999,
              63.414
            ]
          ]
        ]
      },
      "properties": {
        "source": "cv_detection",
        "area_m2": 14359.989689629141,
        "tile_id": "tile_0035",
        "status": "historical_only",
        "note": "Detected on historical map but no OSM match - potentially demolished"
      }
    },
    {
      "type": "Feature",
      "geometry": {
        "type": "Polygon",
        "coordinates": [
          [
            [
              10.427999999999999,
              63.408
            ],
            [
              10.427999999999999,
              63.40783203125
            ],
            [
              10.42810546875,
              63.40783203125
            ],
            [
              10.428144531249998,
              63.407609375
            ],
            [
              10.428140625,
              63.4075859375
            ],
            [
              10.427999999999999,
              63.40758203125
            ],
            [
              10.427999999999999,
              63.40658984375
            ],
            [
              10.42830078125,
              63.40659765625
            ],
            [
              10.42833203125,
              63.4064375
            ],
            [
              10.428511718749998,
              63.406441406249996
            ],
            [
              10.428539062499999,
              63.406300781249996
            ],
            [
              10.42853515625,
              63.40626953125
            ],
            [
              10.428359375,
              63.406265624999996
            ],
            [
              10.4283671875,
              63.4061796875
            ],
            [
              10.428191406249999,
              63.40617578125
            ],
            [
              10.4281953125,
              63.40609375
            ],
            [
              10.42801953125,
              63.406089843749996
            ],
            [
              10.42802734375,
              63.40601171875
            ],
            [
              10.427999999999999,
              63.40600390625
            ],
            [
              10.429324218749999,
              63.40600390625
            ],
            [
              10.429324218749999,
              63.40605078125
            ],
            [
              10.4296875,
              63.40605859375
            ],
            [
              10.429691406249999,
              63.40600390625
            ],
            [
              10.429996093749999,
              63.40600390625
            ],
            [
              10.429996093749999,
              63.40773046875
            ],
            [
              10.42979296875,
              63.40772265625
            ],
            [
              10.429812499999999,
              63.407558593750004
            ],
            [
              10.42963671875,
              63.40755078125
            ],
            [
              10.42966796875,
              63.40730859375
            ],
            [
              10.4294921875,
              63.407296875
            ],
            [
              10.42953515625,
              63.40697265625
            ],
            [
              10.429359374999999,
              63.4069609375
            ],
            [
              10.4293984375,
              63.40671484375
            ],
            [
              10.42976171875,
              63.4067265625
            ],
            [
              10.42978515625,
              63.4065625
            ],
            [
              10.429238281249999,
              63.40654296875
            ],
            [
              10.42922265625,
              63.40662109375
            ],
            [
              10.428859375,
              63.40661328125
            ],
            [
              10.42883984375,
              63.4066953125
            ],
            [
              10.428660156249999,
              63.40669140625
            ],
            [
              10.42862890625,
              63.4068515625
            ],
            [
              10.4284453125,
              63.40685546875
            ],
            [
              10.428398437499999,
              63.40714453125
            ],
            [
              10.42840234375,
              63.40718359375
            ],
            [
              10.428574218749999,
              63.40719140625
            ],
            [
              10.42855859375,
              63.4073515625
            ],
            [
              10.428734375,
              63.407359375
            ],
            [
              10.4287265625,
              63.4074375
            ],
            [
              10.428738281249998,
              63.4074453125
            ],
            [
              10.42890234375,
              63.40744921875
            ],
            [
              10.428886718749999,
              63.40761328125
            ],
            [
              10.429062499999999,
              63.4076171875
            ],
            [
              10.42905859375,
              63.407699218750004
            ],
            [
              10.42941796875,
              63.40771484375
            ],
            [
              10.4294140625,
              63.407796875
            ],
            [
              10.4297734375,
              63.40780859375
            ],
            [
              10.429769531249999,
              63.407890625
            ],
            [
              10.429996093749999,
              63.40789453125
            ],
            [
              10.429996093749999,
              63.408
            ],
            [
              10.427999999999999,
              63.408
            ]
          ]
        ]
      },
      "properties": {
        "source": "cv_detection",
        "area_m2": 14517.390604501265,
        "tile_id": "tile_0037",
        "status": "historical_only",
        "note": "Detected on historical map but no OSM match - potentially demolished"
      }
    },
    {
      "type": "Feature",
      "geometry": {
        "type": "Polygon",
        "coordinates": [
          [
            [
              10.445996093749999,
              63.43404296875
            ],
            [
              10.44578515625,
              63.43403515625
            ],
            [
              10.4457890625,
              63.43400390625
            ],
            [
              10.445996093749999,
              63.43400390625
            ],
            [
              10.445996093749999,
              63.43404296875
            ]
          ]
        ]
      },
      "properties": {
        "source": "cv_detection",
        "area_m2": 40.52681245456523,
        "tile_id": "tile_0039",
        "status": "historical_only",
        "note": "Detected on historical map but no OSM match - potentially demolished"
      }
    },
    {
      "type": "Feature",
      "geometry": {
        "type": "Polygon",
        "coordinates": [
          [
            [
              10.445839843749999,
              63.436
            ],
            [
              10.44586328125,
              63.4358671875
            ],
            [
              10.445996093749999,
              63.43587109375
            ],
            [
              10.445996093749999,
              63.436
            ],
            [
              10.445839843749999,
              63.436
            ]
          ]
        ]
      },
      "properties": {
        "source": "cv_detection",
        "area_m2": 104.34392999033449,
        "tile_id": "tile_0039",
        "status": "historical_only",
        "note": "Detected on historical map but no OSM match - potentially demolished"
      }
    },
    {
      "type": "Feature",
      "geometry": {
        "type": "Polygon",
        "coordinates": [
          [
            [
              10.41799609375,
              63.415058593750004
            ],
            [
              10.417886718750001,
              63.4150546875
            ],
            [
              10.41791015625,
              63.414894531250006
            ],
            [
              10.41799609375,
              63.4148984375
            ],
            [
              10.41799609375,
              63.415058593750004
            ]
          ]
        ]
      },
      "properties": {
        "source": "cv_detection",
        "area_m2": 86.49511352363712,
        "tile_id": "tile_0040",
        "status": "historical_only",
        "note": "Detected on historical map but no OSM match - potentially demolished"
      }
    },
    {
      "type": "Feature",
      "geometry": {
        "type": "Polygon",
        "coordinates": [
          [
            [
              10.402,
              63.426
            ],
            [
              10.402,
              63.42400390625
            ],
            [
              10.40255859375,
              63.42400390625
            ],
            [
              10.402554687499999,
              63.424019531249996
            ],
            [
              10.40237109375,
              63.424019531249996
            ],
            [
              10.4023359375,
              63.42426171875
            ],
            [
              10.402355468749999,
              63.42426953125
            ],
            [
              10.402511718749999,
              63.4242734375
            ],
            [
              10.402496093749999,
              63.4244375
            ],
            [
              10.40322265625,
              63.4244609375
            ],
            [
              10.403218749999999,
              63.42454296875
            ],
            [
              10.403578125,
              63.4245546875
            ],
            [
              10.40355859375,
              63.424718750000004
            ],
            [
              10.40373828125,
              63.4247265625
            ],
            [
              10.40372265625,
              63.424890625
            ],
            [
              10.40399609375,
              63.4248984375
            ],
            [
              10.40399609375,
              63.42580859375
            ],
            [
              10.4037578125,
              63.425800781250004
            ],
            [
              10.40376171875,
              63.42571875
            ],
            [
              10.40358984375,
              63.4257109375
            ],
            [
              10.403621093749999,
              63.42546875
            ],
            [
              10.40344140625,
              63.4254609375
            ],
            [
              10.4034609375,
              63.425296875
            ],
            [
              10.40328515625,
              63.4252890625
            ],
            [
              10.403328125,
              63.424964843750004
            ],
            [
              10.40315234375,
              63.424953125
            ],
            [
              10.403171875,
              63.424828125
            ],
            [
              10.40316796875,
              63.42478515625
            ],
            [
              10.40299609375,
              63.42478125
            ],
            [
              10.402999999999999,
              63.42469921875
            ],
            [
              10.402269531249999,
              63.42467578125
            ],
            [
              10.4022734375,
              63.42459375
            ],
            [
              10.40209765625,
              63.42458984375
            ],
            [
              10.402058593749999,
              63.42483203125
            ],
            [
              10.40223828125,
              63.42484375
            ],
            [
              10.40221875,
              63.42500390625
            ],
            [
              10.40239453125,
              63.425015625
            ],
            [
              10.40237890625,
              63.4251796875
            ],
            [
              10.40255078125,
              63.42518359375
            ],
            [
              10.40251953125,
              63.4254296875
            ],
            [
              10.402695312499999,
              63.4254375
            ],
            [
              10.4026640625,
              63.42568359375
            ],
            [
              10.40283984375,
              63.42569140625
            ],
            [
              10.402796875,
              63.426
            ],
            [
              10.402,
              63.426
            ]
          ]
        ]
      },
      "properties": {
        "source": "cv_detection",
        "area_m2": 9989.687312886994,
        "tile_id": "tile_0041",
        "status": "historical_only",
        "note": "Detected on historical map but no OSM match - potentially demolished"
      }
    },
    {
      "type": "Feature",
      "geometry": {
        "type": "Polygon",
        "coordinates": [
          [
            [
              10.427999999999999,
              63.4143828125
            ],
            [
              10.427999999999999,
              63.41400390625
            ],
            [
              10.428417968749999,
              63.41400390625
            ],
            [
              10.42839453125,
              63.4141484375
            ],
            [
              10.4282109375,
              63.4141484375
            ],
            [
              10.42816796875,
              63.414390625
            ],
            [
              10.427999999999999,
              63.4143828125
            ]
          ]
        ]
      },
      "properties": {
        "source": "cv_detection",
        "area_m2": 573.156335921137,
        "tile_id": "tile_0042",
        "status": "historical_only",
        "note": "Detected on historical map but no OSM match - potentially demolished"
      }
    },
    {
      "type": "Feature",
      "geometry": {
        "type": "Polygon",
        "coordinates": [
          [
            [
              10.362,
              63.409128906250004
            ],
            [
              10.362,
              63.40894140625
            ],
            [
              10.36202734375,
              63.40894140625
            ],
            [
              10.362,
              63.409128906250004
            ]
          ]
        ]
      },
      "properties": {
        "source": "cv_detection",
        "area_m2": 14.138345929833392,
        "tile_id": "tile_0044",
        "status": "historical_only",
        "note": "Detected on historical map but no OSM match - potentially demolished"
      }
    },
    {
      "type": "Feature",
      "geometry": {
        "type": "Polygon",
        "coordinates": [
          [
            [
              10.362,
              63.4091875
            ],
            [
              10.362171875,
              63.40919140625
            ],
            [
              10.36215625,
              63.409359375
            ],
            [
              10.36233203125,
              63.40936328125
            ],
            [
              10.36226953125,
              63.40974609375
            ],
            [
              10.3622734375,
              63.40977734375
            ],
            [
              10.362449218750001,
              63.40978125
            ],
            [
              10.36246484375,
              63.409703125
            ],
            [
              10.362828125,
              63.40971484375
            ],
            [
              10.36280859375,
              63.40987500000001
            ],
            [
              10.36298828125,
              63.4098828125
            ],
            [
              10.362984375,
              63.409964843750004
            ],
            [
              10.36316015625,
              63.409968750000004
            ],
            [
              10.363171875,
              63.409929687500004
            ],
            [
              10.36316796875,
              63.40988671875
            ],
            [
              10.36299609375,
              63.40987890625
            ],
            [
              10.36300390625,
              63.409800781250006
            ],
            [
              10.3631875,
              63.40980859375
            ],
            [
              10.36318359375,
              63.409890625
            ],
            [
              10.363539062500001,
              63.409902343750005
            ],
            [
              10.36353515625,
              63.409984375
            ],
            [
              10.363687500000001,
              63.40998828125
            ],
            [
              10.3637109375,
              63.410000000000004
            ],
            [
              10.362046875,
              63.410000000000004
            ],
            [
              10.3620546875,
              63.409937500000005
            ],
            [
              10.362,
              63.409933593750004
            ],
            [
              10.362,
              63.4091875
            ]
          ]
        ]
      },
      "properties": {
        "source": "cv_detection",
        "area_m2": 2411.976568537155,
        "tile_id": "tile_0044",
        "status": "historical_only",
        "note": "Detected on historical map but no OSM match - potentially demolished"
      }
    },
    {
      "type": "Feature",
      "geometry": {
        "type": "Polygon",
        "coordinates": [
          [
            [
              10.425796875,
              63.42
            ],
            [
              10.42581640625,
              63.41987890625
            ],
            [
              10.42599609375,
              63.4198828125
            ],
            [
              10.42599609375,
              63.42
            ],
            [
              10.425796875,
              63.42
            ]
          ]
        ]
      },
      "properties": {
        "source": "cv_detection",
        "area_m2": 124.55073113011274,
        "tile_id": "tile_0046",
        "status": "historical_only",
        "note": "Detected on historical map but no OSM match - potentially demolished"
      }
    },
    {
      "type": "Feature",
      "geometry": {
        "type": "Polygon",
        "coordinates": [
          [
            [
              10.427999999999999,
              63.428000000000004
            ],
            [
              10.427999999999999,
              63.42774609375
            ],
            [
              10.42807421875,
              63.42774609375
            ],
            [
              10.428035156249999,
              63.428000000000004
            ],
            [
              10.427999999999999,
              63.428000000000004
            ]
          ]
        ]
      },
      "properties": {
        "source": "cv_detection",
        "area_m2": 76.53464153446629,
        "tile_id": "tile_0047",
        "status": "historical_only",
        "note": "Detected on historical map but no OSM match - potentially demolished"
      }
    },
    {
      "type": "Feature",
      "geometry": {
        "type": "Polygon",
        "coordinates": [
          [
            [
              10.44796484375,
              63.418
            ],
            [
              10.44797265625,
              63.41794140625
            ],
            [
              10.44799609375,
              63.41793359375
            ],
            [
              10.44799609375,
              63.418
            ],
            [
              10.44796484375,
              63.418
            ]
          ]
        ]
      },
      "properties": {
        "source": "cv_detection",
        "area_m2": 9.338801491998213,
        "tile_id": "tile_0048",
        "status": "historical_only",
        "note": "Detected on historical map but no OSM match - potentially demolished"
      }
    },
    {
      "type": "Feature",
      "geometry": {
        "type": "Polygon",
        "coordinates": [
          [
            [
              10.446,
              63.418
            ],
            [
              10.446,
              63.417949218749996
            ],
            [
              10.44630078125,
              63.4179609375
            ],
            [
              10.446296875,
              63.418
            ],
            [
              10.446,
              63.418
            ]
          ]
        ]
      },
      "properties": {
        "source": "cv_detection",
        "area_m2": 74.07941184234737,
        "tile_id": "tile_0048",
        "status": "historical_only",
        "note": "Detected on historical map but no OSM match - potentially demolished"
      }
    },
    {
      "type": "Feature",
      "geometry": {
        "type": "Polygon",
        "coordinates": [
          [
            [
              10.36588671875,
              63.41719140625
            ],
            [
              10.36589453125,
              63.417113281249996
            ],
            [
              10.365996093749999,
              63.4171171875
            ],
            [
              10.365996093749999,
              63.4171953125
            ],
            [
              10.36588671875,
              63.41719140625
            ]
          ]
        ]
      },
      "properties": {
        "source": "cv_detection",
        "area_m2": 45.516140608088016,
        "tile_id": "tile_0052",
        "status": "historical_only",
        "note": "Detected on historical map but no OSM match - potentially demolished"
      }
    },
    {
      "type": "Feature",
      "geometry": {
        "type": "Polygon",
        "coordinates": [
          [
            [
              10.42799609375,
              63.406
            ],
            [
              10.427843750000001,
              63.406
            ],
            [
              10.4278515625,
              63.405917968749996
            ],
            [
              10.427496093750001,
              63.40590234375
            ],
            [
              10.427496093750001,
              63.4058203125
            ],
            [
              10.427320312500001,
              63.40581640625
            ],
            [
              10.427328125,
              63.405734375
            ],
            [
              10.42715234375,
              63.4057265625
            ],
            [
              10.42716796875,
              63.405562499999995
            ],
            [
              10.4269921875,
              63.40555859375
            ],
            [
              10.427,
              63.40548046875
            ],
            [
              10.4268203125,
              63.40546875
            ],
            [
              10.426824218750001,
              63.405386718749995
            ],
            [
              10.42646875,
              63.405375
            ],
            [
              10.42647265625,
              63.40529296875
            ],
            [
              10.426,
              63.40527734375
            ],
            [
              10.426,
              63.404867187499995
            ],
            [
              10.42635546875,
              63.404875
            ],
            [
              10.426371093750001,
              63.404796874999995
            ],
            [
              10.4265546875,
              63.404800781249996
            ],
            [
              10.4265703125,
              63.404734375
            ],
            [
              10.42656640625,
              63.40471484375
            ],
            [
              10.426203125,
              63.404703125
            ],
            [
              10.42618359375,
              63.40478515625
            ],
            [
              10.426,
              63.40477734375
            ],
            [
              10.426,
              63.40400390625
            ],
            [
              10.427050781250001,
              63.40400390625
            ],
            [
              10.4270390625,
              63.404066406249996
            ],
            [
              10.426675781250001,
              63.40405468749999
            ],
            [
              10.42666015625,
              63.404136718749996
            ],
            [
              10.4272109375,
              63.40415625
            ],
            [
              10.427226562500001,
              63.40407421875
            ],
            [
              10.42758984375,
              63.4040859375
            ],
            [
              10.42760546875,
              63.40400390625
            ],
            [
              10.42799609375,
              63.40400390625
            ],
            [
              10.42799609375,
              63.404757812499994
            ],
            [
              10.42767578125,
              63.40475390625
            ],
            [
              10.42766015625,
              63.404832031249995
            ],
            [
              10.4274765625,
              63.404828124999995
            ],
            [
              10.427460937500001,
              63.40491015625
            ],
            [
              10.42728125,
              63.404906249999996
            ],
            [
              10.42725390625,
              63.40506640625
            ],
            [
              10.427277343750001,
              63.405074218749995
            ],
            [
              10.427433593750001,
              63.405078124999996
            ],
            [
              10.427425781250001,
              63.40516015625
            ],
            [
              10.427601562500001,
              63.40516796875
            ],
            [
              10.42759765625,
              63.405249999999995
            ],
            [
              10.4277734375,
              63.405253906249996
            ],
            [
              10.42776953125,
              63.40533984375
            ],
            [
              10.4279453125,
              63.40534375
            ],
            [
              10.4279375,
              63.405421874999995
            ],
            [
              10.42799609375,
              63.405429687499996
            ],
            [
              10.42799609375,
              63.406
            ]
          ]
        ]
      },
      "properties": {
        "source": "cv_detection",
        "area_m2": 14966.137463479385,
        "tile_id": "tile_0054",
        "status": "historical_only",
        "note": "Detected on historical map but no OSM match - potentially demolished"
      }
    },
    {
      "type": "Feature",
      "geometry": {
        "type": "Polygon",
        "coordinates": [
          [
            [
              10.432,
              63.404
            ],
            [
              10.432,
              63.4036484375
            ],
            [
              10.4321015625,
              63.403652343750004
            ],
            [
              10.4321015625,
              63.403734375000006
            ],
            [
              10.432273437500001,
              63.40373828125
            ],
            [
              10.432234375,
              63.404
            ],
            [
              10.432,
              63.404
            ]
          ]
        ]
      },
      "properties": {
        "source": "cv_detection",
        "area_m2": 417.67349985136843,
        "tile_id": "tile_0055",
        "status": "historical_only",
        "note": "Detected on historical map but no OSM match - potentially demolished"
      }
    },
    {
      "type": "Feature",
      "geometry": {
        "type": "Polygon",
        "coordinates": [
          [
            [
              10.424,
              63.43
            ],
            [
              10.424,
              63.429859375
            ],
            [
              10.42402734375,
              63.429859375
            ],
            [
              10.42401171875,
              63.43
            ],
            [
              10.424,
              63.43
            ]
          ]
        ]
      },
      "properties": {
        "source": "cv_detection",
        "area_m2": 15.137663824892895,
        "tile_id": "tile_0057",
        "status": "historical_only",
        "note": "Detected on historical map but no OSM match - potentially demolished"
      }
    },
    {
      "type": "Feature",
      "geometry": {
        "type": "Polygon",
        "coordinates": [
          [
            [
              10.41355859375,
              63.412
            ],
            [
              10.4135703125,
              63.41193359375
            ],
            [
              10.41375,
              63.4119375
            ],
            [
              10.413769531249999,
              63.41185546875
            ],
            [
              10.41394921875,
              63.41186328125
            ],
            [
              10.41396484375,
              63.41178125
            ],
            [
              10.413996093749999,
              63.41178125
            ],
            [
              10.413996093749999,
              63.412
            ],
            [
              10.41355859375,
              63.412
            ]
          ]
        ]
      },
      "properties": {
        "source": "cv_detection",
        "area_m2": 269.5355011931038,
        "tile_id": "tile_0060",
        "status": "historical_only",
        "note": "Detected on historical map but no OSM match - potentially demolished"
      }
    },
    {
      "type": "Feature",
      "geometry": {
        "type": "Polygon",
        "coordinates": [
          [
            [
              10.44,
              63.45367578125
            ],
            [
              10.44,
              63.453515625
            ],
            [
              10.44008203125,
              63.45351953125
            ],
            [
              10.4400546875,
              63.4536796875
            ],
            [
              10.44,
              63.45367578125
            ]
          ]
        ]
      },
      "properties": {
        "source": "cv_detection",
        "area_m2": 60.583966257747406,
        "tile_id": "tile_0064",
        "status": "historical_only",
        "note": "Detected on historical map but no OSM match - potentially demolished"
      }
    },
    {
      "type": "Feature",
      "geometry": {
        "type": "Polygon",
        "coordinates": [
          [
            [
              10.443999999999999,
              63.41971484375
            ],
            [
              10.44416796875,
              63.41971875
            ],
            [
              10.444148437499999,
              63.41987890625
            ],
            [
              10.44432421875,
              63.41988671875
            ],
            [
              10.444312499999999,
              63.42
            ],
            [
              10.443999999999999,
              63.42
            ],
            [
              10.443999999999999,
              63.41971484375
            ]
          ]
        ]
      },
      "properties": {
        "source": "cv_detection",
        "area_m2": 350.5171369448154,
        "tile_id": "tile_0065",
        "status": "historical_only",
        "note": "Detected on historical map but no OSM match - potentially demolished"
      }
    },
    {
      "type": "Feature",
      "geometry": {
        "type": "Polygon",
        "coordinates": [
          [
            [
              10.355996093749999,
              63.411144531249995
            ],
            [
              10.3557578125,
              63.41113671875
            ],
            [
              10.355765625,
              63.41105859375
            ],
            [
              10.355996093749999,
              63.41106640625
            ],
            [
              10.355996093749999,
              63.411144531249995
            ]
          ]
        ]
      },
      "properties": {
        "source": "cv_detection",
        "area_m2": 101.14944502860334,
        "tile_id": "tile_0066",
        "status": "historical_only",
        "note": "Detected on historical map but no OSM match - potentially demolished"
      }
    },
    {
      "type": "Feature",
      "geometry": {
        "type": "Polygon",
        "coordinates": [
          [
            [
              10.354,
              63.41133203125
            ],
            [
              10.354,
              63.411249999999995
            ],
            [
              10.3540703125,
              63.411246093749995
            ],
            [
              10.35409765625,
              63.41108984375
            ],
            [
              10.35408203125,
              63.41108203125
            ],
            [
              10.354,
              63.41108203125
            ],
            [
              10.354,
              63.41091796875
            ],
            [
              10.354125,
              63.41091796875
            ],
            [
              10.35415234375,
              63.410757812499995
            ],
            [
              10.35433203125,
              63.410761718749995
            ],
            [
              10.354359375,
              63.410621093749995
            ],
            [
              10.354355468749999,
              63.41059375
            ],
            [
              10.354,
              63.410585937499995
            ],
            [
              10.354,
              63.41041796875
            ],
            [
              10.354023437499999,
              63.410406249999994
            ],
            [
              10.354031249999998,
              63.410339843749995
            ],
            [
              10.354582031249999,
              63.41035546875
            ],
            [
              10.35459765625,
              63.410277343749996
            ],
            [
              10.35478125,
              63.41028125
            ],
            [
              10.354796875,
              63.410199218749995
            ],
            [
              10.35498046875,
              63.410203124999995
            ],
            [
              10.35499609375,
              63.41012109375
            ],
            [
              10.355175781249999,
              63.410128906249994
            ],
            [
              10.3551953125,
              63.410046875
            ],
            [
              10.35555859375,
              63.41005468749999
            ],
            [
              10.3555703125,
              63.41000390625
            ],
            [
              10.355996093749999,
              63.41000390625
            ],
            [
              10.355996093749999,
              63.410234374999995
            ],
            [
              10.35553515625,
              63.41021875
            ],
            [
              10.35551953125,
              63.410300781249994
            ],
            [
              10.35533984375,
              63.41029296875
            ],
            [
              10.3553203125,
              63.410374999999995
            ],
            [
              10.355140624999999,
              63.410371093749994
            ],
            [
              10.35512109375,
              63.410453125
            ],
            [
              10.35494140625,
              63.410449218749996
            ],
            [
              10.354859375,
              63.41094140625
            ],
            [
              10.35467578125,
              63.410937499999996
            ],
            [
              10.354660156249999,
              63.41101953125
            ],
            [
              10.35448046875,
              63.411015625
            ],
            [
              10.35444921875,
              63.411175781249995
            ],
            [
              10.354269531249999,
              63.411171875
            ],
            [
              10.35425390625,
              63.411253906249996
            ],
            [
              10.3540703125,
              63.411249999999995
            ],
            [
              10.3540546875,
              63.41133203125
            ],
            [
              10.354,
              63.41133203125
            ]
          ]
        ]
      },
      "properties": {
        "source": "cv_detection",
        "area_m2": 4941.4280879328235,
        "tile_id": "tile_0066",
        "status": "historical_only",
        "note": "Detected on historical map but no OSM match - potentially demolished"
      }
    },
    {
      "type": "Feature",
      "geometry": {
        "type": "Polygon",
        "coordinates": [
          [
            [
              10.437999999999999,
              63.44813671875
            ],
            [
              10.437999999999999,
              63.44800390625
            ],
            [
              10.438367187499999,
              63.44800390625
            ],
            [
              10.438359375,
              63.44806640625
            ],
            [
              10.43817578125,
              63.4480625
            ],
            [
              10.43816015625,
              63.44814453125
            ],
            [
              10.437999999999999,
              63.44813671875
            ]
          ]
        ]
      },
      "properties": {
        "source": "cv_detection",
        "area_m2": 191.7359674390812,
        "tile_id": "tile_0067",
        "status": "historical_only",
        "note": "Detected on historical map but no OSM match - potentially demolished"
      }
    },
    {
      "type": "Feature",
      "geometry": {
        "type": "Polygon",
        "coordinates": [
          [
            [
              10.439996093749999,
              63.448203125
            ],
            [
              10.439640625,
              63.448191406250004
            ],
            [
              10.43964453125,
              63.448109375
            ],
            [
              10.439281249999999,
              63.44809765625
            ],
            [
              10.439289062499999,
              63.448015625000004
            ],
            [
              10.43905078125,
              63.44800390625
            ],
            [
              10.439847656249999,
              63.44800390625
            ],
            [
              10.4398515625,
              63.44803515625
            ],
            [
              10.439996093749999,
              63.4480390625
            ],
            [
              10.439996093749999,
              63.448203125
            ]
          ]
        ]
      },
      "properties": {
        "source": "cv_detection",
        "area_m2": 553.357649624088,
        "tile_id": "tile_0067",
        "status": "historical_only",
        "note": "Detected on historical map but no OSM match - potentially demolished"
      }
    },
    {
      "type": "Feature",
      "geometry": {
        "type": "Polygon",
        "coordinates": [
          [
            [
              10.4119609375,
              63.422000000000004
            ],
            [
              10.411968750000002,
              63.421929687500004
            ],
            [
              10.41199609375,
              63.421921875
            ],
            [
              10.41199609375,
              63.422000000000004
            ],
            [
              10.4119609375,
              63.422000000000004
            ]
          ]
        ]
      },
      "properties": {
        "source": "cv_detection",
        "area_m2": 12.702362966183957,
        "tile_id": "tile_0069",
        "status": "historical_only",
        "note": "Detected on historical map but no OSM match - potentially demolished"
      }
    },
    {
      "type": "Feature",
      "geometry": {
        "type": "Polygon",
        "coordinates": [
          [
            [
              10.41029296875,
              63.422000000000004
            ],
            [
              10.410300781250001,
              63.42194921875
            ],
            [
              10.41048046875,
              63.421953125
            ],
            [
              10.41049609375,
              63.421871093750006
            ],
            [
              10.4106796875,
              63.42187500000001
            ],
            [
              10.410703125,
              63.42171484375
            ],
            [
              10.4105234375,
              63.421703125
            ],
            [
              10.41058984375,
              63.421296875
            ],
            [
              10.4107734375,
              63.421296875
            ],
            [
              10.41085546875,
              63.4208046875
            ],
            [
              10.41103125,
              63.42080859375
            ],
            [
              10.4110625,
              63.420648437500006
            ],
            [
              10.41125,
              63.420648437500006
            ],
            [
              10.411269531250001,
              63.42048828125
            ],
            [
              10.41108984375,
              63.42048046875
            ],
            [
              10.41116796875,
              63.42000390625
            ],
            [
              10.41199609375,
              63.42000390625
            ],
            [
              10.41199609375,
              63.420257812500004
            ],
            [
              10.411863281250001,
              63.420261718750005
            ],
            [
              10.41174609375,
              63.420996093750006
            ],
            [
              10.411566406250001,
              63.420992187500005
            ],
            [
              10.411453125000001,
              63.421648437500004
            ],
            [
              10.411277343750001,
              63.42164453125
            ],
            [
              10.41123046875,
              63.421894531250004
            ],
            [
              10.411050781250001,
              63.42188671875
            ],
            [
              10.41102734375,
              63.422000000000004
            ],
            [
              10.41029296875,
              63.422000000000004
            ]
          ]
        ]
      },
      "properties": {
        "source": "cv_detection",
        "area_m2": 8444.547724375587,
        "tile_id": "tile_0069",
        "status": "historical_only",
        "note": "Detected on historical map but no OSM match - potentially demolished"
      }
    },
    {
      "type": "Feature",
      "geometry": {
        "type": "Polygon",
        "coordinates": [
          [
            [
              10.41443359375,
              63.410000000000004
            ],
            [
              10.414,
              63.410000000000004
            ],
            [
              10.414,
              63.4095390625
            ],
            [
              10.4141328125,
              63.40954296875
            ],
            [
              10.41411328125,
              63.4097109375
            ],
            [
              10.4142890625,
              63.40971875
            ],
            [
              10.41426953125,
              63.40987890625
            ],
            [
              10.4144453125,
              63.409890625
            ],
            [
              10.41443359375,
              63.410000000000004
            ]
          ]
        ]
      },
      "properties": {
        "source": "cv_detection",
        "area_m2": 658.9899869146319,
        "tile_id": "tile_0070",
        "status": "historical_only",
        "note": "Detected on historical map but no OSM match - potentially demolished"
      }
    },
    {
      "type": "Feature",
      "geometry": {
        "type": "Polygon",
        "coordinates": [
          [
            [
              10.363999999999999,
              63.43181640625
            ],
            [
              10.363999999999999,
              63.43000390625
            ],
            [
              10.36584375,
              63.43000390625
            ],
            [
              10.36584375,
              63.4300546875
            ],
            [
              10.365996093749999,
              63.43005859375
            ],
            [
              10.365996093749999,
              63.4305546875
            ],
            [
              10.365765625,
              63.430546875
            ],
            [
              10.36578125,
              63.43038671875
            ],
            [
              10.365761718749999,
              63.43037890625
            ],
            [
              10.3656015625,
              63.430375
            ],
            [
              10.365585937499999,
              63.43045703125
            ],
            [
              10.36540625,
              63.430453125
            ],
            [
              10.3654140625,
              63.430375
            ],
            [
              10.365234375,
              63.43036328125
            ],
            [
              10.365238281249999,
              63.43028125
            ],
            [
              10.365062499999999,
              63.43027734375
            ],
            [
              10.365035156249998,
              63.43044140625
            ],
            [
              10.364851562499998,
              63.43043359375
            ],
            [
              10.364875,
              63.4302734375
            ],
            [
              10.364796875,
              63.430265625
            ],
            [
              10.364687499999999,
              63.43026953125
            ],
            [
              10.36466796875,
              63.4304296875
            ],
            [
              10.364484375,
              63.43042578125
            ],
            [
              10.364468749999999,
              63.43050390625
            ],
            [
              10.364285156249998,
              63.4305
            ],
            [
              10.364179687499998,
              63.4311328125
            ],
            [
              10.364183593749999,
              63.43116015625
            ],
            [
              10.364355468749999,
              63.43116796875
            ],
            [
              10.3643515625,
              63.43125390625
            ],
            [
              10.36452734375,
              63.4312578125
            ],
            [
              10.364523437499999,
              63.43133984375
            ],
            [
              10.364886718749998,
              63.431347656250004
            ],
            [
              10.36490234375,
              63.43126953125
            ],
            [
              10.365265625,
              63.43128125
            ],
            [
              10.36526171875,
              63.43136328125
            ],
            [
              10.36580859375,
              63.43137890625
            ],
            [
              10.36582421875,
              63.43130078125
            ],
            [
              10.365996093749999,
              63.4313046875
            ],
            [
              10.365996093749999,
              63.431796875
            ],
            [
              10.364636718749999,
              63.4317578125
            ],
            [
              10.36462109375,
              63.431835937500004
            ],
            [
              10.363999999999999,
              63.43181640625
            ]
          ]
        ]
      },
      "properties": {
        "source": "cv_detection",
        "area_m2": 10886.458220503015,
        "tile_id": "tile_0072",
        "status": "historical_only",
        "note": "Detected on historical map but no OSM match - potentially demolished"
      }
    },
    {
      "type": "Feature",
      "geometry": {
        "type": "Polygon",
        "coordinates": [
          [
            [
              10.419062499999999,
              63.410000000000004
            ],
            [
              10.419070312499999,
              63.409953125
            ],
            [
              10.419253906249999,
              63.409953125
            ],
            [
              10.4193359375,
              63.40946484375
            ],
            [
              10.41999609375,
              63.409484375000005
            ],
            [
              10.41999609375,
              63.410000000000004
            ],
            [
              10.419984375,
              63.40998046875001
            ],
            [
              10.419640625,
              63.409964843750004
            ],
            [
              10.4196171875,
              63.409972656250005
            ],
            [
              10.4196171875,
              63.410000000000004
            ],
            [
              10.419062499999999,
              63.410000000000004
            ]
          ]
        ]
      },
      "properties": {
        "source": "cv_detection",
        "area_m2": 2036.552990014702,
        "tile_id": "tile_0073",
        "status": "historical_only",
        "note": "Detected on historical map but no OSM match - potentially demolished"
      }
    },
    {
      "type": "Feature",
      "geometry": {
        "type": "Polygon",
        "coordinates": [
          [
            [
              10.38399609375,
              63.41412890625
            ],
            [
              10.38397265625,
              63.414125
            ],
            [
              10.383976562500001,
              63.414046875000004
            ],
            [
              10.38361328125,
              63.41403125
            ],
            [
              10.38361328125,
              63.41400390625
            ],
            [
              10.38399609375,
              63.41400390625
            ],
            [
              10.38399609375,
              63.41412890625
            ]
          ]
        ]
      },
      "properties": {
        "source": "cv_detection",
        "area_m2": 84.55991156686063,
        "tile_id": "tile_0074",
        "status": "historical_only",
        "note": "Detected on historical map but no OSM match - potentially demolished"
      }
    },
    {
      "type": "Feature",
      "geometry": {
        "type": "Polygon",
        "coordinates": [
          [
            [
              10.383855468750001,
              63.41594921875
            ],
            [
              10.38367578125,
              63.415941406250006
            ],
            [
              10.3836640625,
              63.416000000000004
            ],
            [
              10.3827421875,
              63.416000000000004
            ],
            [
              10.38279296875,
              63.41567578125
            ],
            [
              10.38297265625,
              63.41567578125
            ],
            [
              10.38298828125,
              63.415609375
            ],
            [
              10.38299609375,
              63.4155078125
            ],
            [
              10.38282421875,
              63.4155
            ],
            [
              10.382875,
              63.41517578125
            ],
            [
              10.38305078125,
              63.4151796875
            ],
            [
              10.383078125,
              63.415015625
            ],
            [
              10.38290234375,
              63.4150078125
            ],
            [
              10.3829140625,
              63.414925781250005
            ],
            [
              10.382734375,
              63.414917968750004
            ],
            [
              10.382738281249999,
              63.4148359375
            ],
            [
              10.38237109375,
              63.414824218750006
            ],
            [
              10.38235546875,
              63.41490234375
            ],
            [
              10.382,
              63.414894531250006
            ],
            [
              10.382,
              63.41448046875
            ],
            [
              10.3820546875,
              63.414484375
            ],
            [
              10.3820703125,
              63.414429687500004
            ],
            [
              10.382066406249999,
              63.414398437500004
            ],
            [
              10.382,
              63.414394531250004
            ],
            [
              10.382,
              63.414234375
            ],
            [
              10.38209375,
              63.414234375
            ],
            [
              10.382109374999999,
              63.414171875
            ],
            [
              10.38210546875,
              63.414152343750004
            ],
            [
              10.382,
              63.4141484375
            ],
            [
              10.382,
              63.41400390625
            ],
            [
              10.382890625,
              63.41400390625
            ],
            [
              10.38289453125,
              63.414015625000005
            ],
            [
              10.3830546875,
              63.41401953125
            ],
            [
              10.38305078125,
              63.4141015625
            ],
            [
              10.3832265625,
              63.41410546875
            ],
            [
              10.38322265625,
              63.414191406250005
            ],
            [
              10.38339453125,
              63.4141953125
            ],
            [
              10.38334375,
              63.4145234375
            ],
            [
              10.38298046875,
              63.41451171875
            ],
            [
              10.3829609375,
              63.41459375
            ],
            [
              10.38277734375,
              63.41459765625
            ],
            [
              10.38276171875,
              63.414753906250006
            ],
            [
              10.3829375,
              63.41476171875
            ],
            [
              10.38294921875,
              63.414679687500005
            ],
            [
              10.38331640625,
              63.41469140625
            ],
            [
              10.3833359375,
              63.414609375000005
            ],
            [
              10.38369921875,
              63.4146171875
            ],
            [
              10.38371484375,
              63.414539062500005
            ],
            [
              10.383898437500001,
              63.414542968750006
            ],
            [
              10.3839140625,
              63.4144609375
            ],
            [
              10.38399609375,
              63.414464843750004
            ],
            [
              10.38399609375,
              63.415375000000004
            ],
            [
              10.38394921875,
              63.415378906250005
            ],
            [
              10.38390625,
              63.415621093750005
            ],
            [
              10.38373046875,
              63.41561328125
            ],
            [
              10.38371484375,
              63.41567578125
            ],
            [
              10.38371875,
              63.41569921875001
            ],
            [
              10.383890625000001,
              63.41570703125
            ],
            [
              10.383855468750001,
              63.41594921875
            ]
          ]
        ]
      },
      "properties": {
        "source": "cv_detection",
        "area_m2": 13182.595726162674,
        "tile_id": "tile_0074",
        "status": "historical_only",
        "note": "Detected on historical map but no OSM match - potentially demolished"
      }
    },
    {
      "type": "Feature",
      "geometry": {
        "type": "Polygon",
        "coordinates": [
          [
            [
              10.445996093749999,
              63.45419921875
            ],
            [
              10.4459140625,
              63.45419921875
            ],
            [
              10.445917968749999,
              63.4541171875
            ],
            [
              10.4457421875,
              63.454109375
            ],
            [
              10.44574609375,
              63.45402734375
            ],
            [
              10.4455703125,
              63.4540234375
            ],
            [
              10.4455703125,
              63.45400390625
            ],
            [
              10.445996093749999,
              63.45400390625
            ],
            [
              10.445996093749999,
              63.45419921875
            ]
          ]
        ]
      },
      "properties": {
        "source": "cv_detection",
        "area_m2": 210.18058721552734,
        "tile_id": "tile_0075",
        "status": "historical_only",
        "note": "Detected on historical map but no OSM match - potentially demolished"
      }
    },
    {
      "type": "Feature",
      "geometry": {
        "type": "Polygon",
        "coordinates": [
          [
            [
              10.443999999999999,
              63.456
            ],
            [
              10.443999999999999,
              63.45455859375
            ],
            [
              10.444179687499998,
              63.4545625
            ],
            [
              10.44417578125,
              63.454644531250004
            ],
            [
              10.4443515625,
              63.45465234375
            ],
            [
              10.44433203125,
              63.4548125
            ],
            [
              10.4445078125,
              63.454824218750005
            ],
            [
              10.44447265625,
              63.455066406250005
            ],
            [
              10.444292968749998,
              63.455062500000004
            ],
            [
              10.444261718749999,
              63.45522265625
            ],
            [
              10.44407421875,
              63.45522265625
            ],
            [
              10.44402734375,
              63.45552734375
            ],
            [
              10.44403515625,
              63.455554687500005
            ],
            [
              10.444390624999999,
              63.4555625
            ],
            [
              10.444421875,
              63.45540234375
            ],
            [
              10.444601562499999,
              63.45540625
            ],
            [
              10.4446328125,
              63.455242187500005
            ],
            [
              10.44481640625,
              63.45524609375
            ],
            [
              10.44483984375,
              63.45510546875
            ],
            [
              10.444835937499999,
              63.455078125
            ],
            [
              10.444660156249999,
              63.45507421875
            ],
            [
              10.44470703125,
              63.45474609375
            ],
            [
              10.444531249999999,
              63.454734375
            ],
            [
              10.444574218749999,
              63.45441015625
            ],
            [
              10.444398437499999,
              63.454398437500004
            ],
            [
              10.44441015625,
              63.4543203125
            ],
            [
              10.444589843749998,
              63.45432421875
            ],
            [
              10.444601562499999,
              63.45424609375
            ],
            [
              10.444425781249999,
              63.45423828125
            ],
            [
              10.444425781249999,
              63.45415234375
            ],
            [
              10.444249999999998,
              63.4541484375
            ],
            [
              10.444234374999999,
              63.454226562500004
            ],
            [
              10.443999999999999,
              63.45422265625
            ],
            [
              10.443999999999999,
              63.45400390625
            ],
            [
              10.444085937499999,
              63.45400390625
            ],
            [
              10.444078124999999,
              63.4540546875
            ],
            [
              10.444101562499998,
              63.4540625
            ],
            [
              10.4444453125,
              63.4540703125
            ],
            [
              10.44445703125,
              63.45400390625
            ],
            [
              10.4451953125,
              63.45400390625
            ],
            [
              10.44516015625,
              63.4542578125
            ],
            [
              10.44533984375,
              63.454265625
            ],
            [
              10.4453359375,
              63.4543515625
            ],
            [
              10.44550390625,
              63.45435546875
            ],
            [
              10.4454765625,
              63.4546015625
            ],
            [
              10.445656249999999,
              63.454609375000004
            ],
            [
              10.445621093749999,
              63.454851562500004
            ],
            [
              10.44580078125,
              63.45486328125
            ],
            [
              10.44575,
              63.45519140625
            ],
            [
              10.4455703125,
              63.45518359375
            ],
            [
              10.445550781249999,
              63.45526953125
            ],
            [
              10.44537109375,
              63.45526171875
            ],
            [
              10.44534375,
              63.45542578125
            ],
            [
              10.4457109375,
              63.45544140625
            ],
            [
              10.445726562499999,
              63.455359375
            ],
            [
              10.445996093749999,
              63.4553671875
            ],
            [
              10.445996093749999,
              63.455941406250005
            ],
            [
              10.44582421875,
              63.455937500000005
            ],
            [
              10.445839843749999,
              63.4557734375
            ],
            [
              10.4454765625,
              63.455761718750004
            ],
            [
              10.445437499999999,
              63.456
            ],
            [
              10.443999999999999,
              63.456
            ]
          ]
        ]
      },
      "properties": {
        "source": "cv_detection",
        "area_m2": 14410.288579648333,
        "tile_id": "tile_0075",
        "status": "historical_only",
        "note": "Detected on historical map but no OSM match - potentially demolished"
      }
    },
    {
      "type": "Feature",
      "geometry": {
        "type": "Polygon",
        "coordinates": [
          [
            [
              10.398,
              63.40919140625
            ],
            [
              10.398,
              63.408859375000006
            ],
            [
              10.398140625,
              63.40886328125
            ],
            [
              10.39815234375,
              63.408785156250005
            ],
            [
              10.39813671875,
              63.40877734375
            ],
            [
              10.398,
              63.4087734375
            ],
            [
              10.398,
              63.40852734375
            ],
            [
              10.3981875,
              63.408535156250004
            ],
            [
              10.39815625,
              63.40877734375
            ],
            [
              10.3983359375,
              63.408785156250005
            ],
            [
              10.3983515625,
              63.40870703125
            ],
            [
              10.39853515625,
              63.408710937500004
            ],
            [
              10.39855078125,
              63.40862890625
            ],
            [
              10.39873046875,
              63.40863671875
            ],
            [
              10.39875,
              63.40855078125
            ],
            [
              10.39892578125,
              63.40855859375
            ],
            [
              10.3989609375,
              63.40839453125
            ],
            [
              10.39913671875,
              63.408402343750005
            ],
            [
              10.39915625,
              63.408332031250005
            ],
            [
              10.39915234375,
              63.4083125
            ],
            [
              10.3987890625,
              63.40830078125
            ],
            [
              10.398796875,
              63.40821875
            ],
            [
              10.3984375,
              63.40820703125
            ],
            [
              10.398441406249999,
              63.408125
            ],
            [
              10.398078125,
              63.40811328125
            ],
            [
              10.39809765625,
              63.40800390625
            ],
            [
              10.39919921875,
              63.40800390625
            ],
            [
              10.39918359375,
              63.4081484375
            ],
            [
              10.399359375,
              63.40816015625
            ],
            [
              10.39935546875,
              63.4082421875
            ],
            [
              10.39971875,
              63.40825
            ],
            [
              10.39973828125,
              63.40816796875
            ],
            [
              10.39999609375,
              63.4081796875
            ],
            [
              10.39999609375,
              63.408671875
            ],
            [
              10.39984375,
              63.40866796875
            ],
            [
              10.39984375,
              63.4085859375
            ],
            [
              10.399484375,
              63.408574218750005
            ],
            [
              10.39946875,
              63.40865234375
            ],
            [
              10.3992890625,
              63.408648437500005
            ],
            [
              10.39926953125,
              63.40873046875
            ],
            [
              10.39908984375,
              63.4087265625
            ],
            [
              10.39907421875,
              63.40880859375
            ],
            [
              10.39889453125,
              63.40880078125
            ],
            [
              10.398875,
              63.4088828125
            ],
            [
              10.3986953125,
              63.40887890625
            ],
            [
              10.3986796875,
              63.408960937500005
            ],
            [
              10.3985,
              63.408957031250004
            ],
            [
              10.39848046875,
              63.4090390625
            ],
            [
              10.39830078125,
              63.40903515625
            ],
            [
              10.39828125,
              63.4091171875
            ],
            [
              10.39810546875,
              63.409109375
            ],
            [
              10.3980859375,
              63.40919140625
            ],
            [
              10.398,
              63.40919140625
            ]
          ]
        ]
      },
      "properties": {
        "source": "cv_detection",
        "area_m2": 5551.278462614358,
        "tile_id": "tile_0076",
        "status": "historical_only",
        "note": "Detected on historical map but no OSM match - potentially demolished"
      }
    },
    {
      "type": "Feature",
      "geometry": {
        "type": "Polygon",
        "coordinates": [
          [
            [
              10.42599609375,
              63.438132812499994
            ],
            [
              10.4258671875,
              63.43812890624999
            ],
            [
              10.4258828125,
              63.438003906249996
            ],
            [
              10.42599609375,
              63.438003906249996
            ],
            [
              10.42599609375,
              63.438132812499994
            ]
          ]
        ]
      },
      "properties": {
        "source": "cv_detection",
        "area_m2": 84.78336885400739,
        "tile_id": "tile_0077",
        "status": "historical_only",
        "note": "Detected on historical map but no OSM match - potentially demolished"
      }
    },
    {
      "type": "Feature",
      "geometry": {
        "type": "Polygon",
        "coordinates": [
          [
            [
              10.42599609375,
              63.4387109375
            ],
            [
              10.42595703125,
              63.4387109375
            ],
            [
              10.4259609375,
              63.438628906249996
            ],
            [
              10.425046875,
              63.438597656249996
            ],
            [
              10.425046875,
              63.438515624999994
            ],
            [
              10.42432421875,
              63.438492187499996
            ],
            [
              10.424328124999999,
              63.438410156249994
            ],
            [
              10.424,
              63.4383984375
            ],
            [
              10.424,
              63.438003906249996
            ],
            [
              10.4242109375,
              63.438003906249996
            ],
            [
              10.42419921875,
              63.438074218749996
            ],
            [
              10.424023437499999,
              63.438066406249995
            ],
            [
              10.4240078125,
              63.43812109375
            ],
            [
              10.42401171875,
              63.43815234375
            ],
            [
              10.424554687499999,
              63.438171874999995
            ],
            [
              10.42455078125,
              63.43825390625
            ],
            [
              10.42509375,
              63.438273437499994
            ],
            [
              10.42508984375,
              63.43835546875
            ],
            [
              10.4258203125,
              63.43837499999999
            ],
            [
              10.4258515625,
              63.438214843749996
            ],
            [
              10.42599609375,
              63.43821875
            ],
            [
              10.42599609375,
              63.4387109375
            ]
          ]
        ]
      },
      "properties": {
        "source": "cv_detection",
        "area_m2": 3070.107929839322,
        "tile_id": "tile_0077",
        "status": "historical_only",
        "note": "Detected on historical map but no OSM match - potentially demolished"
      }
    },
    {
      "type": "Feature",
      "geometry": {
        "type": "Polygon",
        "coordinates": [
          [
            [
              10.41247265625,
              63.4361171875
            ],
            [
              10.412292968749998,
              63.43611328125
            ],
            [
              10.412296875,
              63.43603125
            ],
            [
              10.411999999999999,
              63.4360234375
            ],
            [
              10.411999999999999,
              63.43600390625
            ],
            [
              10.412304687499999,
              63.43600390625
            ],
            [
              10.41230859375,
              63.43603515625
            ],
            [
              10.41248046875,
              63.4360390625
            ],
            [
              10.41247265625,
              63.4361171875
            ]
          ]
        ]
      },
      "properties": {
        "source": "cv_detection",
        "area_m2": 118.5032248518103,
        "tile_id": "tile_0079",
        "status": "historical_only",
        "note": "Detected on historical map but no OSM match - potentially demolished"
      }
    },
    {
      "type": "Feature",
      "geometry": {
        "type": "Polygon",
        "coordinates": [
          [
            [
              10.41393359375,
              63.437414062500004
            ],
            [
              10.41356640625,
              63.43740234375
            ],
            [
              10.413578124999999,
              63.43732421875
            ],
            [
              10.41394140625,
              63.4373359375
            ],
            [
              10.41393359375,
              63.437414062500004
            ]
          ]
        ]
      },
      "properties": {
        "source": "cv_detection",
        "area_m2": 157.85016294285705,
        "tile_id": "tile_0079",
        "status": "historical_only",
        "note": "Detected on historical map but no OSM match - potentially demolished"
      }
    },
    {
      "type": "Feature",
      "geometry": {
        "type": "Polygon",
        "coordinates": [
          [
            [
              10.413289062499999,
              63.437976562500005
            ],
            [
              10.41395703125,
              63.438
            ],
            [
              10.413289062499999,
              63.438
            ],
            [
              10.413289062499999,
              63.437976562500005
            ]
          ]
        ]
      },
      "properties": {
        "source": "cv_detection",
        "area_m2": 43.1302975125476,
        "tile_id": "tile_0079",
        "status": "historical_only",
        "note": "Detected on historical map but no OSM match - potentially demolished"
      }
    },
    {
      "type": "Feature",
      "geometry": {
        "type": "Polygon",
        "coordinates": [
          [
            [
              10.411999999999999,
              63.43793359375
            ],
            [
              10.413097656249999,
              63.437972656250004
            ],
            [
              10.41309375,
              63.438
            ],
            [
              10.411999999999999,
              63.438
            ],
            [
              10.411999999999999,
              63.43793359375
            ]
          ]
        ]
      },
      "properties": {
        "source": "cv_detection",
        "area_m2": 283.20547208929713,
        "tile_id": "tile_0079",
        "status": "historical_only",
        "note": "Detected on historical map but no OSM match - potentially demolished"
      }
    },
    {
      "type": "Feature",
      "geometry": {
        "type": "Polygon",
        "coordinates": [
          [
            [
              10.423996093749999,
              63.445453125
            ],
            [
              10.423769531249999,
              63.44544140625
            ],
            [
              10.423777343749999,
              63.4453671875
            ],
            [
              10.42373828125,
              63.445359374999995
            ],
            [
              10.422859375,
              63.44533203125
            ],
            [
              10.4228671875,
              63.445253906249995
            ],
            [
              10.42269140625,
              63.4452421875
            ],
            [
              10.42269921875,
              63.44516796875
            ],
            [
              10.422878906249998,
              63.44516796875
            ],
            [
              10.42289453125,
              63.44508984375
            ],
            [
              10.423265624999999,
              63.44509765625
            ],
            [
              10.423281249999999,
              63.44501953125
            ],
            [
              10.423996093749999,
              63.445039062499994
            ],
            [
              10.423996093749999,
              63.445453125
            ]
          ]
        ]
      },
      "properties": {
        "source": "cv_detection",
        "area_m2": 2021.97706877166,
        "tile_id": "tile_0080",
        "status": "historical_only",
        "note": "Detected on historical map but no OSM match - potentially demolished"
      }
    },
    {
      "type": "Feature",
      "geometry": {
        "type": "Polygon",
        "coordinates": [
          [
            [
              10.421999999999999,
              63.44530859375
            ],
            [
              10.42230078125,
              63.445320312499994
            ],
            [
              10.422296874999999,
              63.445398437499996
            ],
            [
              10.42283984375,
              63.44541796875
            ],
            [
              10.42283203125,
              63.445496093749995
            ],
            [
              10.4230078125,
              63.445503906249996
            ],
            [
              10.4230078125,
              63.44558984375
            ],
            [
              10.4231796875,
              63.44559375
            ],
            [
              10.4231640625,
              63.4457578125
            ],
            [
              10.423996093749999,
              63.44578515625
            ],
            [
              10.423996093749999,
              63.446
            ],
            [
              10.421999999999999,
              63.446
            ],
            [
              10.421999999999999,
              63.44596875
            ],
            [
              10.4221953125,
              63.4459765625
            ],
            [
              10.422214843749998,
              63.44589453125
            ],
            [
              10.422390624999998,
              63.44590234375
            ],
            [
              10.422417968749999,
              63.445773437499994
            ],
            [
              10.4224140625,
              63.445734375
            ],
            [
              10.421999999999999,
              63.44571875
            ],
            [
              10.421999999999999,
              63.44530859375
            ]
          ]
        ]
      },
      "properties": {
        "source": "cv_detection",
        "area_m2": 4288.837233175136,
        "tile_id": "tile_0080",
        "status": "historical_only",
        "note": "Detected on historical map but no OSM match - potentially demolished"
      }
    },
    {
      "type": "Feature",
      "geometry": {
        "type": "Polygon",
        "coordinates": [
          [
            [
              10.443999999999999,
              63.44642578125
            ],
            [
              10.443999999999999,
              63.4462578125
            ],
            [
              10.4453125,
              63.446300781249995
            ],
            [
              10.445328125,
              63.44622265625
            ],
            [
              10.445691406249999,
              63.446230468749995
            ],
            [
              10.4457109375,
              63.4461484375
            ],
            [
              10.445890625,
              63.44615234375
            ],
            [
              10.44590625,
              63.44607421875
            ],
            [
              10.445996093749999,
              63.44607421875
            ],
            [
              10.445996093749999,
              63.44640234375
            ],
            [
              10.445671875,
              63.44639453125
            ],
            [
              10.445656249999999,
              63.44647265625
            ],
            [
              10.445105468749999,
              63.4464609375
            ],
            [
              10.445089843749999,
              63.4465390625
            ],
            [
              10.444355468749999,
              63.446515624999996
            ],
            [
              10.444363281249998,
              63.446441406249996
            ],
            [
              10.4443515625,
              63.44643359375
            ],
            [
              10.443999999999999,
              63.44642578125
            ]
          ]
        ]
      },
      "properties": {
        "source": "cv_detection",
        "area_m2": 2470.091479043739,
        "tile_id": "tile_0081",
        "status": "historical_only",
        "note": "Detected on historical map but no OSM match - potentially demolished"
      }
    },
    {
      "type": "Feature",
      "geometry": {
        "type": "Polygon",
        "coordinates": [
          [
            [
              10.41,
              63.40086328125
            ],
            [
              10.41,
              63.400617187499996
            ],
            [
              10.410015625,
              63.400609375
            ],
            [
              10.4100625,
              63.400328125
            ],
            [
              10.41005859375,
              63.40028515625
            ],
            [
              10.41,
              63.40028515625
            ],
            [
              10.41,
              63.40000390625
            ],
            [
              10.41199609375,
              63.40000390625
            ],
            [
              10.41199609375,
              63.40034375
            ],
            [
              10.4117265625,
              63.40033984375
            ],
            [
              10.411707031250002,
              63.400421875
            ],
            [
              10.41152734375,
              63.40041796875
            ],
            [
              10.41151171875,
              63.40049609375
            ],
            [
              10.411328125,
              63.4004921875
            ],
            [
              10.411312500000001,
              63.40057421875
            ],
            [
              10.41094921875,
              63.40056640625
            ],
            [
              10.41093359375,
              63.40064453125
            ],
            [
              10.41056640625,
              63.40063671875
            ],
            [
              10.41055078125,
              63.40071484375
            ],
            [
              10.410371093750001,
              63.4007109375
            ],
            [
              10.41035546875,
              63.40079296875
            ],
            [
              10.410171875,
              63.4007890625
            ],
            [
              10.41015625,
              63.4008671875
            ],
            [
              10.41,
              63.40086328125
            ]
          ]
        ]
      },
      "properties": {
        "source": "cv_detection",
        "area_m2": 6374.173921419108,
        "tile_id": "tile_0082",
        "status": "historical_only",
        "note": "Detected on historical map but no OSM match - potentially demolished"
      }
    },
    {
      "type": "Feature",
      "geometry": {
        "type": "Polygon",
        "coordinates": [
          [
            [
              10.41199609375,
              63.40134375
            ],
            [
              10.4119296875,
              63.40134765625
            ],
            [
              10.41190234375,
              63.40150390625
            ],
            [
              10.411539062500001,
              63.40149609375
            ],
            [
              10.411523437500001,
              63.401578125
            ],
            [
              10.411339843750001,
              63.401578125
            ],
            [
              10.41130078125,
              63.4018203125
            ],
            [
              10.41148046875,
              63.401828125
            ],
            [
              10.41145703125,
              63.402
            ],
            [
              10.411085937500001,
              63.402
            ],
            [
              10.41108203125,
              63.4019765625
            ],
            [
              10.41091015625,
              63.40197265625
            ],
            [
              10.41091796875,
              63.401890625
            ],
            [
              10.41073828125,
              63.4018828125
            ],
            [
              10.4107421875,
              63.40180078125
            ],
            [
              10.4101953125,
              63.40178515625
            ],
            [
              10.4101796875,
              63.40186328125
            ],
            [
              10.41,
              63.401859375
            ],
            [
              10.41,
              63.40103125
            ],
            [
              10.41012890625,
              63.4010390625
            ],
            [
              10.410109375,
              63.401203125
            ],
            [
              10.41046875,
              63.40121484375
            ],
            [
              10.41046484375,
              63.401296875
            ],
            [
              10.410824218750001,
              63.40130859375
            ],
            [
              10.41083984375,
              63.4012265625
            ],
            [
              10.4110234375,
              63.40123046875
            ],
            [
              10.4110390625,
              63.40115234375
            ],
            [
              10.41140234375,
              63.40116015625
            ],
            [
              10.411421875,
              63.401078125
            ],
            [
              10.411601562500001,
              63.4010859375
            ],
            [
              10.411617187500001,
              63.40100390625
            ],
            [
              10.411800781250001,
              63.4010078125
            ],
            [
              10.41181640625,
              63.40092578125
            ],
            [
              10.41199609375,
              63.40093359375
            ],
            [
              10.41199609375,
              63.40134375
            ]
          ]
        ]
      },
      "properties": {
        "source": "cv_detection",
        "area_m2": 6770.789374713172,
        "tile_id": "tile_0082",
        "status": "historical_only",
        "note": "Detected on historical map but no OSM match - potentially demolished"
      }
    },
    {
      "type": "Feature",
      "geometry": {
        "type": "Polygon",
        "coordinates": [
          [
            [
              10.385015625000001,
              63.426
            ],
            [
              10.38502734375,
              63.425945312500005
            ],
            [
              10.385207031250001,
              63.425953125
            ],
            [
              10.38522265625,
              63.425871093750004
            ],
            [
              10.38540234375,
              63.425875000000005
            ],
            [
              10.385421875,
              63.42579296875
            ],
            [
              10.385601562500002,
              63.425796875
            ],
            [
              10.385617187500001,
              63.42571875
            ],
            [
              10.385796875,
              63.42572265625
            ],
            [
              10.385816406250001,
              63.425640625
            ],
            [
              10.38599609375,
              63.42564453125
            ],
            [
              10.38599609375,
              63.425890625
            ],
            [
              10.385953125,
              63.4258984375
            ],
            [
              10.385941406250002,
              63.42597265625
            ],
            [
              10.385765625000001,
              63.42596484375
            ],
            [
              10.385757812500001,
              63.426
            ],
            [
              10.385015625000001,
              63.426
            ]
          ]
        ]
      },
      "properties": {
        "source": "cv_detection",
        "area_m2": 1031.9860611113857,
        "tile_id": "tile_0083",
        "status": "historical_only",
        "note": "Detected on historical map but no OSM match - potentially demolished"
      }
    },
    {
      "type": "Feature",
      "geometry": {
        "type": "Polygon",
        "coordinates": [
          [
            [
              10.352,
              63.42993359375
            ],
            [
              10.352,
              63.4295234375
            ],
            [
              10.3523984375,
              63.42953515625
            ],
            [
              10.352421875000001,
              63.42940625
            ],
            [
              10.35241796875,
              63.4293671875
            ],
            [
              10.35206640625,
              63.429355468749996
            ],
            [
              10.3520703125,
              63.42927734375
            ],
            [
              10.352,
              63.42926953125
            ],
            [
              10.352,
              63.42800390625
            ],
            [
              10.353015625000001,
              63.42800390625
            ],
            [
              10.353007812500001,
              63.428058593749995
            ],
            [
              10.352828125,
              63.428054687499994
            ],
            [
              10.35280859375,
              63.42813671875
            ],
            [
              10.352625,
              63.428132812499996
            ],
            [
              10.3526171875,
              63.42821484375
            ],
            [
              10.352980468750001,
              63.42822265625
            ],
            [
              10.35299609375,
              63.42814453125
            ],
            [
              10.353546875000001,
              63.428160156249994
            ],
            [
              10.353566406250001,
              63.428078125
            ],
            [
              10.353742187500002,
              63.4280859375
            ],
            [
              10.353757812500001,
              63.42800390625
            ],
            [
              10.35399609375,
              63.42800390625
            ],
            [
              10.35399609375,
              63.4288359375
            ],
            [
              10.3538125,
              63.428832031249996
            ],
            [
              10.353792968750001,
              63.4289140625
            ],
            [
              10.353242187500001,
              63.428898437499996
            ],
            [
              10.35323046875,
              63.42894921875
            ],
            [
              10.353234375000001,
              63.42898046875
            ],
            [
              10.353593750000002,
              63.4289921875
            ],
            [
              10.353589843750001,
              63.429074218749996
            ],
            [
              10.35399609375,
              63.42908984375
            ],
            [
              10.35399609375,
              63.4295
            ],
            [
              10.35315234375,
              63.42947265625
            ],
            [
              10.353136718750001,
              63.42953515625
            ],
            [
              10.353140625,
              63.42955859375
            ],
            [
              10.353312500000001,
              63.429562499999996
            ],
            [
              10.35331640625,
              63.4296484375
            ],
            [
              10.353671875000002,
              63.42966015625
            ],
            [
              10.35366796875,
              63.4297421875
            ],
            [
              10.35399609375,
              63.42975390625
            ],
            [
              10.35399609375,
              63.43
            ],
            [
              10.352140625,
              63.43
            ],
            [
              10.35214453125,
              63.4299375
            ],
            [
              10.352,
              63.42993359375
            ]
          ]
        ]
      },
      "properties": {
        "source": "cv_detection",
        "area_m2": 19212.05014104475,
        "tile_id": "tile_0085",
        "status": "historical_only",
        "note": "Detected on historical map but no OSM match - potentially demolished"
      }
    },
    {
      "type": "Feature",
      "geometry": {
        "type": "Polygon",
        "coordinates": [
          [
            [
              10.382,
              63.42866796875
            ],
            [
              10.382,
              63.428421875
            ],
            [
              10.38203515625,
              63.42841796875
            ],
            [
              10.382046875,
              63.428339843749995
            ],
            [
              10.38223046875,
              63.428343749999996
            ],
            [
              10.38224609375,
              63.428265624999995
            ],
            [
              10.38242578125,
              63.428269531249995
            ],
            [
              10.382441406249999,
              63.4281875
            ],
            [
              10.38262109375,
              63.42819140625
            ],
            [
              10.382640625,
              63.428109375
            ],
            [
              10.3828203125,
              63.4281171875
            ],
            [
              10.3828359375,
              63.42803515625
            ],
            [
              10.38301953125,
              63.4280390625
            ],
            [
              10.38302734375,
              63.42800390625
            ],
            [
              10.38376171875,
              63.42800390625
            ],
            [
              10.38375390625,
              63.428058593749995
            ],
            [
              10.38357421875,
              63.428054687499994
            ],
            [
              10.383558593750001,
              63.42813671875
            ],
            [
              10.38337890625,
              63.428132812499996
            ],
            [
              10.383359375,
              63.42821484375
            ],
            [
              10.3831796875,
              63.4282109375
            ],
            [
              10.3831640625,
              63.4282890625
            ],
            [
              10.38298046875,
              63.42828515625
            ],
            [
              10.38296484375,
              63.4283671875
            ],
            [
              10.38278515625,
              63.428359375
            ],
            [
              10.38276953125,
              63.428441406249995
            ],
            [
              10.3825859375,
              63.4284375
            ],
            [
              10.3825703125,
              63.42851953125
            ],
            [
              10.382390625,
              63.428515624999996
            ],
            [
              10.382375,
              63.42859375
            ],
            [
              10.38219140625,
              63.42858984375
            ],
            [
              10.38217578125,
              63.428671875
            ],
            [
              10.382,
              63.42866796875
            ]
          ]
        ]
      },
      "properties": {
        "source": "cv_detection",
        "area_m2": 2372.029872237916,
        "tile_id": "tile_0086",
        "status": "historical_only",
        "note": "Detected on historical map but no OSM match - potentially demolished"
      }
    },
    {
      "type": "Feature",
      "geometry": {
        "type": "Polygon",
        "coordinates": [
          [
            [
              10.382,
              63.429828125
            ],
            [
              10.382,
              63.4295
            ],
            [
              10.38204296875,
              63.42949609375
            ],
            [
              10.3820546875,
              63.429421874999996
            ],
            [
              10.38223828125,
              63.429425781249996
            ],
            [
              10.382234375,
              63.4295078125
            ],
            [
              10.3826015625,
              63.429515625
            ],
            [
              10.38261328125,
              63.4294375
            ],
            [
              10.383898437500001,
              63.4294765625
            ],
            [
              10.383984375,
              63.428984375
            ],
            [
              10.38398828125,
              63.42889453125
            ],
            [
              10.38344140625,
              63.42887890625
            ],
            [
              10.38342578125,
              63.4289609375
            ],
            [
              10.3832421875,
              63.42895703125
            ],
            [
              10.3832265625,
              63.429035156249995
            ],
            [
              10.38286328125,
              63.42902734375
            ],
            [
              10.38284765625,
              63.429109374999996
            ],
            [
              10.3826640625,
              63.429105468749995
            ],
            [
              10.3826484375,
              63.42918359375
            ],
            [
              10.38228125,
              63.429175781249995
            ],
            [
              10.382265625,
              63.42925390625
            ],
            [
              10.382,
              63.429249999999996
            ],
            [
              10.382,
              63.429
            ],
            [
              10.38212109375,
              63.429003906249996
            ],
            [
              10.382136718749999,
              63.42892578125
            ],
            [
              10.3823203125,
              63.4289296875
            ],
            [
              10.3823359375,
              63.42884765625
            ],
            [
              10.382703124999999,
              63.428859375
            ],
            [
              10.38271875,
              63.42877734375
            ],
            [
              10.38308203125,
              63.42878515625
            ],
            [
              10.38309765625,
              63.42870703125
            ],
            [
              10.38328125,
              63.4287109375
            ],
            [
              10.383296875000001,
              63.42862890625
            ],
            [
              10.3834765625,
              63.42863671875
            ],
            [
              10.38349609375,
              63.4285546875
            ],
            [
              10.383859375,
              63.4285625
            ],
            [
              10.383875,
              63.428484375
            ],
            [
              10.38399609375,
              63.42848828125
            ],
            [
              10.38399609375,
              63.429808593749996
            ],
            [
              10.383109375,
              63.42978515625
            ],
            [
              10.38309375,
              63.42986328125
            ],
            [
              10.382,
              63.429828125
            ]
          ]
        ]
      },
      "properties": {
        "source": "cv_detection",
        "area_m2": 7490.116060364223,
        "tile_id": "tile_0086",
        "status": "historical_only",
        "note": "Detected on historical map but no OSM match - potentially demolished"
      }
    },
    {
      "type": "Feature",
      "geometry": {
        "type": "Polygon",
        "coordinates": [
          [
            [
              10.445996093749999,
              63.45751953125
            ],
            [
              10.4455703125,
              63.4575078125
            ],
            [
              10.44558203125,
              63.457429687499996
            ],
            [
              10.4453984375,
              63.457421874999994
            ],
            [
              10.44538671875,
              63.457499999999996
            ],
            [
              10.445203124999999,
              63.457492187499994
            ],
            [
              10.44520703125,
              63.4574140625
            ],
            [
              10.444843749999999,
              63.45740234375
            ],
            [
              10.44485546875,
              63.457324218749996
            ],
            [
              10.44482421875,
              63.457316406249994
            ],
            [
              10.44467578125,
              63.4573125
            ],
            [
              10.444660156249999,
              63.457394531249996
            ],
            [
              10.44448046875,
              63.457386718749994
            ],
            [
              10.444484375,
              63.4573046875
            ],
            [
              10.444304687499999,
              63.45730078125
            ],
            [
              10.4442890625,
              63.45737890625
            ],
            [
              10.443999999999999,
              63.457375
            ],
            [
              10.443999999999999,
              63.45684375
            ],
            [
              10.44401171875,
              63.45683984375
            ],
            [
              10.444015624999999,
              63.456800781249996
            ],
            [
              10.444199218749999,
              63.456800781249996
            ],
            [
              10.444265625,
              63.456390625
            ],
            [
              10.4444453125,
              63.4563984375
            ],
            [
              10.444484375,
              63.456175781249996
            ],
            [
              10.44448046875,
              63.45614453125
            ],
            [
              10.44430859375,
              63.456136718749995
            ],
            [
              10.444312499999999,
              63.45605468749999
            ],
            [
              10.444128906249999,
              63.45605078125
            ],
            [
              10.444113281249999,
              63.456128906249994
            ],
            [
              10.443999999999999,
              63.456128906249994
            ],
            [
              10.443999999999999,
              63.45600390625
            ],
            [
              10.44543359375,
              63.45600390625
            ],
            [
              10.44541796875,
              63.456175781249996
            ],
            [
              10.445777343749999,
              63.4561875
            ],
            [
              10.44579296875,
              63.456109375
            ],
            [
              10.44597265625,
              63.45611328125
            ],
            [
              10.445996093749999,
              63.45600390625
            ],
            [
              10.445996093749999,
              63.45644140624999
            ],
            [
              10.445,
              63.456410156249994
            ],
            [
              10.444984374999999,
              63.4564921875
            ],
            [
              10.444808593749999,
              63.456484374999995
            ],
            [
              10.444773437499999,
              63.456652343749994
            ],
            [
              10.444589843749998,
              63.456652343749994
            ],
            [
              10.444531249999999,
              63.4570234375
            ],
            [
              10.44453515625,
              63.4570625
            ],
            [
              10.44470703125,
              63.45706640625
            ],
            [
              10.44469921875,
              63.457152343749996
            ],
            [
              10.444878906249999,
              63.45715625
            ],
            [
              10.444875,
              63.45723828125
            ],
            [
              10.44597265625,
              63.4572734375
            ],
            [
              10.445996093749999,
              63.45719140625
            ],
            [
              10.445996093749999,
              63.45751953125
            ]
          ]
        ]
      },
      "properties": {
        "source": "cv_detection",
        "area_m2": 7810.332847998711,
        "tile_id": "tile_0088",
        "status": "historical_only",
        "note": "Detected on historical map but no OSM match - potentially demolished"
      }
    },
    {
      "type": "Feature",
      "geometry": {
        "type": "Polygon",
        "coordinates": [
          [
            [
              10.443999999999999,
              63.458
            ],
            [
              10.443999999999999,
              63.457710937499996
            ],
            [
              10.444601562499999,
              63.45773046875
            ],
            [
              10.44459375,
              63.4578046875
            ],
            [
              10.444624999999998,
              63.457812499999996
            ],
            [
              10.445996093749999,
              63.45785546875
            ],
            [
              10.445996093749999,
              63.458
            ],
            [
              10.443999999999999,
              63.458
            ]
          ]
        ]
      },
      "properties": {
        "source": "cv_detection",
        "area_m2": 2201.3439410423716,
        "tile_id": "tile_0088",
        "status": "historical_only",
        "note": "Detected on historical map but no OSM match - potentially demolished"
      }
    },
    {
      "type": "Feature",
      "geometry": {
        "type": "Polygon",
        "coordinates": [
          [
            [
              10.35640234375,
              63.40825390625
            ],
            [
              10.3562265625,
              63.40824609375
            ],
            [
              10.35623828125,
              63.408171875
            ],
            [
              10.3564140625,
              63.4081796875
            ],
            [
              10.35640234375,
              63.40825390625
            ]
          ]
        ]
      },
      "properties": {
        "source": "cv_detection",
        "area_m2": 72.45902288985077,
        "tile_id": "tile_0089",
        "status": "historical_only",
        "note": "Detected on historical map but no OSM match - potentially demolished"
      }
    },
    {
      "type": "Feature",
      "geometry": {
        "type": "Polygon",
        "coordinates": [
          [
            [
              10.421999999999999,
              63.42597265625
            ],
            [
              10.421999999999999,
              63.4255625
            ],
            [
              10.422496093749999,
              63.42557421875
            ],
            [
              10.422511718749998,
              63.42549609375
            ],
            [
              10.422875,
              63.4255078125
            ],
            [
              10.42289453125,
              63.42542578125
            ],
            [
              10.42380859375,
              63.425453125000004
            ],
            [
              10.423828125,
              63.42537109375
            ],
            [
              10.423996093749999,
              63.425375
            ],
            [
              10.423996093749999,
              63.4257890625
            ],
            [
              10.42394140625,
              63.42579296875
            ],
            [
              10.4239296875,
              63.4258671875
            ],
            [
              10.422640625,
              63.425828125
            ],
            [
              10.422624999999998,
              63.425906250000004
            ],
            [
              10.42207421875,
              63.42589453125
            ],
            [
              10.4220625,
              63.42596875
            ],
            [
              10.421999999999999,
              63.42597265625
            ]
          ]
        ]
      },
      "properties": {
        "source": "cv_detection",
        "area_m2": 4258.398654256959,
        "tile_id": "tile_0090",
        "status": "historical_only",
        "note": "Detected on historical map but no OSM match - potentially demolished"
      }
    },
    {
      "type": "Feature",
      "geometry": {
        "type": "Polygon",
        "coordinates": [
          [
            [
              10.442,
              63.456
            ],
            [
              10.442,
              63.45540625
            ],
            [
              10.44201171875,
              63.45540234375
            ],
            [
              10.44203515625,
              63.4552578125
            ],
            [
              10.44203125,
              63.455234375
            ],
            [
              10.442,
              63.455234375
            ],
            [
              10.442,
              63.454328125
            ],
            [
              10.442546875,
              63.45434375
            ],
            [
              10.442562500000001,
              63.454261718750004
            ],
            [
              10.442929687500001,
              63.4542734375
            ],
            [
              10.442945312500001,
              63.454191406250004
            ],
            [
              10.443312500000001,
              63.454203125
            ],
            [
              10.443328125,
              63.454121093750004
            ],
            [
              10.443878906250001,
              63.45413671875
            ],
            [
              10.44390234375,
              63.45400390625
            ],
            [
              10.44399609375,
              63.45400390625
            ],
            [
              10.44399609375,
              63.45422265625
            ],
            [
              10.443871093750001,
              63.45421875
            ],
            [
              10.4438515625,
              63.45430078125
            ],
            [
              10.443671875000001,
              63.454296875000004
            ],
            [
              10.443644531250001,
              63.45442578125
            ],
            [
              10.443652343750001,
              63.45446484375
            ],
            [
              10.44382421875,
              63.454468750000004
            ],
            [
              10.443820312500002,
              63.45455078125
            ],
            [
              10.44399609375,
              63.4545546875
            ],
            [
              10.44399609375,
              63.456
            ],
            [
              10.44284375,
              63.456
            ],
            [
              10.44285546875,
              63.4559296875
            ],
            [
              10.4430390625,
              63.455933593750004
            ],
            [
              10.4431171875,
              63.45544140625
            ],
            [
              10.442746093750001,
              63.4554296875
            ],
            [
              10.4426796875,
              63.455839843750006
            ],
            [
              10.4425,
              63.455832031250004
            ],
            [
              10.44247265625,
              63.456
            ],
            [
              10.442,
              63.456
            ]
          ]
        ]
      },
      "properties": {
        "source": "cv_detection",
        "area_m2": 17835.018035987105,
        "tile_id": "tile_0091",
        "status": "historical_only",
        "note": "Detected on historical map but no OSM match - potentially demolished"
      }
    },
    {
      "type": "Feature",
      "geometry": {
        "type": "Polygon",
        "coordinates": [
          [
            [
              10.397996093749999,
              63.4248671875
            ],
            [
              10.39798046875,
              63.4248671875
            ],
            [
              10.397988281249999,
              63.42478515625
            ],
            [
              10.39780859375,
              63.42478125
            ],
            [
              10.397812499999999,
              63.42469921875
            ],
            [
              10.39763671875,
              63.42469140625
            ],
            [
              10.397640625,
              63.424609375
            ],
            [
              10.3971015625,
              63.42458984375
            ],
            [
              10.397105468749999,
              63.4245078125
            ],
            [
              10.3967421875,
              63.42449609375
            ],
            [
              10.39674609375,
              63.4244140625
            ],
            [
              10.396199218749999,
              63.4243984375
            ],
            [
              10.39618359375,
              63.42448046875
            ],
            [
              10.395999999999999,
              63.42447265625
            ],
            [
              10.396015624999999,
              63.42439453125
            ],
            [
              10.395999999999999,
              63.424390625
            ],
            [
              10.395999999999999,
              63.4240625
            ],
            [
              10.39625390625,
              63.4240703125
            ],
            [
              10.39624609375,
              63.42415234375
            ],
            [
              10.3975234375,
              63.4241953125
            ],
            [
              10.39751953125,
              63.42427734375
            ],
            [
              10.39787890625,
              63.4242890625
            ],
            [
              10.397874999999999,
              63.42437109375
            ],
            [
              10.397996093749999,
              63.424375
            ],
            [
              10.397996093749999,
              63.4248671875
            ]
          ]
        ]
      },
      "properties": {
        "source": "cv_detection",
        "area_m2": 3855.217988050071,
        "tile_id": "tile_0093",
        "status": "historical_only",
        "note": "Detected on historical map but no OSM match - potentially demolished"
      }
    },
    {
      "type": "Feature",
      "geometry": {
        "type": "Polygon",
        "coordinates": [
          [
            [
              10.397996093749999,
              63.42528125
            ],
            [
              10.3979140625,
              63.42528125
            ],
            [
              10.397921875,
              63.42519921875
            ],
            [
              10.39719140625,
              63.425171875000004
            ],
            [
              10.3971953125,
              63.42509375
            ],
            [
              10.396652343749999,
              63.42507421875
            ],
            [
              10.39666796875,
              63.42491015625
            ],
            [
              10.3964921875,
              63.42490625
            ],
            [
              10.39648046875,
              63.42498828125
            ],
            [
              10.395999999999999,
              63.42497265625
            ],
            [
              10.395999999999999,
              63.4247265625
            ],
            [
              10.396144531249998,
              63.42473046875
            ],
            [
              10.396140625,
              63.4248125
            ],
            [
              10.3976015625,
              63.42486328125
            ],
            [
              10.39759765625,
              63.42494140625
            ],
            [
              10.39778125,
              63.4249453125
            ],
            [
              10.397796875,
              63.4248671875
            ],
            [
              10.39797265625,
              63.424875
            ],
            [
              10.39796484375,
              63.424953125
            ],
            [
              10.397996093749999,
              63.42495703125
            ],
            [
              10.397996093749999,
              63.42528125
            ]
          ]
        ]
      },
      "properties": {
        "source": "cv_detection",
        "area_m2": 2678.100344681507,
        "tile_id": "tile_0093",
        "status": "historical_only",
        "note": "Detected on historical map but no OSM match - potentially demolished"
      }
    },
    {
      "type": "Feature",
      "geometry": {
        "type": "Polygon",
        "coordinates": [
          [
            [
              10.39767578125,
              63.42560546875
            ],
            [
              10.39768359375,
              63.42552734375
            ],
            [
              10.3978671875,
              63.42553125
            ],
            [
              10.397859375,
              63.425609375
            ],
            [
              10.39767578125,
              63.42560546875
            ]
          ]
        ]
      },
      "properties": {
        "source": "cv_detection",
        "area_m2": 79.23149839772523,
        "tile_id": "tile_0093",
        "status": "historical_only",
        "note": "Detected on historical map but no OSM match - potentially demolished"
      }
    },
    {
      "type": "Feature",
      "geometry": {
        "type": "Polygon",
        "coordinates": [
          [
            [
              10.395999999999999,
              63.4253046875
            ],
            [
              10.3967890625,
              63.42533203125
            ],
            [
              10.39677734375,
              63.42541015625
            ],
            [
              10.3964140625,
              63.4253984375
            ],
            [
              10.396398437499998,
              63.42544921875
            ],
            [
              10.39640234375,
              63.425484375
            ],
            [
              10.396949218749999,
              63.4255
            ],
            [
              10.3969609375,
              63.425421875
            ],
            [
              10.397507812499999,
              63.42544140625
            ],
            [
              10.397499999999999,
              63.425515625
            ],
            [
              10.39713671875,
              63.4255078125
            ],
            [
              10.39712109375,
              63.4255859375
            ],
            [
              10.397484375,
              63.4256015625
            ],
            [
              10.397480468749999,
              63.4256796875
            ],
            [
              10.397507812499999,
              63.4256875
            ],
            [
              10.397996093749999,
              63.425703125
            ],
            [
              10.397996093749999,
              63.426
            ],
            [
              10.39671875,
              63.426
            ],
            [
              10.396714843749999,
              63.42598828125
            ],
            [
              10.396320312499999,
              63.425976562500004
            ],
            [
              10.396328124999998,
              63.42589453125
            ],
            [
              10.395999999999999,
              63.42588671875
            ],
            [
              10.395999999999999,
              63.4253046875
            ]
          ]
        ]
      },
      "properties": {
        "source": "cv_detection",
        "area_m2": 5372.9385536565715,
        "tile_id": "tile_0093",
        "status": "historical_only",
        "note": "Detected on historical map but no OSM match - potentially demolished"
      }
    },
    {
      "type": "Feature",
      "geometry": {
        "type": "Polygon",
        "coordinates": [
          [
            [
              10.4461171875,
              63.4237578125
            ],
            [
              10.446,
              63.42375390625
            ],
            [
              10.446,
              63.42359375
            ],
            [
              10.446140625,
              63.423597656249996
            ],
            [
              10.4461171875,
              63.4237578125
            ]
          ]
        ]
      },
      "properties": {
        "source": "cv_detection",
        "area_m2": 114.06094348132908,
        "tile_id": "tile_0094",
        "status": "historical_only",
        "note": "Detected on historical map but no OSM match - potentially demolished"
      }
    },
    {
      "type": "Feature",
      "geometry": {
        "type": "Polygon",
        "coordinates": [
          [
            [
              10.446,
              63.424
            ],
            [
              10.446,
              63.42383984375
            ],
            [
              10.44702734375,
              63.42387109375
            ],
            [
              10.447046875,
              63.4237890625
            ],
            [
              10.447226562500001,
              63.42379296875
            ],
            [
              10.447234375,
              63.4237109375
            ],
            [
              10.44705859375,
              63.42370703125
            ],
            [
              10.44707421875,
              63.4235390625
            ],
            [
              10.44690234375,
              63.423531249999996
            ],
            [
              10.44691796875,
              63.4233671875
            ],
            [
              10.4467421875,
              63.42336328125
            ],
            [
              10.4467578125,
              63.4231953125
            ],
            [
              10.4465859375,
              63.42319140625
            ],
            [
              10.44666015625,
              63.422703125
            ],
            [
              10.44703125,
              63.42270703125
            ],
            [
              10.44703515625,
              63.42262890625
            ],
            [
              10.44686328125,
              63.422621093749996
            ],
            [
              10.446875,
              63.42254296875
            ],
            [
              10.447601562500001,
              63.42256640625
            ],
            [
              10.44759765625,
              63.4226484375
            ],
            [
              10.44777734375,
              63.422652343749995
            ],
            [
              10.44776953125,
              63.422734375
            ],
            [
              10.4479453125,
              63.4227421875
            ],
            [
              10.4479375,
              63.4228203125
            ],
            [
              10.44799609375,
              63.42282421875
            ],
            [
              10.44799609375,
              63.4238203125
            ],
            [
              10.4479609375,
              63.42382421875
            ],
            [
              10.447953125,
              63.4238671875
            ],
            [
              10.44795703125,
              63.42390234375
            ],
            [
              10.44799609375,
              63.42390234375
            ],
            [
              10.44799609375,
              63.424
            ],
            [
              10.446,
              63.424
            ]
          ]
        ]
      },
      "properties": {
        "source": "cv_detection",
        "area_m2": 9564.338162211563,
        "tile_id": "tile_0094",
        "status": "historical_only",
        "note": "Detected on historical map but no OSM match - potentially demolished"
      }
    },
    {
      "type": "Feature",
      "geometry": {
        "type": "Polygon",
        "coordinates": [
          [
            [
              10.394265625000001,
              63.4329609375
            ],
            [
              10.39409375,
              63.43295703125
            ],
            [
              10.39409765625,
              63.4328828125
            ],
            [
              10.39427734375,
              63.4328828125
            ],
            [
              10.394265625000001,
              63.4329609375
            ]
          ]
        ]
      },
      "properties": {
        "source": "cv_detection",
        "area_m2": 73.86989660205178,
        "tile_id": "tile_0095",
        "status": "historical_only",
        "note": "Detected on historical map but no OSM match - potentially demolished"
      }
    },
    {
      "type": "Feature",
      "geometry": {
        "type": "Polygon",
        "coordinates": [
          [
            [
              10.375996093749999,
              63.43195703125
            ],
            [
              10.37535546875,
              63.43193359375
            ],
            [
              10.375359374999999,
              63.43185546875
            ],
            [
              10.375183593749998,
              63.43184765625
            ],
            [
              10.3751875,
              63.431765625000004
            ],
            [
              10.374644531249999,
              63.43175
            ],
            [
              10.37461328125,
              63.431910156250005
            ],
            [
              10.373999999999999,
              63.431890625
            ],
            [
              10.373999999999999,
              63.43000390625
            ],
            [
              10.375996093749999,
              63.43000390625
            ],
            [
              10.375996093749999,
              63.4301328125
            ],
            [
              10.37509375,
              63.43010546875
            ],
            [
              10.375078125,
              63.43018359375
            ],
            [
              10.374890624999999,
              63.4301875
            ],
            [
              10.374863281249999,
              63.43034375
            ],
            [
              10.374687499999999,
              63.43033984375
            ],
            [
              10.374671874999999,
              63.43040234375
            ],
            [
              10.37467578125,
              63.430421875
            ],
            [
              10.374851562499998,
              63.4304296875
            ],
            [
              10.37484765625,
              63.43051171875
            ],
            [
              10.3750234375,
              63.43051953125
            ],
            [
              10.375015625,
              63.4306015625
            ],
            [
              10.37519140625,
              63.430609375
            ],
            [
              10.3751640625,
              63.43085546875
            ],
            [
              10.3753359375,
              63.430859375000004
            ],
            [
              10.375332031249998,
              63.43094140625
            ],
            [
              10.375691406249999,
              63.43095703125
            ],
            [
              10.375683593749999,
              63.4310390625
            ],
            [
              10.37586328125,
              63.43104296875
            ],
            [
              10.375859375,
              63.431125
            ],
            [
              10.375996093749999,
              63.43112890625
            ],
            [
              10.375996093749999,
              63.43195703125
            ]
          ]
        ]
      },
      "properties": {
        "source": "cv_detection",
        "area_m2": 15887.719419862116,
        "tile_id": "tile_0096",
        "status": "historical_only",
        "note": "Detected on historical map but no OSM match - potentially demolished"
      }
    },
    {
      "type": "Feature",
      "geometry": {
        "type": "Polygon",
        "coordinates": [
          [
            [
              10.413996093749999,
              63.413765625
            ],
            [
              10.4138359375,
              63.41376171875
            ],
            [
              10.413839843749999,
              63.4136796875
            ],
            [
              10.413664062499999,
              63.41367578125
            ],
            [
              10.41366796875,
              63.413593750000004
            ],
            [
              10.4134921875,
              63.41358984375
            ],
            [
              10.41349609375,
              63.41350390625
            ],
            [
              10.4133203125,
              63.4135
            ],
            [
              10.41337109375,
              63.413171875
            ],
            [
              10.413996093749999,
              63.41319140625
            ],
            [
              10.413996093749999,
              63.413765625
            ]
          ]
        ]
      },
      "properties": {
        "source": "cv_detection",
        "area_m2": 1630.5634396673229,
        "tile_id": "tile_0098",
        "status": "historical_only",
        "note": "Detected on historical map but no OSM match - potentially demolished"
      }
    },
    {
      "type": "Feature",
      "geometry": {
        "type": "Polygon",
        "coordinates": [
          [
            [
              10.43062109375,
              63.43504296875
            ],
            [
              10.43062890625,
              63.43496484375
            ],
            [
              10.43080859375,
              63.434968749999996
            ],
            [
              10.430796875,
              63.435046875
            ],
            [
              10.43062109375,
              63.43504296875
            ]
          ]
        ]
      },
      "properties": {
        "source": "cv_detection",
        "area_m2": 76.7234779334161,
        "tile_id": "tile_0099",
        "status": "historical_only",
        "note": "Detected on historical map but no OSM match - potentially demolished"
      }
    },
    {
      "type": "Feature",
      "geometry": {
        "type": "Polygon",
        "coordinates": [
          [
            [
              10.43,
              63.4352734375
            ],
            [
              10.43,
              63.4351953125
            ],
            [
              10.430031249999999,
              63.4351953125
            ],
            [
              10.43001953125,
              63.4352734375
            ],
            [
              10.43,
              63.4352734375
            ]
          ]
        ]
      },
      "properties": {
        "source": "cv_detection",
        "area_m2": 10.93046808960911,
        "tile_id": "tile_0099",
        "status": "historical_only",
        "note": "Detected on historical map but no OSM match - potentially demolished"
      }
    },
    {
      "type": "Feature",
      "geometry": {
        "type": "Polygon",
        "coordinates": [
          [
            [
              10.43,
              63.436
            ],
            [
              10.43,
              63.43569140625
            ],
            [
              10.43013671875,
              63.4356953125
            ],
            [
              10.43009375,
              63.436
            ],
            [
              10.43,
              63.436
            ]
          ]
        ]
      },
      "properties": {
        "source": "cv_detection",
        "area_m2": 194.94069434719077,
        "tile_id": "tile_0099",
        "status": "historical_only",
        "note": "Detected on historical map but no OSM match - potentially demolished"
      }
    }
  ],
  "properties": {
    "name": "Historical only (potentially demolished)",
    "generated_at": "2026-01-01T19:41:49.240169",
    "count": 80
  }
}