{
  "type": "FeatureCollection",
  "features": [
    {
      "type": "Feature",
      "geometry": {
        "type": "Polygon",
        "coordinates": [
          [
            [
              10.408,
              63.432
            ],
            [
              10.408,
              63.431609375
            ],
            [
              10.40801171875,
              63.43160546875
            ],
            [
              10.40801171875,
              63.4315859375
            ],
            [
              10.408,
              63.43158203125
            ],
            [
              10.408,
              63.431417968750004
            ],
            [
              10.4080390625,
              63.431414062500004
            ],
            [
              10.40805078125,
              63.431359375
            ],
            [
              10.40804296875,
              63.43133203125
            ],
            [
              10.408,
              63.43133203125
            ],
            [
              10.408,
              63.43100390625
            ],
            [
              10.408101562499999,
              63.43100390625
            ],
            [
              10.40809765625,
              63.43108984375
            ],
            [
              10.4082734375,
              63.43109375
            ],
            [
              10.40826953125,
              63.4311796875
            ],
            [
              10.408441406249999,
              63.43118359375
            ],
            [
              10.40842578125,
              63.431347656250004
            ],
            [
              10.4086015625,
              63.43135546875
            ],
            [
              10.40859375,
              63.4314296875
            ],
            [
              10.408609375,
              63.4314375
            ],
            [
              10.40877734375,
              63.43144140625
            ],
            [
              10.40879296875,
              63.43136328125
            ],
            [
              10.40897265625,
              63.4313671875
            ],
            [
              10.408992187499999,
              63.43128125
            ],
            [
              10.40916796875,
              63.4312890625
            ],
            [
              10.409183593749999,
              63.431207031250004
            ],
            [
              10.4093671875,
              63.4312109375
            ],
            [
              10.40941796875,
              63.43091796875
            ],
            [
              10.4094140625,
              63.43087890625
            ],
            [
              10.40905859375,
              63.4308671875
            ],
            [
              10.4090625,
              63.43078515625
            ],
            [
              10.408886718749999,
              63.43077734375
            ],
            [
              10.408890625,
              63.4306953125
            ],
            [
              10.40871484375,
              63.43069140625
            ],
            [
              10.40871875,
              63.43060546875
            ],
            [
              10.40854296875,
              63.4306015625
            ],
            [
              10.40855078125,
              63.4305234375
            ],
            [
              10.408375,
              63.43051171875
            ],
            [
              10.40837890625,
              63.4304296875
            ],
            [
              10.408015624999999,
              63.430421875
            ],
            [
              10.408,
              63.43048828125
            ],
            [
              10.408,
              63.43025390625
            ],
            [
              10.40804296875,
              63.43025
            ],
            [
              10.4080546875,
              63.43017578125
            ],
            [
              10.4087890625,
              63.43019921875
            ],
            [
              10.408808593749999,
              63.4301171875
            ],
            [
              10.40898828125,
              63.43012109375
            ],
            [
              10.40900390625,
              63.4300390625
            ],
            [
              10.409183593749999,
              63.430046875
            ],
            [
              10.4091953125,
              63.43000390625
            ],
            [
              10.40999609375,
              63.43000390625
            ],
            [
              10.40999609375,
              63.4301484375
            ],
            [
              10.4099140625,
              63.43014453125
            ],
            [
              10.409921875,
              63.4300703125
            ],
            [
              10.409742187500001,
              63.4300625
            ],
            [
              10.40972265625,
              63.43014453125
            ],
            [
              10.40954296875,
              63.43013671875
            ],
            [
              10.4094921875,
              63.43043359375
            ],
            [
              10.40949609375,
              63.43046875
            ],
            [
              10.40966796875,
              63.4304765625
            ],
            [
              10.40965234375,
              63.430640625
            ],
            [
              10.40999609375,
              63.43065234375
            ],
            [
              10.40999609375,
              63.431558593750005
            ],
            [
              10.40987109375,
              63.431554687500004
            ],
            [
              10.4098515625,
              63.43163671875
            ],
            [
              10.409671875,
              63.4316328125
            ],
            [
              10.40965625,
              63.43171484375
            ],
            [
              10.4094765625,
              63.4317109375
            ],
            [
              10.40944921875,
              63.43184375
            ],
            [
              10.409453125,
              63.43187890625
            ],
            [
              10.409625,
              63.43188671875
            ],
            [
              10.40962109375,
              63.43196875
            ],
            [
              10.40980078125,
              63.431972656250004
            ],
            [
              10.409796875,
              63.432
            ],
            [
              10.408,
              63.432
            ]
          ]
        ]
      },
      "properties": {
        "source": "cv_detection",
        "area_m2": 14028.103117440565,
        "tile_id": "tile_0000"
      }
    },
    {
      "type": "Feature",
      "geometry": {
        "type": "Polygon",
        "coordinates": [
          [
            [
              10.405999999999999,
              63.428863281249996
            ],
            [
              10.405999999999999,
              63.42800390625
            ],
            [
              10.407996093749999,
              63.42800390625
            ],
            [
              10.407996093749999,
              63.4281796875
            ],
            [
              10.4078203125,
              63.42817578125
            ],
            [
              10.40780078125,
              63.4282578125
            ],
            [
              10.407625,
              63.42825
            ],
            [
              10.407609375,
              63.42833203125
            ],
            [
              10.40742578125,
              63.428328125
            ],
            [
              10.40741015625,
              63.428410156249996
            ],
            [
              10.407230468749999,
              63.428406249999995
            ],
            [
              10.407195312499999,
              63.42856640625
            ],
            [
              10.407019531249999,
              63.42855859375
            ],
            [
              10.407,
              63.428640625
            ],
            [
              10.406820312499999,
              63.42863671875
            ],
            [
              10.406800781249999,
              63.42871875
            ],
            [
              10.4064375,
              63.4287109375
            ],
            [
              10.406421875,
              63.4287890625
            ],
            [
              10.40623828125,
              63.42878515625
            ],
            [
              10.40622265625,
              63.428867187499996
            ],
            [
              10.405999999999999,
              63.428863281249996
            ]
          ]
        ]
      },
      "properties": {
        "source": "cv_detection",
        "area_m2": 6028.07002933908,
        "tile_id": "tile_0001"
      }
    },
    {
      "type": "Feature",
      "geometry": {
        "type": "Polygon",
        "coordinates": [
          [
            [
              10.36016015625,
              63.4079609375
            ],
            [
              10.360249999999999,
              63.407390625
            ],
            [
              10.360433593749999,
              63.40739453125
            ],
            [
              10.36044921875,
              63.4073125
            ],
            [
              10.360624999999999,
              63.4073203125
            ],
            [
              10.36063671875,
              63.40730859375
            ],
            [
              10.36064453125,
              63.40723828125
            ],
            [
              10.360828125,
              63.4072421875
            ],
            [
              10.360843749999999,
              63.40716015625
            ],
            [
              10.36120703125,
              63.40716796875
            ],
            [
              10.36122265625,
              63.40708984375
            ],
            [
              10.36158984375,
              63.40709765625
            ],
            [
              10.36160546875,
              63.40701953125
            ],
            [
              10.36199609375,
              63.40703125
            ],
            [
              10.36199609375,
              63.408
            ],
            [
              10.3603359375,
              63.408
            ],
            [
              10.36033203125,
              63.40796875
            ],
            [
              10.36016015625,
              63.4079609375
            ]
          ]
        ]
      },
      "properties": {
        "source": "cv_detection",
        "area_m2": 8140.930692936837,
        "tile_id": "tile_0002"
      }
    },
    {
      "type": "Feature",
      "geometry": {
        "type": "Polygon",
        "coordinates": [
          [
            [
              10.404,
              63.4258125
            ],
            [
              10.404,
              63.4248984375
            ],
            [
              10.404265625,
              63.42490625
            ],
            [
              10.40428125,
              63.424828125
            ],
            [
              10.405375000000001,
              63.424859375000004
            ],
            [
              10.40537890625,
              63.4249453125
            ],
            [
              10.40555078125,
              63.424953125
            ],
            [
              10.40553515625,
              63.42507421875
            ],
            [
              10.40554296875,
              63.4251171875
            ],
            [
              10.40599609375,
              63.42512890625
            ],
            [
              10.40599609375,
              63.425375
            ],
            [
              10.405863281250001,
              63.42537109375
            ],
            [
              10.40584375,
              63.425453125000004
            ],
            [
              10.405296875000001,
              63.4254375
            ],
            [
              10.40530078125,
              63.4253515625
            ],
            [
              10.40512890625,
              63.425347656250004
            ],
            [
              10.40516015625,
              63.42510546875
            ],
            [
              10.40498046875,
              63.42509765625
            ],
            [
              10.404984375,
              63.42501171875
            ],
            [
              10.40444140625,
              63.42499609375
            ],
            [
              10.404421875,
              63.425078125
            ],
            [
              10.4042421875,
              63.4250703125
            ],
            [
              10.40422265625,
              63.42515625
            ],
            [
              10.404046875,
              63.4251484375
            ],
            [
              10.40403515625,
              63.4252265625
            ],
            [
              10.4042109375,
              63.42523828125
            ],
            [
              10.4041953125,
              63.42540625
            ],
            [
              10.4043671875,
              63.42541015625
            ],
            [
              10.4043515625,
              63.425578125
            ],
            [
              10.4045234375,
              63.42558203125
            ],
            [
              10.4045,
              63.4257421875
            ],
            [
              10.40432421875,
              63.42573828125
            ],
            [
              10.4043046875,
              63.4258203125
            ],
            [
              10.404,
              63.4258125
            ]
          ]
        ]
      },
      "properties": {
        "source": "cv_detection",
        "area_m2": 4307.140324425682,
        "tile_id": "tile_0003"
      }
    },
    {
      "type": "Feature",
      "geometry": {
        "type": "Polygon",
        "coordinates": [
          [
            [
              10.40576171875,
              63.426
            ],
            [
              10.40576953125,
              63.425953125
            ],
            [
              10.40599609375,
              63.42595703125
            ],
            [
              10.40599609375,
              63.426
            ],
            [
              10.40576171875,
              63.426
            ]
          ]
        ]
      },
      "properties": {
        "source": "cv_detection",
        "area_m2": 57.11060234953486,
        "tile_id": "tile_0003"
      }
    },
    {
      "type": "Feature",
      "geometry": {
        "type": "Polygon",
        "coordinates": [
          [
            [
              10.382,
              63.404
            ],
            [
              10.382,
              63.403695312500005
            ],
            [
              10.38249609375,
              63.4037109375
            ],
            [
              10.3825234375,
              63.40356640625
            ],
            [
              10.38251953125,
              63.403546875
            ],
            [
              10.382,
              63.40352734375
            ],
            [
              10.382,
              63.40294921875
            ],
            [
              10.3820625,
              63.40294921875
            ],
            [
              10.38207421875,
              63.40290234375
            ],
            [
              10.3820703125,
              63.4028671875
            ],
            [
              10.382,
              63.4028671875
            ],
            [
              10.382,
              63.402785156250005
            ],
            [
              10.3822734375,
              63.40279296875
            ],
            [
              10.3822890625,
              63.402710937500004
            ],
            [
              10.38265234375,
              63.40272265625
            ],
            [
              10.38263671875,
              63.402886718750004
            ],
            [
              10.3828125,
              63.402890625000005
            ],
            [
              10.38282421875,
              63.40280859375
            ],
            [
              10.38319140625,
              63.402824218750006
            ],
            [
              10.3831875,
              63.40290625
            ],
            [
              10.38336328125,
              63.40291015625
            ],
            [
              10.38337890625,
              63.402851562500004
            ],
            [
              10.383375000000001,
              63.402824218750006
            ],
            [
              10.38319921875,
              63.402820312500005
            ],
            [
              10.38320703125,
              63.402734375
            ],
            [
              10.38303125,
              63.40273046875
            ],
            [
              10.38303515625,
              63.402648437500005
            ],
            [
              10.38285546875,
              63.402640625000004
            ],
            [
              10.38286328125,
              63.4025625
            ],
            [
              10.3825,
              63.40255078125
            ],
            [
              10.382484375,
              63.40262890625
            ],
            [
              10.382,
              63.402613281250005
            ],
            [
              10.382,
              63.40200390625
            ],
            [
              10.38399609375,
              63.40200390625
            ],
            [
              10.38399609375,
              63.403652343750004
            ],
            [
              10.383984375,
              63.403656250000004
            ],
            [
              10.3839296875,
              63.404
            ],
            [
              10.382,
              63.404
            ]
          ]
        ]
      },
      "properties": {
        "source": "cv_detection",
        "area_m2": 20190.288161654425,
        "tile_id": "tile_0004"
      }
    },
    {
      "type": "Feature",
      "geometry": {
        "type": "Polygon",
        "coordinates": [
          [
            [
              10.39398046875,
              63.41636328125
            ],
            [
              10.39399609375,
              63.416242187499996
            ],
            [
              10.39399609375,
              63.41636328125
            ],
            [
              10.39398046875,
              63.41636328125
            ]
          ]
        ]
      },
      "properties": {
        "source": "cv_detection",
        "area_m2": 5.216267500313538,
        "tile_id": "tile_0005"
      }
    },
    {
      "type": "Feature",
      "geometry": {
        "type": "Polygon",
        "coordinates": [
          [
            [
              10.3924609375,
              63.41772265625
            ],
            [
              10.392511718749999,
              63.4173984375
            ],
            [
              10.39269140625,
              63.4173984375
            ],
            [
              10.3927265625,
              63.41723828125
            ],
            [
              10.39308984375,
              63.417246093749995
            ],
            [
              10.393105468749999,
              63.4171640625
            ],
            [
              10.39365234375,
              63.417183593749996
            ],
            [
              10.3936484375,
              63.417265625
            ],
            [
              10.39382421875,
              63.41726953125
            ],
            [
              10.39382421875,
              63.417355468749996
            ],
            [
              10.39399609375,
              63.417359375
            ],
            [
              10.39399609375,
              63.4178515625
            ],
            [
              10.39373828125,
              63.41784765625
            ],
            [
              10.39372265625,
              63.4179296875
            ],
            [
              10.3935390625,
              63.417921875
            ],
            [
              10.3935234375,
              63.418
            ],
            [
              10.39309375,
              63.418
            ],
            [
              10.39308984375,
              63.41798828125
            ],
            [
              10.3929765625,
              63.41798828125
            ],
            [
              10.39298046875,
              63.41790625
            ],
            [
              10.39262109375,
              63.417890625
            ],
            [
              10.39263671875,
              63.4177265625
            ],
            [
              10.3924609375,
              63.41772265625
            ]
          ]
        ]
      },
      "properties": {
        "source": "cv_detection",
        "area_m2": 5471.065341021552,
        "tile_id": "tile_0005"
      }
    },
    {
      "type": "Feature",
      "geometry": {
        "type": "Polygon",
        "coordinates": [
          [
            [
              10.392,
              63.41795703125
            ],
            [
              10.392,
              63.4170859375
            ],
            [
              10.39201171875,
              63.41708203125
            ],
            [
              10.392015624999999,
              63.417046875
            ],
            [
              10.3921953125,
              63.4170546875
            ],
            [
              10.3922109375,
              63.416968749999995
            ],
            [
              10.392390624999999,
              63.416972656249996
            ],
            [
              10.392406249999999,
              63.41689453125
            ],
            [
              10.392773437499999,
              63.416902343749996
            ],
            [
              10.3927890625,
              63.41682421875
            ],
            [
              10.393890625000001,
              63.416859375
            ],
            [
              10.39388671875,
              63.41694140625
            ],
            [
              10.39399609375,
              63.41694140625
            ],
            [
              10.39399609375,
              63.417109374999995
            ],
            [
              10.39275,
              63.417070312499995
            ],
            [
              10.392734375,
              63.417148437499996
            ],
            [
              10.392554687499999,
              63.417144531249996
            ],
            [
              10.39253515625,
              63.4172265625
            ],
            [
              10.392359375,
              63.417218749999996
            ],
            [
              10.39232421875,
              63.4173828125
            ],
            [
              10.392144531249999,
              63.4173828125
            ],
            [
              10.392093749999999,
              63.4177109375
            ],
            [
              10.39226953125,
              63.41771875
            ],
            [
              10.392265625,
              63.4178046875
            ],
            [
              10.392441406249999,
              63.417808593749996
            ],
            [
              10.392421875,
              63.41796875
            ],
            [
              10.3926015625,
              63.4179765625
            ],
            [
              10.3926015625,
              63.418
            ],
            [
              10.392046875,
              63.418
            ],
            [
              10.392046875,
              63.41795703125
            ],
            [
              10.392,
              63.41795703125
            ]
          ]
        ]
      },
      "properties": {
        "source": "cv_detection",
        "area_m2": 3765.9768684796068,
        "tile_id": "tile_0005"
      }
    },
    {
      "type": "Feature",
      "geometry": {
        "type": "Polygon",
        "coordinates": [
          [
            [
              10.416,
              63.432249999999996
            ],
            [
              10.416,
              63.432003906249996
            ],
            [
              10.416230468750001,
              63.432003906249996
            ],
            [
              10.416234375,
              63.432015625
            ],
            [
              10.416464843750001,
              63.43201953124999
            ],
            [
              10.41646875,
              63.432003906249996
            ],
            [
              10.41799609375,
              63.432003906249996
            ],
            [
              10.41799609375,
              63.43223046874999
            ],
            [
              10.41625390625,
              63.432179687499996
            ],
            [
              10.416238281250001,
              63.4322578125
            ],
            [
              10.416,
              63.432249999999996
            ]
          ]
        ]
      },
      "properties": {
        "source": "cv_detection",
        "area_m2": 2260.4945137208097,
        "tile_id": "tile_0006"
      }
    },
    {
      "type": "Feature",
      "geometry": {
        "type": "Polygon",
        "coordinates": [
          [
            [
              10.416,
              63.433828125
            ],
            [
              10.416,
              63.433499999999995
            ],
            [
              10.416039062500001,
              63.433499999999995
            ],
            [
              10.4160703125,
              63.43333984375
            ],
            [
              10.41625,
              63.43334375
            ],
            [
              10.41628125,
              63.433179687499994
            ],
            [
              10.4164609375,
              63.433183593749995
            ],
            [
              10.41648046875,
              63.4331015625
            ],
            [
              10.41666015625,
              63.43310546874999
            ],
            [
              10.416675781250001,
              63.43302734375
            ],
            [
              10.417593750000002,
              63.4330546875
            ],
            [
              10.417589843750001,
              63.43313671875
            ],
            [
              10.417765625000001,
              63.43314062499999
            ],
            [
              10.41776171875,
              63.433222656249995
            ],
            [
              10.4179375,
              63.43323046875
            ],
            [
              10.417929687500001,
              63.43330859375
            ],
            [
              10.41799609375,
              63.4333125
            ],
            [
              10.41799609375,
              63.43348046875
            ],
            [
              10.417714843750002,
              63.433468749999996
            ],
            [
              10.41771875,
              63.43338671874999
            ],
            [
              10.417546875000001,
              63.4333828125
            ],
            [
              10.41754296875,
              63.433296874999996
            ],
            [
              10.417375000000002,
              63.433292968749996
            ],
            [
              10.41737890625,
              63.43321093749999
            ],
            [
              10.41701953125,
              63.43319921875
            ],
            [
              10.417000000000002,
              63.43328124999999
            ],
            [
              10.416816406250001,
              63.43328124999999
            ],
            [
              10.416781250000001,
              63.43349218749999
            ],
            [
              10.41678515625,
              63.4335234375
            ],
            [
              10.4169609375,
              63.433531249999994
            ],
            [
              10.41695703125,
              63.43361328125
            ],
            [
              10.4171328125,
              63.4336171875
            ],
            [
              10.417128906250001,
              63.43369921875
            ],
            [
              10.417304687500001,
              63.433707031249995
            ],
            [
              10.41730078125,
              63.4337890625
            ],
            [
              10.41747265625,
              63.43379296875
            ],
            [
              10.417468750000001,
              63.433878906249994
            ],
            [
              10.417644531250001,
              63.433882812499995
            ],
            [
              10.417640625,
              63.43396484375
            ],
            [
              10.41799609375,
              63.4339765625
            ],
            [
              10.41799609375,
              63.434
            ],
            [
              10.41688671875,
              63.434
            ],
            [
              10.416890625,
              63.43394140625
            ],
            [
              10.41634765625,
              63.433921874999996
            ],
            [
              10.416351562500001,
              63.43383984375
            ],
            [
              10.416,
              63.433828125
            ]
          ]
        ]
      },
      "properties": {
        "source": "cv_detection",
        "area_m2": 5887.477006589957,
        "tile_id": "tile_0006"
      }
    },
    {
      "type": "Feature",
      "geometry": {
        "type": "Polygon",
        "coordinates": [
          [
            [
              10.413874999999999,
              63.43085546875
            ],
            [
              10.413882812499999,
              63.43077734375
            ],
            [
              10.413996093749999,
              63.43078125
            ],
            [
              10.413996093749999,
              63.430859375000004
            ],
            [
              10.413874999999999,
              63.43085546875
            ]
          ]
        ]
      },
      "properties": {
        "source": "cv_detection",
        "area_m2": 50.53945002187631,
        "tile_id": "tile_0007"
      }
    },
    {
      "type": "Feature",
      "geometry": {
        "type": "Polygon",
        "coordinates": [
          [
            [
              10.411999999999999,
              63.432
            ],
            [
              10.411999999999999,
              63.431546875
            ],
            [
              10.41208984375,
              63.43155078125
            ],
            [
              10.41208203125,
              63.4316328125
            ],
            [
              10.412261718749999,
              63.43163671875
            ],
            [
              10.412257812499998,
              63.43171875
            ],
            [
              10.41262109375,
              63.431730468750004
            ],
            [
              10.412636718749999,
              63.43165234375
            ],
            [
              10.41281640625,
              63.43165625
            ],
            [
              10.41283203125,
              63.43157421875
            ],
            [
              10.413011718749999,
              63.431578125
            ],
            [
              10.413027343749999,
              63.43151171875
            ],
            [
              10.4130234375,
              63.4314921875
            ],
            [
              10.41284765625,
              63.431488281250004
            ],
            [
              10.412851562499998,
              63.43140625
            ],
            [
              10.41267578125,
              63.4313984375
            ],
            [
              10.41268359375,
              63.4313203125
            ],
            [
              10.4128671875,
              63.43132421875
            ],
            [
              10.4128828125,
              63.43126171875
            ],
            [
              10.412875,
              63.43123828125
            ],
            [
              10.41233203125,
              63.43122265625
            ],
            [
              10.412339843749999,
              63.431140625
            ],
            [
              10.41216015625,
              63.4311328125
            ],
            [
              10.41216796875,
              63.43105078125
            ],
            [
              10.411999999999999,
              63.431046875
            ],
            [
              10.411999999999999,
              63.43013671875
            ],
            [
              10.4121328125,
              63.430140625
            ],
            [
              10.412156249999999,
              63.43000390625
            ],
            [
              10.41289453125,
              63.43000390625
            ],
            [
              10.412878906249999,
              63.4301640625
            ],
            [
              10.4132421875,
              63.43016796875
            ],
            [
              10.41326953125,
              63.43000390625
            ],
            [
              10.413996093749999,
              63.43000390625
            ],
            [
              10.413996093749999,
              63.430140625
            ],
            [
              10.413984375,
              63.43014453125
            ],
            [
              10.41398046875,
              63.4301953125
            ],
            [
              10.413996093749999,
              63.43019921875
            ],
            [
              10.413996093749999,
              63.430613281250004
            ],
            [
              10.41373046875,
              63.43060546875
            ],
            [
              10.413703125,
              63.430765625
            ],
            [
              10.4135234375,
              63.43076171875
            ],
            [
              10.4135390625,
              63.4306015625
            ],
            [
              10.41336328125,
              63.43059375
            ],
            [
              10.413367187499999,
              63.430507812500004
            ],
            [
              10.41319140625,
              63.43050390625
            ],
            [
              10.41319921875,
              63.43042578125
            ],
            [
              10.413183593749999,
              63.43041796875
            ],
            [
              10.41283203125,
              63.43041015625
            ],
            [
              10.41281640625,
              63.4304921875
            ],
            [
              10.412636718749999,
              63.430484375
            ],
            [
              10.41259375,
              63.43071484375
            ],
            [
              10.41259765625,
              63.43073828125
            ],
            [
              10.412773437499999,
              63.4307421875
            ],
            [
              10.41276953125,
              63.430824218750004
            ],
            [
              10.4129453125,
              63.43083203125
            ],
            [
              10.4129375,
              63.43090625
            ],
            [
              10.412949218749999,
              63.4309140625
            ],
            [
              10.41312109375,
              63.43091796875
            ],
            [
              10.41311328125,
              63.431
            ],
            [
              10.41346875,
              63.431015625
            ],
            [
              10.41345703125,
              63.43117578125
            ],
            [
              10.413996093749999,
              63.4311953125
            ],
            [
              10.413996093749999,
              63.432
            ],
            [
              10.413507812499999,
              63.432
            ],
            [
              10.4135234375,
              63.431839843750005
            ],
            [
              10.412976562499999,
              63.43182421875
            ],
            [
              10.4129609375,
              63.431906250000004
            ],
            [
              10.41278125,
              63.431902343750004
            ],
            [
              10.412765624999999,
              63.431980468750005
            ],
            [
              10.412582031249999,
              63.431976562500004
            ],
            [
              10.412574218749999,
              63.432
            ],
            [
              10.411999999999999,
              63.432
            ]
          ]
        ]
      },
      "properties": {
        "source": "cv_detection",
        "area_m2": 15004.582474596307,
        "tile_id": "tile_0007"
      }
    },
    {
      "type": "Feature",
      "geometry": {
        "type": "Polygon",
        "coordinates": [
          [
            [
              10.41199609375,
              63.432
            ],
            [
              10.41146484375,
              63.432
            ],
            [
              10.411468750000001,
              63.431941406250004
            ],
            [
              10.411109375,
              63.4319296875
            ],
            [
              10.4111171875,
              63.43184375
            ],
            [
              10.41094140625,
              63.431839843750005
            ],
            [
              10.41095703125,
              63.43167578125
            ],
            [
              10.410781250000001,
              63.431671875
            ],
            [
              10.410789062500001,
              63.431589843750004
            ],
            [
              10.410609375,
              63.43158203125
            ],
            [
              10.41061328125,
              63.4315
            ],
            [
              10.41006640625,
              63.43148046875
            ],
            [
              10.41005078125,
              63.4315625
            ],
            [
              10.41,
              63.431558593750005
            ],
            [
              10.41,
              63.430734375
            ],
            [
              10.41018359375,
              63.4307421875
            ],
            [
              10.4101796875,
              63.430824218750004
            ],
            [
              10.4105390625,
              63.43083203125
            ],
            [
              10.4105546875,
              63.430753906250004
            ],
            [
              10.4107421875,
              63.43075
            ],
            [
              10.41077734375,
              63.43053125
            ],
            [
              10.4107734375,
              63.430507812500004
            ],
            [
              10.410597656250001,
              63.43050390625
            ],
            [
              10.4106015625,
              63.43041796875
            ],
            [
              10.41042578125,
              63.4304140625
            ],
            [
              10.41043359375,
              63.430328125
            ],
            [
              10.4102578125,
              63.43032421875
            ],
            [
              10.41026171875,
              63.4302421875
            ],
            [
              10.4100859375,
              63.430234375
            ],
            [
              10.41009375,
              63.43015625
            ],
            [
              10.41,
              63.4301484375
            ],
            [
              10.41,
              63.43000390625
            ],
            [
              10.411042968750001,
              63.43000390625
            ],
            [
              10.411046875,
              63.4300234375
            ],
            [
              10.41122265625,
              63.43002734375
            ],
            [
              10.41121875,
              63.430109375
            ],
            [
              10.41139453125,
              63.4301171875
            ],
            [
              10.41138671875,
              63.43019921875
            ],
            [
              10.4115625,
              63.43020703125
            ],
            [
              10.4115546875,
              63.43028125
            ],
            [
              10.411574218750001,
              63.4302890625
            ],
            [
              10.41173828125,
              63.43029296875
            ],
            [
              10.41175390625,
              63.4302109375
            ],
            [
              10.411933593750001,
              63.43021875
            ],
            [
              10.411953125,
              63.43013671875
            ],
            [
              10.41199609375,
              63.43013671875
            ],
            [
              10.41199609375,
              63.430960937500004
            ],
            [
              10.411453125000001,
              63.4309453125
            ],
            [
              10.41143359375,
              63.43102734375
            ],
            [
              10.41125390625,
              63.4310234375
            ],
            [
              10.411234375000001,
              63.43110546875
            ],
            [
              10.41105859375,
              63.431101562500004
            ],
            [
              10.411042968750001,
              63.43116015625
            ],
            [
              10.411046875,
              63.43118359375
            ],
            [
              10.41122265625,
              63.4311875
            ],
            [
              10.41121484375,
              63.4312734375
            ],
            [
              10.41139453125,
              63.431277343750004
            ],
            [
              10.41138671875,
              63.431359375
            ],
            [
              10.411566406250001,
              63.4313671875
            ],
            [
              10.4115625,
              63.431449218750004
            ],
            [
              10.41173828125,
              63.431453125000004
            ],
            [
              10.411730468750001,
              63.43153515625
            ],
            [
              10.41199609375,
              63.431546875
            ],
            [
              10.41199609375,
              63.432
            ]
          ]
        ]
      },
      "properties": {
        "source": "cv_detection",
        "area_m2": 14591.353094540862,
        "tile_id": "tile_0008"
      }
    },
    {
      "type": "Feature",
      "geometry": {
        "type": "Polygon",
        "coordinates": [
          [
            [
              10.424,
              63.432
            ],
            [
              10.424,
              63.43159765625
            ],
            [
              10.424125,
              63.4316015625
            ],
            [
              10.424140625,
              63.431523437500005
            ],
            [
              10.424320312499999,
              63.43152734375
            ],
            [
              10.42433984375,
              63.4314453125
            ],
            [
              10.425070312499999,
              63.43146484375
            ],
            [
              10.42508984375,
              63.431382812500004
            ],
            [
              10.42526953125,
              63.431390625
            ],
            [
              10.42528125,
              63.43134375
            ],
            [
              10.42527734375,
              63.4313046875
            ],
            [
              10.424,
              63.431265625
            ],
            [
              10.424,
              63.43000390625
            ],
            [
              10.424031249999999,
              63.43002734375
            ],
            [
              10.4241875,
              63.43003125
            ],
            [
              10.424171874999999,
              63.4301953125
            ],
            [
              10.42434375,
              63.430203125
            ],
            [
              10.4243125,
              63.43044140625
            ],
            [
              10.4244921875,
              63.430453125
            ],
            [
              10.42447265625,
              63.43062109375
            ],
            [
              10.4246484375,
              63.430625
            ],
            [
              10.424624999999999,
              63.43078515625
            ],
            [
              10.4244453125,
              63.43078125
            ],
            [
              10.4244296875,
              63.43086328125
            ],
            [
              10.42424609375,
              63.430859375000004
            ],
            [
              10.42423046875,
              63.43094140625
            ],
            [
              10.424046875,
              63.43093359375
            ],
            [
              10.4240390625,
              63.43101953125
            ],
            [
              10.42587890625,
              63.43107421875
            ],
            [
              10.42592578125,
              63.43075
            ],
            [
              10.42575,
              63.4307421875
            ],
            [
              10.42576953125,
              63.430578125000004
            ],
            [
              10.42559375,
              63.43056640625
            ],
            [
              10.425625,
              63.430328125
            ],
            [
              10.4254453125,
              63.43031640625
            ],
            [
              10.42546484375,
              63.43015234375
            ],
            [
              10.4252890625,
              63.43014453125
            ],
            [
              10.42530859375,
              63.43000390625
            ],
            [
              10.42599609375,
              63.43000390625
            ],
            [
              10.42599609375,
              63.431578125
            ],
            [
              10.425984375,
              63.43157421875
            ],
            [
              10.42598828125,
              63.43149609375
            ],
            [
              10.4258125,
              63.4314921875
            ],
            [
              10.425796875,
              63.4315703125
            ],
            [
              10.4256171875,
              63.4315625
            ],
            [
              10.42559765625,
              63.43164453125
            ],
            [
              10.42541796875,
              63.431640625
            ],
            [
              10.425390625,
              63.43178515625
            ],
            [
              10.42539453125,
              63.4318125
            ],
            [
              10.4255703125,
              63.43181640625
            ],
            [
              10.42555859375,
              63.43187890625
            ],
            [
              10.42556640625,
              63.431902343750004
            ],
            [
              10.42573828125,
              63.431906250000004
            ],
            [
              10.425734375,
              63.43198828125
            ],
            [
              10.4259140625,
              63.4319921875
            ],
            [
              10.4259296875,
              63.4319140625
            ],
            [
              10.42599609375,
              63.4319140625
            ],
            [
              10.42599609375,
              63.432
            ],
            [
              10.424808593749999,
              63.432
            ],
            [
              10.4248203125,
              63.431875000000005
            ],
            [
              10.42469921875,
              63.4318671875
            ],
            [
              10.42463671875,
              63.431875000000005
            ],
            [
              10.424624999999999,
              63.43194921875
            ],
            [
              10.4244453125,
              63.431941406250004
            ],
            [
              10.424433593749999,
              63.432
            ],
            [
              10.424,
              63.432
            ]
          ]
        ]
      },
      "properties": {
        "source": "cv_detection",
        "area_m2": 11836.23828419905,
        "tile_id": "tile_0009"
      }
    },
    {
      "type": "Feature",
      "geometry": {
        "type": "Polygon",
        "coordinates": [
          [
            [
              10.41999609375,
              63.43453515625
            ],
            [
              10.419953125,
              63.43453515625
            ],
            [
              10.419960937499999,
              63.434453125
            ],
            [
              10.41978515625,
              63.43444921875
            ],
            [
              10.4197890625,
              63.43436328125
            ],
            [
              10.41961328125,
              63.434359375
            ],
            [
              10.4196171875,
              63.43427734375
            ],
            [
              10.41944140625,
              63.434269531249996
            ],
            [
              10.4194453125,
              63.4341875
            ],
            [
              10.4192734375,
              63.4341796875
            ],
            [
              10.419289062499999,
              63.434015625
            ],
            [
              10.41896875,
              63.43400390625
            ],
            [
              10.41999609375,
              63.43400390625
            ],
            [
              10.41999609375,
              63.4340390625
            ],
            [
              10.419847656249999,
              63.43403515625
            ],
            [
              10.4198359375,
              63.434089843749994
            ],
            [
              10.41983984375,
              63.43412109375
            ],
            [
              10.41999609375,
              63.434124999999995
            ],
            [
              10.41999609375,
              63.43453515625
            ]
          ]
        ]
      },
      "properties": {
        "source": "cv_detection",
        "area_m2": 1223.5397818279712,
        "tile_id": "tile_0010"
      }
    },
    {
      "type": "Feature",
      "geometry": {
        "type": "Polygon",
        "coordinates": [
          [
            [
              10.418,
              63.436
            ],
            [
              10.418,
              63.43588671875
            ],
            [
              10.418249999999999,
              63.43589453125
            ],
            [
              10.41826171875,
              63.43584765625
            ],
            [
              10.418257812499998,
              63.43580859375
            ],
            [
              10.418,
              63.43580078125
            ],
            [
              10.418,
              63.43547265625
            ],
            [
              10.41831640625,
              63.43548046875
            ],
            [
              10.418347656249999,
              63.4353203125
            ],
            [
              10.41852734375,
              63.43532421875
            ],
            [
              10.4185234375,
              63.43540625
            ],
            [
              10.41869921875,
              63.43541015625
            ],
            [
              10.41875390625,
              63.435109374999996
            ],
            [
              10.41875,
              63.435078125
            ],
            [
              10.418574218749999,
              63.435070312499995
            ],
            [
              10.418578125,
              63.43498828125
            ],
            [
              10.41840234375,
              63.434984375
            ],
            [
              10.41840234375,
              63.434898437499996
            ],
            [
              10.41823046875,
              63.43489453125
            ],
            [
              10.418234374999999,
              63.4348125
            ],
            [
              10.4180625,
              63.4348046875
            ],
            [
              10.4180703125,
              63.434726562499996
            ],
            [
              10.418,
              63.43471875
            ],
            [
              10.418,
              63.43400390625
            ],
            [
              10.418921874999999,
              63.43400390625
            ],
            [
              10.41891015625,
              63.4340859375
            ],
            [
              10.418730468749999,
              63.43408203125
            ],
            [
              10.4187109375,
              63.434164062499995
            ],
            [
              10.41853125,
              63.434160156249995
            ],
            [
              10.4184921875,
              63.43440234375
            ],
            [
              10.418851562499999,
              63.434421875
            ],
            [
              10.418851562499999,
              63.4345078125
            ],
            [
              10.4190234375,
              63.434511718749995
            ],
            [
              10.41901171875,
              63.43467578125
            ],
            [
              10.4191875,
              63.4346796875
            ],
            [
              10.4191796875,
              63.434761718749996
            ],
            [
              10.41935546875,
              63.43476953125
            ],
            [
              10.4193515625,
              63.4348515625
            ],
            [
              10.41952734375,
              63.43485546875
            ],
            [
              10.4195234375,
              63.4349375
            ],
            [
              10.4198828125,
              63.434953125
            ],
            [
              10.419875,
              63.43503125
            ],
            [
              10.41969140625,
              63.43502734375
            ],
            [
              10.41967578125,
              63.435105468749995
            ],
            [
              10.41999609375,
              63.43512109375
            ],
            [
              10.41999609375,
              63.43569921875
            ],
            [
              10.419953125,
              63.4356953125
            ],
            [
              10.419960937499999,
              63.43561328125
            ],
            [
              10.41978125,
              63.435609375
            ],
            [
              10.4197890625,
              63.435527343749996
            ],
            [
              10.419609375,
              63.4355234375
            ],
            [
              10.41959375,
              63.4356015625
            ],
            [
              10.41941015625,
              63.435597656249996
            ],
            [
              10.41939453125,
              63.43567578125
            ],
            [
              10.41903125,
              63.435667968749996
            ],
            [
              10.419015625,
              63.43575
            ],
            [
              10.418835937499999,
              63.43574609375
            ],
            [
              10.41879296875,
              63.4359921875
            ],
            [
              10.41890625,
              63.436
            ],
            [
              10.418,
              63.436
            ]
          ]
        ]
      },
      "properties": {
        "source": "cv_detection",
        "area_m2": 11772.744736254339,
        "tile_id": "tile_0010"
      }
    },
    {
      "type": "Feature",
      "geometry": {
        "type": "Polygon",
        "coordinates": [
          [
            [
              10.405999999999999,
              63.426453125
            ],
            [
              10.405999999999999,
              63.42600390625
            ],
            [
              10.407421874999999,
              63.42600390625
            ],
            [
              10.40741015625,
              63.426082031250004
            ],
            [
              10.407046874999999,
              63.42607421875
            ],
            [
              10.40703125,
              63.426156250000005
            ],
            [
              10.40684765625,
              63.426152343750005
            ],
            [
              10.406828124999999,
              63.426234375
            ],
            [
              10.406652343749998,
              63.426226562500005
            ],
            [
              10.4066328125,
              63.42630859375
            ],
            [
              10.406269531249999,
              63.42630078125
            ],
            [
              10.406253906249999,
              63.42637890625
            ],
            [
              10.406070312499999,
              63.426375
            ],
            [
              10.4060546875,
              63.42645703125
            ],
            [
              10.405999999999999,
              63.426453125
            ]
          ]
        ]
      },
      "properties": {
        "source": "cv_detection",
        "area_m2": 1761.3901072822387,
        "tile_id": "tile_0011"
      }
    },
    {
      "type": "Feature",
      "geometry": {
        "type": "Polygon",
        "coordinates": [
          [
            [
              10.405999999999999,
              63.428000000000004
            ],
            [
              10.405999999999999,
              63.427703125
            ],
            [
              10.406042968749999,
              63.42769921875001
            ],
            [
              10.4060546875,
              63.427621093750005
            ],
            [
              10.40623828125,
              63.427625000000006
            ],
            [
              10.406269531249999,
              63.42746484375
            ],
            [
              10.40644921875,
              63.42746875
            ],
            [
              10.40646484375,
              63.42738671875
            ],
            [
              10.406644531249999,
              63.427390625
            ],
            [
              10.406664062499999,
              63.427312500000006
            ],
            [
              10.407027343749998,
              63.4273203125
            ],
            [
              10.40704296875,
              63.427238281250006
            ],
            [
              10.40722265625,
              63.427242187500006
            ],
            [
              10.4072578125,
              63.427078125
            ],
            [
              10.40743359375,
              63.4270859375
            ],
            [
              10.407453125,
              63.42700000000001
            ],
            [
              10.4076328125,
              63.4270078125
            ],
            [
              10.407664062499999,
              63.42684375
            ],
            [
              10.40784375,
              63.426847656250004
            ],
            [
              10.40787109375,
              63.426703125
            ],
            [
              10.407867187499999,
              63.426683593750006
            ],
            [
              10.407691406249999,
              63.426675781250005
            ],
            [
              10.40767578125,
              63.4267578125
            ],
            [
              10.407308593749999,
              63.426746093750005
            ],
            [
              10.40729296875,
              63.426828125
            ],
            [
              10.407109375,
              63.426824218750006
            ],
            [
              10.40709375,
              63.42690234375
            ],
            [
              10.4067265625,
              63.42689453125001
            ],
            [
              10.4067109375,
              63.42697265625
            ],
            [
              10.406347656249999,
              63.42696484375001
            ],
            [
              10.406328124999998,
              63.427046875
            ],
            [
              10.405999999999999,
              63.4270390625
            ],
            [
              10.405999999999999,
              63.42679296875
            ],
            [
              10.40637109375,
              63.42680078125
            ],
            [
              10.40638671875,
              63.42672265625
            ],
            [
              10.406749999999999,
              63.42673046875
            ],
            [
              10.40676953125,
              63.426648437500006
            ],
            [
              10.406949218749999,
              63.42665625
            ],
            [
              10.406968749999999,
              63.426574218750005
            ],
            [
              10.407332031249998,
              63.42658203125
            ],
            [
              10.40734765625,
              63.426500000000004
            ],
            [
              10.407527343749999,
              63.426507812500006
            ],
            [
              10.407546875,
              63.42642578125
            ],
            [
              10.407726562499999,
              63.426429687500004
            ],
            [
              10.40774609375,
              63.4263515625
            ],
            [
              10.407996093749999,
              63.42635546875
            ],
            [
              10.407996093749999,
              63.4271171875
            ],
            [
              10.407984375,
              63.42712109375
            ],
            [
              10.407980468749999,
              63.4271796875
            ],
            [
              10.407996093749999,
              63.42718359375
            ],
            [
              10.407996093749999,
              63.428000000000004
            ],
            [
              10.405999999999999,
              63.428000000000004
            ]
          ]
        ]
      },
      "properties": {
        "source": "cv_detection",
        "area_m2": 11441.382233215567,
        "tile_id": "tile_0011"
      }
    },
    {
      "type": "Feature",
      "geometry": {
        "type": "Polygon",
        "coordinates": [
          [
            [
              10.416,
              63.422171875
            ],
            [
              10.416,
              63.42200390625
            ],
            [
              10.41602734375,
              63.42200390625
            ],
            [
              10.416,
              63.422171875
            ]
          ]
        ]
      },
      "properties": {
        "source": "cv_detection",
        "area_m2": 12.659418874519794,
        "tile_id": "tile_0012"
      }
    },
    {
      "type": "Feature",
      "geometry": {
        "type": "Polygon",
        "coordinates": [
          [
            [
              10.416,
              63.42370703125
            ],
            [
              10.416,
              63.42312890625
            ],
            [
              10.416039062500001,
              63.42312109375
            ],
            [
              10.41605078125,
              63.423046875
            ],
            [
              10.416414062500001,
              63.42305859375
            ],
            [
              10.4164296875,
              63.4229765625
            ],
            [
              10.416613281250001,
              63.42298046875
            ],
            [
              10.41662890625,
              63.422902343749996
            ],
            [
              10.4168125,
              63.42290625
            ],
            [
              10.416828125,
              63.42282421875
            ],
            [
              10.417007812500001,
              63.422828124999995
            ],
            [
              10.41701953125,
              63.42275
            ],
            [
              10.4169921875,
              63.4227421875
            ],
            [
              10.41665625,
              63.422734375
            ],
            [
              10.416640625000001,
              63.4228125
            ],
            [
              10.416457031250001,
              63.42280859375
            ],
            [
              10.41644140625,
              63.422890625
            ],
            [
              10.416078125,
              63.4228828125
            ],
            [
              10.4160625,
              63.42295703125
            ],
            [
              10.416,
              63.4229609375
            ],
            [
              10.416,
              63.4226328125
            ],
            [
              10.416300781250001,
              63.42263671875
            ],
            [
              10.416335937500001,
              63.422390625
            ],
            [
              10.416160156250001,
              63.4223828125
            ],
            [
              10.416171875,
              63.422304687499995
            ],
            [
              10.416351562500001,
              63.422304687499995
            ],
            [
              10.416386718750001,
              63.422062499999996
            ],
            [
              10.4162109375,
              63.422054687499994
            ],
            [
              10.41621484375,
              63.42200390625
            ],
            [
              10.41676953125,
              63.42200390625
            ],
            [
              10.416765625,
              63.42207421875
            ],
            [
              10.416937500000001,
              63.42208203125
            ],
            [
              10.41693359375,
              63.422164062499995
            ],
            [
              10.417296875000002,
              63.42217578125
            ],
            [
              10.417304687500001,
              63.422164062499995
            ],
            [
              10.41732421875,
              63.42200390625
            ],
            [
              10.41799609375,
              63.42200390625
            ],
            [
              10.41799609375,
              63.424
            ],
            [
              10.416453125,
              63.424
            ],
            [
              10.41647265625,
              63.423890625
            ],
            [
              10.416648437500001,
              63.42389453125
            ],
            [
              10.41666015625,
              63.4238125
            ],
            [
              10.416117187500001,
              63.42379296875
            ],
            [
              10.41612109375,
              63.4237109375
            ],
            [
              10.416,
              63.42370703125
            ]
          ]
        ]
      },
      "properties": {
        "source": "cv_detection",
        "area_m2": 18999.64277928228,
        "tile_id": "tile_0012"
      }
    },
    {
      "type": "Feature",
      "geometry": {
        "type": "Polygon",
        "coordinates": [
          [
            [
              10.39999609375,
              63.42376953125
            ],
            [
              10.39982421875,
              63.423765625
            ],
            [
              10.39984375,
              63.42360546875
            ],
            [
              10.39966796875,
              63.42359375
            ],
            [
              10.39968359375,
              63.4234296875
            ],
            [
              10.3995078125,
              63.423425781249996
            ],
            [
              10.39951171875,
              63.42334375
            ],
            [
              10.3993359375,
              63.4233359375
            ],
            [
              10.39934375,
              63.42325390625
            ],
            [
              10.39916796875,
              63.423246093749995
            ],
            [
              10.399171875,
              63.4231640625
            ],
            [
              10.399000000000001,
              63.42315625
            ],
            [
              10.39901171875,
              63.42299609375
            ],
            [
              10.3988359375,
              63.42298828125
            ],
            [
              10.39884375,
              63.422902343749996
            ],
            [
              10.39866796875,
              63.422898437499995
            ],
            [
              10.39868359375,
              63.422734375
            ],
            [
              10.39813671875,
              63.42271875
            ],
            [
              10.39812109375,
              63.422796874999996
            ],
            [
              10.398,
              63.422792968749995
            ],
            [
              10.398,
              63.4223671875
            ],
            [
              10.39801171875,
              63.42236328125
            ],
            [
              10.398015625,
              63.422304687499995
            ],
            [
              10.398,
              63.422300781249994
            ],
            [
              10.398,
              63.42205078125
            ],
            [
              10.39805859375,
              63.42205078125
            ],
            [
              10.3980703125,
              63.42200390625
            ],
            [
              10.39973046875,
              63.42200390625
            ],
            [
              10.3997265625,
              63.422023437499995
            ],
            [
              10.399546875,
              63.422015625
            ],
            [
              10.3995390625,
              63.422101562499996
            ],
            [
              10.39999609375,
              63.4221171875
            ],
            [
              10.39999609375,
              63.422609375
            ],
            [
              10.399640625,
              63.4226015625
            ],
            [
              10.39961328125,
              63.42273828125
            ],
            [
              10.39962109375,
              63.42276953125
            ],
            [
              10.39979296875,
              63.4227734375
            ],
            [
              10.3997890625,
              63.42285546875
            ],
            [
              10.3999609375,
              63.422863281249995
            ],
            [
              10.39994140625,
              63.4230234375
            ],
            [
              10.39999609375,
              63.42302734375
            ],
            [
              10.39999609375,
              63.4235234375
            ],
            [
              10.399863281250001,
              63.42351953125
            ],
            [
              10.39984765625,
              63.4236015625
            ],
            [
              10.39999609375,
              63.423609375
            ],
            [
              10.39999609375,
              63.42376953125
            ]
          ]
        ]
      },
      "properties": {
        "source": "cv_detection",
        "area_m2": 11375.896797400224,
        "tile_id": "tile_0013"
      }
    },
    {
      "type": "Feature",
      "geometry": {
        "type": "Polygon",
        "coordinates": [
          [
            [
              10.355996093749999,
              63.414
            ],
            [
              10.35529296875,
              63.414
            ],
            [
              10.3553125,
              63.4138671875
            ],
            [
              10.35512890625,
              63.41385546875
            ],
            [
              10.35513671875,
              63.4137734375
            ],
            [
              10.354,
              63.413734375000004
            ],
            [
              10.354,
              63.4134921875
            ],
            [
              10.354808593749999,
              63.413515625
            ],
            [
              10.35483203125,
              63.4134296875
            ],
            [
              10.35486328125,
              63.4131875
            ],
            [
              10.354687499999999,
              63.4131796875
            ],
            [
              10.354703124999999,
              63.41301171875
            ],
            [
              10.354531249999999,
              63.4130078125
            ],
            [
              10.354574218749999,
              63.4126796875
            ],
            [
              10.354398437499999,
              63.412671875
            ],
            [
              10.354433593749999,
              63.41242578125
            ],
            [
              10.35425390625,
              63.41241796875
            ],
            [
              10.354292968749998,
              63.412171875
            ],
            [
              10.35447265625,
              63.4121796875
            ],
            [
              10.3544921875,
              63.41209375
            ],
            [
              10.354671875,
              63.4121015625
            ],
            [
              10.354687499999999,
              63.412019531249996
            ],
            [
              10.354363281249999,
              63.41200390625
            ],
            [
              10.3548671875,
              63.41200390625
            ],
            [
              10.354859375,
              63.41210546875
            ],
            [
              10.35504296875,
              63.412109375
            ],
            [
              10.35505859375,
              63.41200390625
            ],
            [
              10.355996093749999,
              63.41200390625
            ],
            [
              10.355996093749999,
              63.41222265625
            ],
            [
              10.355765625,
              63.41221875
            ],
            [
              10.35574609375,
              63.412300781249996
            ],
            [
              10.3553828125,
              63.4122890625
            ],
            [
              10.35537109375,
              63.4123671875
            ],
            [
              10.355550781249999,
              63.41237890625
            ],
            [
              10.3555390625,
              63.41245703125
            ],
            [
              10.355171875,
              63.41244921875
            ],
            [
              10.35516015625,
              63.41250390625
            ],
            [
              10.3551640625,
              63.41253125
            ],
            [
              10.35570703125,
              63.41255078125
            ],
            [
              10.35573828125,
              63.41238671875
            ],
            [
              10.3559140625,
              63.41239453125
            ],
            [
              10.3558984375,
              63.41255078125
            ],
            [
              10.355996093749999,
              63.41255859375
            ],
            [
              10.355996093749999,
              63.413382812500004
            ],
            [
              10.3559453125,
              63.413382812500004
            ],
            [
              10.355953125,
              63.4133046875
            ],
            [
              10.35559375,
              63.41329296875
            ],
            [
              10.355578125,
              63.41337109375
            ],
            [
              10.355394531249999,
              63.4133671875
            ],
            [
              10.3553828125,
              63.41344921875
            ],
            [
              10.35555859375,
              63.41345703125
            ],
            [
              10.3555546875,
              63.41354296875
            ],
            [
              10.355734374999999,
              63.413546875
            ],
            [
              10.3557265625,
              63.413628906250004
            ],
            [
              10.355996093749999,
              63.41363671875
            ],
            [
              10.355996093749999,
              63.414
            ]
          ]
        ]
      },
      "properties": {
        "source": "cv_detection",
        "area_m2": 13933.668621052964,
        "tile_id": "tile_0014"
      }
    },
    {
      "type": "Feature",
      "geometry": {
        "type": "Polygon",
        "coordinates": [
          [
            [
              10.405999999999999,
              63.426
            ],
            [
              10.405999999999999,
              63.42595703125
            ],
            [
              10.4061328125,
              63.4259609375
            ],
            [
              10.406148437499999,
              63.4258828125
            ],
            [
              10.406332031249999,
              63.42588671875
            ],
            [
              10.406347656249999,
              63.425804687500005
            ],
            [
              10.40652734375,
              63.42580859375
            ],
            [
              10.40654296875,
              63.425730468750004
            ],
            [
              10.40691015625,
              63.42573828125
            ],
            [
              10.406941406249999,
              63.42557421875
            ],
            [
              10.40712109375,
              63.42558203125
            ],
            [
              10.40713671875,
              63.4255
            ],
            [
              10.407324218749999,
              63.42549609375
            ],
            [
              10.407351562499999,
              63.42533984375
            ],
            [
              10.407527343749999,
              63.42534375
            ],
            [
              10.4075546875,
              63.42518359375
            ],
            [
              10.407375,
              63.425171875000004
            ],
            [
              10.407359374999999,
              63.42525390625
            ],
            [
              10.40699609375,
              63.42524609375
            ],
            [
              10.40696484375,
              63.42540625
            ],
            [
              10.406421875,
              63.425390625
            ],
            [
              10.406421875,
              63.42530859375
            ],
            [
              10.406058593749998,
              63.425296875
            ],
            [
              10.406046875,
              63.42537109375
            ],
            [
              10.405999999999999,
              63.425375
            ],
            [
              10.405999999999999,
              63.42512890625
            ],
            [
              10.40608203125,
              63.4251328125
            ],
            [
              10.40609765625,
              63.42505078125
            ],
            [
              10.406835937499999,
              63.42507421875
            ],
            [
              10.406851562499998,
              63.42499609375
            ],
            [
              10.407210937499999,
              63.42500390625
            ],
            [
              10.407246093749999,
              63.42483984375
            ],
            [
              10.40742578125,
              63.42483984375
            ],
            [
              10.40746875,
              63.42459765625
            ],
            [
              10.407648437499999,
              63.42460546875
            ],
            [
              10.40766796875,
              63.42451953125
            ],
            [
              10.407847656249999,
              63.42451953125
            ],
            [
              10.40793359375,
              63.42400390625
            ],
            [
              10.407996093749999,
              63.42400390625
            ],
            [
              10.407996093749999,
              63.42477734375
            ],
            [
              10.407812499999999,
              63.4247734375
            ],
            [
              10.4077734375,
              63.42498046875
            ],
            [
              10.407777343749999,
              63.42501953125
            ],
            [
              10.40794921875,
              63.42502734375
            ],
            [
              10.407980468749999,
              63.42486328125
            ],
            [
              10.407996093749999,
              63.42486328125
            ],
            [
              10.407996093749999,
              63.4257734375
            ],
            [
              10.4078359375,
              63.425769531250005
            ],
            [
              10.40781640625,
              63.4258515625
            ],
            [
              10.407640624999999,
              63.42584375
            ],
            [
              10.407625,
              63.42592578125
            ],
            [
              10.40744140625,
              63.425921875
            ],
            [
              10.40742578125,
              63.426
            ],
            [
              10.405999999999999,
              63.426
            ]
          ]
        ]
      },
      "properties": {
        "source": "cv_detection",
        "area_m2": 8700.072717183935,
        "tile_id": "tile_0015"
      }
    },
    {
      "type": "Feature",
      "geometry": {
        "type": "Polygon",
        "coordinates": [
          [
            [
              10.41999609375,
              63.425578125
            ],
            [
              10.41972265625,
              63.42556640625
            ],
            [
              10.41973046875,
              63.425484375
            ],
            [
              10.419550781249999,
              63.42548046875
            ],
            [
              10.41955859375,
              63.42540234375
            ],
            [
              10.41937890625,
              63.425390625
            ],
            [
              10.4193828125,
              63.42530859375
            ],
            [
              10.41920703125,
              63.4253046875
            ],
            [
              10.419210937499999,
              63.42522265625
            ],
            [
              10.419035156249999,
              63.42521484375
            ],
            [
              10.41904296875,
              63.4251328125
            ],
            [
              10.4188671875,
              63.42512890625
            ],
            [
              10.418875,
              63.425046875
            ],
            [
              10.41905859375,
              63.42505078125
            ],
            [
              10.419070312499999,
              63.4250078125
            ],
            [
              10.41906640625,
              63.42496875
            ],
            [
              10.418890625,
              63.4249609375
            ],
            [
              10.4188984375,
              63.42487890625
            ],
            [
              10.41871875,
              63.424875
            ],
            [
              10.418695312499999,
              63.42503515625
            ],
            [
              10.418511718749999,
              63.42503125
            ],
            [
              10.41851953125,
              63.42494921875
            ],
            [
              10.41815234375,
              63.4249375
            ],
            [
              10.418136718749999,
              63.42501953125
            ],
            [
              10.418,
              63.425015625
            ],
            [
              10.418,
              63.42410546875
            ],
            [
              10.41809765625,
              63.42410546875
            ],
            [
              10.41811328125,
              63.42404296875
            ],
            [
              10.418109374999998,
              63.4240234375
            ],
            [
              10.418,
              63.424019531249996
            ],
            [
              10.418,
              63.42400390625
            ],
            [
              10.4181171875,
              63.42400390625
            ],
            [
              10.418121093749999,
              63.42402734375
            ],
            [
              10.418296875,
              63.42403125
            ],
            [
              10.41830078125,
              63.42400390625
            ],
            [
              10.41959765625,
              63.42400390625
            ],
            [
              10.41959375,
              63.42407421875
            ],
            [
              10.41999609375,
              63.4240859375
            ],
            [
              10.41999609375,
              63.425578125
            ]
          ]
        ]
      },
      "properties": {
        "source": "cv_detection",
        "area_m2": 12740.879135367753,
        "tile_id": "tile_0016"
      }
    },
    {
      "type": "Feature",
      "geometry": {
        "type": "Polygon",
        "coordinates": [
          [
            [
              10.41946484375,
              63.426
            ],
            [
              10.4187265625,
              63.426
            ],
            [
              10.418730468749999,
              63.42595703125
            ],
            [
              10.41871484375,
              63.42594921875
            ],
            [
              10.41855078125,
              63.425945312500005
            ],
            [
              10.41855859375,
              63.4258671875
            ],
            [
              10.418375,
              63.425859375
            ],
            [
              10.418359375,
              63.4259375
            ],
            [
              10.418,
              63.4259296875
            ],
            [
              10.418,
              63.42526953125
            ],
            [
              10.418093749999999,
              63.4252734375
            ],
            [
              10.41808984375,
              63.42535546875
            ],
            [
              10.418265625,
              63.425359375
            ],
            [
              10.418249999999999,
              63.425523437500004
            ],
            [
              10.418609374999999,
              63.4255390625
            ],
            [
              10.41860546875,
              63.4256171875
            ],
            [
              10.41878125,
              63.425625000000004
            ],
            [
              10.41877734375,
              63.42570703125
            ],
            [
              10.418953125,
              63.4257109375
            ],
            [
              10.418949218749999,
              63.42579296875
            ],
            [
              10.419125,
              63.425800781250004
            ],
            [
              10.4191171875,
              63.4258828125
            ],
            [
              10.41929296875,
              63.425890625
            ],
            [
              10.419289062499999,
              63.42597265625
            ],
            [
              10.41946484375,
              63.425976562500004
            ],
            [
              10.41946484375,
              63.426
            ]
          ]
        ]
      },
      "properties": {
        "source": "cv_detection",
        "area_m2": 2489.315739415712,
        "tile_id": "tile_0016"
      }
    },
    {
      "type": "Feature",
      "geometry": {
        "type": "Polygon",
        "coordinates": [
          [
            [
              10.388,
              63.4319296875
            ],
            [
              10.388,
              63.43000390625
            ],
            [
              10.38862890625,
              63.43000390625
            ],
            [
              10.38855859375,
              63.4304296875
            ],
            [
              10.38855078125,
              63.4305390625
            ],
            [
              10.38891015625,
              63.43055078125
            ],
            [
              10.38892578125,
              63.430472656250004
            ],
            [
              10.38999609375,
              63.43050390625
            ],
            [
              10.38999609375,
              63.432
            ],
            [
              10.38849609375,
              63.432
            ],
            [
              10.3885,
              63.43194921875
            ],
            [
              10.388,
              63.4319296875
            ]
          ]
        ]
      },
      "properties": {
        "source": "cv_detection",
        "area_m2": 17922.79422888082,
        "tile_id": "tile_0017"
      }
    },
    {
      "type": "Feature",
      "geometry": {
        "type": "Polygon",
        "coordinates": [
          [
            [
              10.405855468750001,
              63.43
            ],
            [
              10.405121093750001,
              63.43
            ],
            [
              10.405156250000001,
              63.42975
            ],
            [
              10.40498046875,
              63.429738281249996
            ],
            [
              10.4049921875,
              63.42957421875
            ],
            [
              10.4048203125,
              63.4295703125
            ],
            [
              10.40483984375,
              63.42941015625
            ],
            [
              10.40466015625,
              63.4293984375
            ],
            [
              10.4046796875,
              63.42927734375
            ],
            [
              10.40467578125,
              63.429234375
            ],
            [
              10.40450390625,
              63.42923046875
            ],
            [
              10.404519531250001,
              63.4290625
            ],
            [
              10.40434765625,
              63.4290546875
            ],
            [
              10.4043828125,
              63.4288125
            ],
            [
              10.40419921875,
              63.4288046875
            ],
            [
              10.40418359375,
              63.4288828125
            ],
            [
              10.404,
              63.42887890625
            ],
            [
              10.404,
              63.4283828125
            ],
            [
              10.40408203125,
              63.42838671875
            ],
            [
              10.40409765625,
              63.428308593749996
            ],
            [
              10.4044609375,
              63.42831640625
            ],
            [
              10.4044765625,
              63.4282578125
            ],
            [
              10.40447265625,
              63.428230468749994
            ],
            [
              10.40411328125,
              63.42821875
            ],
            [
              10.40412890625,
              63.428058593749995
            ],
            [
              10.404,
              63.42805078125
            ],
            [
              10.404,
              63.42800390625
            ],
            [
              10.40599609375,
              63.42800390625
            ],
            [
              10.40599609375,
              63.428863281249996
            ],
            [
              10.405859375,
              63.428859375
            ],
            [
              10.40584375,
              63.428937499999996
            ],
            [
              10.4054765625,
              63.4289296875
            ],
            [
              10.405460937500001,
              63.4290078125
            ],
            [
              10.40509375,
              63.429
            ],
            [
              10.405042968750001,
              63.42932421875
            ],
            [
              10.4050546875,
              63.42933203125
            ],
            [
              10.40522265625,
              63.4293359375
            ],
            [
              10.40521484375,
              63.429421874999996
            ],
            [
              10.405390625,
              63.429425781249996
            ],
            [
              10.40537109375,
              63.4295859375
            ],
            [
              10.40555078125,
              63.429597656249996
            ],
            [
              10.40552734375,
              63.4297578125
            ],
            [
              10.405707031250001,
              63.42976953125
            ],
            [
              10.4056875,
              63.4299296875
            ],
            [
              10.405863281250001,
              63.4299375
            ],
            [
              10.405855468750001,
              63.43
            ]
          ]
        ]
      },
      "properties": {
        "source": "cv_detection",
        "area_m2": 13051.315307935525,
        "tile_id": "tile_0018"
      }
    },
    {
      "type": "Feature",
      "geometry": {
        "type": "Polygon",
        "coordinates": [
          [
            [
              10.404,
              63.42962890625
            ],
            [
              10.4040625,
              63.429632812499996
            ],
            [
              10.404046875,
              63.429796875
            ],
            [
              10.40421875,
              63.42980078125
            ],
            [
              10.404203125,
              63.42996875
            ],
            [
              10.40437890625,
              63.42997265625
            ],
            [
              10.404375,
              63.43
            ],
            [
              10.404,
              63.43
            ],
            [
              10.404,
              63.42962890625
            ]
          ]
        ]
      },
      "properties": {
        "source": "cv_detection",
        "area_m2": 311.3312859897441,
        "tile_id": "tile_0018"
      }
    },
    {
      "type": "Feature",
      "geometry": {
        "type": "Polygon",
        "coordinates": [
          [
            [
              10.426,
              63.408
            ],
            [
              10.426,
              63.40785546875
            ],
            [
              10.4266171875,
              63.40787109375
            ],
            [
              10.42662890625,
              63.407828125
            ],
            [
              10.426625,
              63.4077890625
            ],
            [
              10.426449218750001,
              63.40778125
            ],
            [
              10.426457031250001,
              63.407699218750004
            ],
            [
              10.42609765625,
              63.40768359375
            ],
            [
              10.42612890625,
              63.4074453125
            ],
            [
              10.426,
              63.4074375
            ],
            [
              10.426,
              63.406609375
            ],
            [
              10.426078125,
              63.406609375
            ],
            [
              10.426074218750001,
              63.4066953125
            ],
            [
              10.42624609375,
              63.40669921875
            ],
            [
              10.426230468750001,
              63.40686328125
            ],
            [
              10.42640625,
              63.40687109375
            ],
            [
              10.426359375,
              63.4071953125
            ],
            [
              10.42653515625,
              63.40720703125
            ],
            [
              10.42653125,
              63.4072890625
            ],
            [
              10.426894531250001,
              63.40730078125
            ],
            [
              10.42691015625,
              63.40721875
            ],
            [
              10.427277343750001,
              63.4072265625
            ],
            [
              10.42729296875,
              63.4071484375
            ],
            [
              10.42765625,
              63.40715625
            ],
            [
              10.427671875000001,
              63.407078125
            ],
            [
              10.4278515625,
              63.40708203125
            ],
            [
              10.4278671875,
              63.4070234375
            ],
            [
              10.427863281250001,
              63.40699609375
            ],
            [
              10.427687500000001,
              63.4069921875
            ],
            [
              10.42769140625,
              63.40691015625
            ],
            [
              10.4273359375,
              63.40689453125
            ],
            [
              10.427339843750001,
              63.4068125
            ],
            [
              10.42716015625,
              63.40680859375
            ],
            [
              10.427164062500001,
              63.4067265625
            ],
            [
              10.42680859375,
              63.40671484375
            ],
            [
              10.4268125,
              63.40662890625
            ],
            [
              10.42663671875,
              63.406625
            ],
            [
              10.42664453125,
              63.4065390625
            ],
            [
              10.42646875,
              63.40653515625
            ],
            [
              10.42647265625,
              63.406453125
            ],
            [
              10.426296875,
              63.40644921875
            ],
            [
              10.426300781250001,
              63.40636328125
            ],
            [
              10.426125,
              63.406359375
            ],
            [
              10.42612890625,
              63.40627734375
            ],
            [
              10.426,
              63.4062734375
            ],
            [
              10.426,
              63.40600390625
            ],
            [
              10.4269140625,
              63.40600390625
            ],
            [
              10.4269140625,
              63.40605859375
            ],
            [
              10.42708984375,
              63.4060625
            ],
            [
              10.42707421875,
              63.4062265625
            ],
            [
              10.42724609375,
              63.406230468749996
            ],
            [
              10.42724609375,
              63.40631640625
            ],
            [
              10.427421875,
              63.4063203125
            ],
            [
              10.4274140625,
              63.4063984375
            ],
            [
              10.42758984375,
              63.40641015625
            ],
            [
              10.4275859375,
              63.4064921875
            ],
            [
              10.42776171875,
              63.40649609375
            ],
            [
              10.427757812500001,
              63.40658203125
            ],
            [
              10.42799609375,
              63.40658984375
            ],
            [
              10.42799609375,
              63.40758203125
            ],
            [
              10.42796484375,
              63.407578125
            ],
            [
              10.42797265625,
              63.40749609375
            ],
            [
              10.427796875,
              63.4074921875
            ],
            [
              10.4278046875,
              63.4074140625
            ],
            [
              10.42776953125,
              63.40740625
            ],
            [
              10.4274375,
              63.4073984375
            ],
            [
              10.427421875,
              63.4074765625
            ],
            [
              10.42705859375,
              63.40746875
            ],
            [
              10.427015625000001,
              63.40771484375
            ],
            [
              10.426832031250001,
              63.4077109375
            ],
            [
              10.4268046875,
              63.407859375
            ],
            [
              10.42680859375,
              63.40787890625
            ],
            [
              10.427355468750001,
              63.4078984375
            ],
            [
              10.4273515625,
              63.407976562500004
            ],
            [
              10.42752734375,
              63.407980468750004
            ],
            [
              10.42754296875,
              63.40790234375
            ],
            [
              10.427906250000001,
              63.4079140625
            ],
            [
              10.427921875000001,
              63.40783203125
            ],
            [
              10.42799609375,
              63.40783203125
            ],
            [
              10.42799609375,
              63.408
            ],
            [
              10.426,
              63.408
            ]
          ]
        ]
      },
      "properties": {
        "source": "cv_detection",
        "area_m2": 12097.965774912307,
        "tile_id": "tile_0019"
      }
    },
    {
      "type": "Feature",
      "geometry": {
        "type": "Polygon",
        "coordinates": [
          [
            [
              10.402,
              63.4221796875
            ],
            [
              10.402,
              63.42200390625
            ],
            [
              10.403062499999999,
              63.42200390625
            ],
            [
              10.40305859375,
              63.42204296875
            ],
            [
              10.402695312499999,
              63.42203515625
            ],
            [
              10.40267578125,
              63.4221171875
            ],
            [
              10.402312499999999,
              63.42210546875
            ],
            [
              10.402296875,
              63.4221875
            ],
            [
              10.402,
              63.4221796875
            ]
          ]
        ]
      },
      "properties": {
        "source": "cv_detection",
        "area_m2": 600.0816893768316,
        "tile_id": "tile_0020"
      }
    },
    {
      "type": "Feature",
      "geometry": {
        "type": "Polygon",
        "coordinates": [
          [
            [
              10.4039453125,
              63.42232421875
            ],
            [
              10.40396484375,
              63.422164062499995
            ],
            [
              10.4037890625,
              63.42215234375
            ],
            [
              10.40380078125,
              63.4220703125
            ],
            [
              10.4039765625,
              63.422078125
            ],
            [
              10.40399609375,
              63.42200390625
            ],
            [
              10.40399609375,
              63.42232421875
            ],
            [
              10.4039453125,
              63.42232421875
            ]
          ]
        ]
      },
      "properties": {
        "source": "cv_detection",
        "area_m2": 134.24872108645147,
        "tile_id": "tile_0020"
      }
    },
    {
      "type": "Feature",
      "geometry": {
        "type": "Polygon",
        "coordinates": [
          [
            [
              10.402,
              63.424
            ],
            [
              10.402,
              63.42392578125
            ],
            [
              10.402023437499999,
              63.42391796875
            ],
            [
              10.40203515625,
              63.42383984375
            ],
            [
              10.4022109375,
              63.42384765625
            ],
            [
              10.4022265625,
              63.4237890625
            ],
            [
              10.40222265625,
              63.42376171875
            ],
            [
              10.402046875,
              63.4237578125
            ],
            [
              10.402058593749999,
              63.42367578125
            ],
            [
              10.402,
              63.423667968749996
            ],
            [
              10.402,
              63.4235078125
            ],
            [
              10.40208203125,
              63.4235078125
            ],
            [
              10.402093749999999,
              63.42346484375
            ],
            [
              10.40208984375,
              63.423425781249996
            ],
            [
              10.402,
              63.423425781249996
            ],
            [
              10.402,
              63.42301171875
            ],
            [
              10.40216015625,
              63.423015625
            ],
            [
              10.402140625,
              63.423175781249995
            ],
            [
              10.40231640625,
              63.4231875
            ],
            [
              10.402296875,
              63.423351562499995
            ],
            [
              10.402476562499999,
              63.423359375
            ],
            [
              10.402468749999999,
              63.42344140625
            ],
            [
              10.4026484375,
              63.4234453125
            ],
            [
              10.4026796875,
              63.423281249999995
            ],
            [
              10.402859375,
              63.4232890625
            ],
            [
              10.402878906249999,
              63.42320703125
            ],
            [
              10.4030546875,
              63.423210937499995
            ],
            [
              10.40308203125,
              63.42308203125
            ],
            [
              10.403078125,
              63.423042968749996
            ],
            [
              10.40290625,
              63.423035156249995
            ],
            [
              10.40291015625,
              63.422953125
            ],
            [
              10.402734375,
              63.4229453125
            ],
            [
              10.40275390625,
              63.42278515625
            ],
            [
              10.402578125,
              63.42277734375
            ],
            [
              10.40259765625,
              63.422617187499995
            ],
            [
              10.40241796875,
              63.42260546875
            ],
            [
              10.4024375,
              63.422441406249995
            ],
            [
              10.40226171875,
              63.42243359375
            ],
            [
              10.4022734375,
              63.42235546875
            ],
            [
              10.40263671875,
              63.4223671875
            ],
            [
              10.4026328125,
              63.422453125
            ],
            [
              10.402808593749999,
              63.42245703125
            ],
            [
              10.40283203125,
              63.42229296875
            ],
            [
              10.402660156249999,
              63.42228515625
            ],
            [
              10.40265625,
              63.42225390625
            ],
            [
              10.40266796875,
              63.422203124999996
            ],
            [
              10.402843749999999,
              63.4222109375
            ],
            [
              10.40283984375,
              63.4222890625
            ],
            [
              10.40301953125,
              63.422296875
            ],
            [
              10.40301171875,
              63.422378906249996
            ],
            [
              10.4031875,
              63.4223828125
            ],
            [
              10.403183593749999,
              63.42246875
            ],
            [
              10.403359374999999,
              63.42247265625
            ],
            [
              10.40334375,
              63.42263671875
            ],
            [
              10.40351953125,
              63.42264453125
            ],
            [
              10.40351171875,
              63.422726562499996
            ],
            [
              10.4036875,
              63.42273046875
            ],
            [
              10.40368359375,
              63.42281640625
            ],
            [
              10.403859375,
              63.4228203125
            ],
            [
              10.4038515625,
              63.42290625
            ],
            [
              10.40399609375,
              63.42291015625
            ],
            [
              10.40399609375,
              63.42323828125
            ],
            [
              10.403796875,
              63.423234375
            ],
            [
              10.403765625,
              63.42339453125
            ],
            [
              10.403585937499999,
              63.423390624999996
            ],
            [
              10.4035703125,
              63.42347265625
            ],
            [
              10.40320703125,
              63.423460937499996
            ],
            [
              10.40319140625,
              63.42354296875
            ],
            [
              10.4030078125,
              63.4235390625
            ],
            [
              10.40298828125,
              63.42362109375
            ],
            [
              10.4028125,
              63.42361328125
            ],
            [
              10.40277734375,
              63.42377734375
            ],
            [
              10.40259765625,
              63.42377734375
            ],
            [
              10.40255859375,
              63.424
            ],
            [
              10.402,
              63.424
            ]
          ]
        ]
      },
      "properties": {
        "source": "cv_detection",
        "area_m2": 8943.984579516991,
        "tile_id": "tile_0020"
      }
    },
    {
      "type": "Feature",
      "geometry": {
        "type": "Polygon",
        "coordinates": [
          [
            [
              10.427898437500001,
              63.4114765625
            ],
            [
              10.42790234375,
              63.41139453125
            ],
            [
              10.4277265625,
              63.411390624999996
            ],
            [
              10.4278046875,
              63.410898437499995
            ],
            [
              10.427984375000001,
              63.41090625
            ],
            [
              10.42799609375,
              63.4108828125
            ],
            [
              10.42799609375,
              63.411316406249995
            ],
            [
              10.42792578125,
              63.4113125
            ],
            [
              10.42791015625,
              63.411375
            ],
            [
              10.427914062500001,
              63.4113984375
            ],
            [
              10.42799609375,
              63.4113984375
            ],
            [
              10.42799609375,
              63.41148046875
            ],
            [
              10.427898437500001,
              63.4114765625
            ]
          ]
        ]
      },
      "properties": {
        "source": "cv_detection",
        "area_m2": 633.193842880373,
        "tile_id": "tile_0021"
      }
    },
    {
      "type": "Feature",
      "geometry": {
        "type": "Polygon",
        "coordinates": [
          [
            [
              10.426,
              63.412
            ],
            [
              10.426,
              63.41169921875
            ],
            [
              10.42601171875,
              63.4116953125
            ],
            [
              10.42601171875,
              63.411671874999996
            ],
            [
              10.426,
              63.411667968749995
            ],
            [
              10.426,
              63.41054296875
            ],
            [
              10.42601171875,
              63.4105390625
            ],
            [
              10.42601171875,
              63.4105078125
            ],
            [
              10.426,
              63.41050390625
            ],
            [
              10.426,
              63.4102578125
            ],
            [
              10.4260546875,
              63.41025390625
            ],
            [
              10.42608203125,
              63.410093749999994
            ],
            [
              10.4264453125,
              63.410109375
            ],
            [
              10.4264375,
              63.41018359375
            ],
            [
              10.426449218750001,
              63.41019140625
            ],
            [
              10.42680078125,
              63.410199218749995
            ],
            [
              10.4268125,
              63.41011328125
            ],
            [
              10.42663671875,
              63.410109375
            ],
            [
              10.42665234375,
              63.41000390625
            ],
            [
              10.42799609375,
              63.41000390625
            ],
            [
              10.42799609375,
              63.4100703125
            ],
            [
              10.4279375,
              63.4100703125
            ],
            [
              10.427921875000001,
              63.410132812499995
            ],
            [
              10.42792578125,
              63.41015234375
            ],
            [
              10.42799609375,
              63.41015625
            ],
            [
              10.42799609375,
              63.410734375
            ],
            [
              10.42783203125,
              63.410730468749996
            ],
            [
              10.42781640625,
              63.4108125
            ],
            [
              10.427636718750001,
              63.41080859375
            ],
            [
              10.42758984375,
              63.41105078125
            ],
            [
              10.42740625,
              63.41105078125
            ],
            [
              10.427359375,
              63.41133984375
            ],
            [
              10.42736328125,
              63.41137890625
            ],
            [
              10.427539062500001,
              63.411386718749995
            ],
            [
              10.427531250000001,
              63.41146875
            ],
            [
              10.427707031250002,
              63.41147265625
            ],
            [
              10.427703125,
              63.4115546875
            ],
            [
              10.42799609375,
              63.411566406249996
            ],
            [
              10.42799609375,
              63.412
            ],
            [
              10.426,
              63.412
            ]
          ]
        ]
      },
      "properties": {
        "source": "cv_detection",
        "area_m2": 19276.62701520995,
        "tile_id": "tile_0021"
      }
    },
    {
      "type": "Feature",
      "geometry": {
        "type": "Polygon",
        "coordinates": [
          [
            [
              10.41999609375,
              63.4270703125
            ],
            [
              10.41966796875,
              63.427062500000005
            ],
            [
              10.41965625,
              63.42714453125
            ],
            [
              10.41855078125,
              63.42710546875
            ],
            [
              10.41855859375,
              63.427031250000006
            ],
            [
              10.41853515625,
              63.427023437500004
            ],
            [
              10.418,
              63.4270078125
            ],
            [
              10.418,
              63.4261796875
            ],
            [
              10.41869140625,
              63.42619921875
            ],
            [
              10.41870703125,
              63.426121093750005
            ],
            [
              10.418886718749999,
              63.426125
            ],
            [
              10.4188984375,
              63.426046875000004
            ],
            [
              10.418886718749999,
              63.4260390625
            ],
            [
              10.41871875,
              63.42603515625
            ],
            [
              10.418722656249999,
              63.42600390625
            ],
            [
              10.4194609375,
              63.42600390625
            ],
            [
              10.4194609375,
              63.4260625
            ],
            [
              10.41963671875,
              63.42606640625
            ],
            [
              10.4196328125,
              63.426148437500004
            ],
            [
              10.41999609375,
              63.42616015625
            ],
            [
              10.41999609375,
              63.4270703125
            ]
          ]
        ]
      },
      "properties": {
        "source": "cv_detection",
        "area_m2": 10725.783334860058,
        "tile_id": "tile_0022"
      }
    },
    {
      "type": "Feature",
      "geometry": {
        "type": "Polygon",
        "coordinates": [
          [
            [
              10.418,
              63.428000000000004
            ],
            [
              10.418,
              63.427671875
            ],
            [
              10.418085937499999,
              63.42767578125
            ],
            [
              10.418101562499999,
              63.42759375000001
            ],
            [
              10.418285156249999,
              63.42759765625
            ],
            [
              10.41830078125,
              63.427519531250006
            ],
            [
              10.418476562499999,
              63.42752343750001
            ],
            [
              10.41851953125,
              63.42728125
            ],
            [
              10.418703124999999,
              63.42728125
            ],
            [
              10.41871875,
              63.427199218750005
            ],
            [
              10.41999609375,
              63.427242187500006
            ],
            [
              10.41999609375,
              63.42748828125001
            ],
            [
              10.419421875,
              63.42746484375
            ],
            [
              10.41942578125,
              63.42738671875
            ],
            [
              10.419062499999999,
              63.427375000000005
            ],
            [
              10.41901171875,
              63.42769921875001
            ],
            [
              10.41903125,
              63.42770703125
            ],
            [
              10.41974609375,
              63.427726562500006
            ],
            [
              10.41976171875,
              63.427648437500004
            ],
            [
              10.41999609375,
              63.427656250000005
            ],
            [
              10.41999609375,
              63.428000000000004
            ],
            [
              10.418,
              63.428000000000004
            ]
          ]
        ]
      },
      "properties": {
        "source": "cv_detection",
        "area_m2": 6127.901666753759,
        "tile_id": "tile_0022"
      }
    },
    {
      "type": "Feature",
      "geometry": {
        "type": "Polygon",
        "coordinates": [
          [
            [
              10.35,
              63.422652343749995
            ],
            [
              10.35,
              63.42215625
            ],
            [
              10.350078125,
              63.42215625
            ],
            [
              10.35009375,
              63.422078125
            ],
            [
              10.3502734375,
              63.42208203125
            ],
            [
              10.3502890625,
              63.42200390625
            ],
            [
              10.35199609375,
              63.42200390625
            ],
            [
              10.35199609375,
              63.42221875
            ],
            [
              10.35173828125,
              63.42220703125
            ],
            [
              10.351742187500001,
              63.422128906249995
            ],
            [
              10.35156640625,
              63.42212109375
            ],
            [
              10.35155078125,
              63.422199218749995
            ],
            [
              10.35137109375,
              63.422195312499994
            ],
            [
              10.3513515625,
              63.42227734375
            ],
            [
              10.351171875,
              63.422273437499996
            ],
            [
              10.35115234375,
              63.42235546875
            ],
            [
              10.3509765625,
              63.42234765625
            ],
            [
              10.35095703125,
              63.4224296875
            ],
            [
              10.35077734375,
              63.42242578125
            ],
            [
              10.3507578125,
              63.4225078125
            ],
            [
              10.350578125,
              63.42250390625
            ],
            [
              10.3505625,
              63.422582031249995
            ],
            [
              10.35019921875,
              63.42257421875
            ],
            [
              10.350179687499999,
              63.422656249999996
            ],
            [
              10.35,
              63.422652343749995
            ]
          ]
        ]
      },
      "properties": {
        "source": "cv_detection",
        "area_m2": 4040.6257459410394,
        "tile_id": "tile_0023"
      }
    },
    {
      "type": "Feature",
      "geometry": {
        "type": "Polygon",
        "coordinates": [
          [
            [
              10.35,
              63.4238125
            ],
            [
              10.35,
              63.4231484375
            ],
            [
              10.35009765625,
              63.42315234375
            ],
            [
              10.3501171875,
              63.423070312499995
            ],
            [
              10.350296875,
              63.423078124999996
            ],
            [
              10.35031640625,
              63.42299609375
            ],
            [
              10.351046875,
              63.423015625
            ],
            [
              10.3510625,
              63.422937499999996
            ],
            [
              10.3512421875,
              63.4229453125
            ],
            [
              10.35123828125,
              63.4230234375
            ],
            [
              10.351785156250001,
              63.423042968749996
            ],
            [
              10.35178125,
              63.423125
            ],
            [
              10.35199609375,
              63.4231328125
            ],
            [
              10.35199609375,
              63.423625
            ],
            [
              10.3518828125,
              63.423625
            ],
            [
              10.35188671875,
              63.4235390625
            ],
            [
              10.3517109375,
              63.42353515625
            ],
            [
              10.35171484375,
              63.423453125
            ],
            [
              10.35135546875,
              63.4234375
            ],
            [
              10.35136328125,
              63.42336328125
            ],
            [
              10.35134375,
              63.423355468749996
            ],
            [
              10.35062890625,
              63.4233359375
            ],
            [
              10.350609375,
              63.4234140625
            ],
            [
              10.350249999999999,
              63.42340625
            ],
            [
              10.35021875,
              63.423546875
            ],
            [
              10.3502265625,
              63.42357421875
            ],
            [
              10.35058203125,
              63.4235859375
            ],
            [
              10.350578125,
              63.423667968749996
            ],
            [
              10.35075390625,
              63.42367578125
            ],
            [
              10.350738281249999,
              63.4238359375
            ],
            [
              10.3509140625,
              63.423843749999996
            ],
            [
              10.35090625,
              63.4239296875
            ],
            [
              10.35108203125,
              63.42393359375
            ],
            [
              10.35107421875,
              63.424
            ],
            [
              10.3505234375,
              63.424
            ],
            [
              10.35053125,
              63.423914062499996
            ],
            [
              10.3503515625,
              63.42390625
            ],
            [
              10.35035546875,
              63.42382421875
            ],
            [
              10.35,
              63.4238125
            ]
          ]
        ]
      },
      "properties": {
        "source": "cv_detection",
        "area_m2": 5814.794934666583,
        "tile_id": "tile_0023"
      }
    },
    {
      "type": "Feature",
      "geometry": {
        "type": "Polygon",
        "coordinates": [
          [
            [
              10.407996093749999,
              63.431578125
            ],
            [
              10.407832031249999,
              63.43157421875
            ],
            [
              10.4078359375,
              63.4314921875
            ],
            [
              10.40766015625,
              63.431484375000004
            ],
            [
              10.40766796875,
              63.43140234375
            ],
            [
              10.40748828125,
              63.4313984375
            ],
            [
              10.407499999999999,
              63.4313203125
            ],
            [
              10.407683593749999,
              63.43132421875
            ],
            [
              10.407691406249999,
              63.43123828125
            ],
            [
              10.407515624999998,
              63.43123046875
            ],
            [
              10.407499999999999,
              63.431312500000004
            ],
            [
              10.4073203125,
              63.43130859375
            ],
            [
              10.4073203125,
              63.43122265625
            ],
            [
              10.4071484375,
              63.43121875
            ],
            [
              10.4071640625,
              63.43105859375
            ],
            [
              10.40698828125,
              63.43105078125
            ],
            [
              10.406992187499998,
              63.43096875
            ],
            [
              10.406820312499999,
              63.430964843750004
            ],
            [
              10.40682421875,
              63.43087890625
            ],
            [
              10.4066484375,
              63.430875
            ],
            [
              10.406652343749998,
              63.43079296875
            ],
            [
              10.406476562499998,
              63.43078515625
            ],
            [
              10.406480468749999,
              63.430703125
            ],
            [
              10.40630859375,
              63.43069921875
            ],
            [
              10.40630859375,
              63.430613281250004
            ],
            [
              10.406136718749998,
              63.430609375
            ],
            [
              10.406140624999999,
              63.4305234375
            ],
            [
              10.405999999999999,
              63.43051953125
            ],
            [
              10.405999999999999,
              63.43002734375
            ],
            [
              10.406035156249999,
              63.43002734375
            ],
            [
              10.40601953125,
              63.43019140625
            ],
            [
              10.4061953125,
              63.4301953125
            ],
            [
              10.406191406249999,
              63.43028125
            ],
            [
              10.406367187499999,
              63.43028515625
            ],
            [
              10.406359375,
              63.43037109375
            ],
            [
              10.40653515625,
              63.430375
            ],
            [
              10.40652734375,
              63.430453125
            ],
            [
              10.406707031249999,
              63.43046484375
            ],
            [
              10.406703124999998,
              63.430546875
            ],
            [
              10.407062499999999,
              63.43055859375
            ],
            [
              10.407078125,
              63.4304765625
            ],
            [
              10.40726171875,
              63.43048046875
            ],
            [
              10.40727734375,
              63.4303984375
            ],
            [
              10.407457031249999,
              63.43040234375
            ],
            [
              10.407472656249999,
              63.43032421875
            ],
            [
              10.40766015625,
              63.430328125
            ],
            [
              10.40767578125,
              63.43024609375
            ],
            [
              10.407996093749999,
              63.43025390625
            ],
            [
              10.407996093749999,
              63.4305
            ],
            [
              10.40781640625,
              63.43049609375
            ],
            [
              10.40780078125,
              63.43057421875
            ],
            [
              10.407437499999999,
              63.43056640625
            ],
            [
              10.4073984375,
              63.43077734375
            ],
            [
              10.407402343749999,
              63.43081640625
            ],
            [
              10.4077578125,
              63.43083203125
            ],
            [
              10.407753906249999,
              63.4309140625
            ],
            [
              10.4079296875,
              63.43091796875
            ],
            [
              10.407921875,
              63.430996093750004
            ],
            [
              10.407996093749999,
              63.43100390625
            ],
            [
              10.407996093749999,
              63.43133203125
            ],
            [
              10.40787109375,
              63.431328125
            ],
            [
              10.40785546875,
              63.431382812500004
            ],
            [
              10.407859375,
              63.43141015625
            ],
            [
              10.407996093749999,
              63.431414062500004
            ],
            [
              10.407996093749999,
              63.431578125
            ]
          ]
        ]
      },
      "properties": {
        "source": "cv_detection",
        "area_m2": 6228.840053619689,
        "tile_id": "tile_0024"
      }
    },
    {
      "type": "Feature",
      "geometry": {
        "type": "Polygon",
        "coordinates": [
          [
            [
              10.405999999999999,
              63.43110546875
            ],
            [
              10.406050781249998,
              63.43110546875
            ],
            [
              10.406046875,
              63.4311875
            ],
            [
              10.406402343749999,
              63.431203125
            ],
            [
              10.406398437499998,
              63.43128515625
            ],
            [
              10.406574218749999,
              63.4312890625
            ],
            [
              10.4065703125,
              63.431375
            ],
            [
              10.406742187499999,
              63.43137890625
            ],
            [
              10.406730468749998,
              63.43154296875
            ],
            [
              10.406906249999999,
              63.431546875
            ],
            [
              10.406898437499999,
              63.4316328125
            ],
            [
              10.40707421875,
              63.43163671875
            ],
            [
              10.40706640625,
              63.43171484375
            ],
            [
              10.407246093749999,
              63.4317265625
            ],
            [
              10.4072421875,
              63.43180859375
            ],
            [
              10.4076015625,
              63.4318203125
            ],
            [
              10.407621093749999,
              63.43173828125
            ],
            [
              10.40780078125,
              63.4317421875
            ],
            [
              10.4078203125,
              63.431664062500005
            ],
            [
              10.407996093749999,
              63.43166796875
            ],
            [
              10.407996093749999,
              63.432
            ],
            [
              10.405999999999999,
              63.432
            ],
            [
              10.405999999999999,
              63.43110546875
            ]
          ]
        ]
      },
      "properties": {
        "source": "cv_detection",
        "area_m2": 5062.270136126351,
        "tile_id": "tile_0024"
      }
    },
    {
      "type": "Feature",
      "geometry": {
        "type": "Polygon",
        "coordinates": [
          [
            [
              10.414,
              63.43226953124999
            ],
            [
              10.414,
              63.432003906249996
            ],
            [
              10.4155390625,
              63.432003906249996
            ],
            [
              10.41553515625,
              63.432074218749996
            ],
            [
              10.415898437500001,
              63.43208203125
            ],
            [
              10.41591015625,
              63.432003906249996
            ],
            [
              10.41599609375,
              63.432003906249996
            ],
            [
              10.41599609375,
              63.432249999999996
            ],
            [
              10.41476953125,
              63.432214843749996
            ],
            [
              10.41475390625,
              63.43229296875
            ],
            [
              10.414,
              63.43226953124999
            ]
          ]
        ]
      },
      "properties": {
        "source": "cv_detection",
        "area_m2": 2567.9984543918245,
        "tile_id": "tile_0025"
      }
    },
    {
      "type": "Feature",
      "geometry": {
        "type": "Polygon",
        "coordinates": [
          [
            [
              10.414,
              63.432773437499996
            ],
            [
              10.4141171875,
              63.43277734375
            ],
            [
              10.414109374999999,
              63.432859375
            ],
            [
              10.4142890625,
              63.43286328124999
            ],
            [
              10.41428125,
              63.432945312499996
            ],
            [
              10.414640625,
              63.4329609375
            ],
            [
              10.41463671875,
              63.433042968749994
            ],
            [
              10.4148125,
              63.433046874999995
            ],
            [
              10.41480859375,
              63.4331328125
            ],
            [
              10.414984375,
              63.43313671875
            ],
            [
              10.4149765625,
              63.433214843749994
            ],
            [
              10.41515625,
              63.433222656249995
            ],
            [
              10.41515234375,
              63.4333046875
            ],
            [
              10.4155078125,
              63.433320312499994
            ],
            [
              10.4154921875,
              63.43348046875
            ],
            [
              10.41566796875,
              63.43348828125
            ],
            [
              10.41566796875,
              63.433570312499995
            ],
            [
              10.41583984375,
              63.433574218749996
            ],
            [
              10.415855468750001,
              63.433496093749994
            ],
            [
              10.41599609375,
              63.433499999999995
            ],
            [
              10.41599609375,
              63.433828125
            ],
            [
              10.415625,
              63.433816406249996
            ],
            [
              10.41560546875,
              63.4338984375
            ],
            [
              10.41542578125,
              63.43389453125
            ],
            [
              10.41540625,
              63.4339765625
            ],
            [
              10.415226562500001,
              63.43397265625
            ],
            [
              10.41521875,
              63.434
            ],
            [
              10.414,
              63.434
            ],
            [
              10.414,
              63.43393359375
            ],
            [
              10.41430078125,
              63.43394140625
            ],
            [
              10.4143203125,
              63.433859375
            ],
            [
              10.4145,
              63.43386328125
            ],
            [
              10.41451953125,
              63.433781249999996
            ],
            [
              10.4146953125,
              63.4337890625
            ],
            [
              10.4147265625,
              63.433625
            ],
            [
              10.41490625,
              63.433632812499994
            ],
            [
              10.4149375,
              63.43348046875
            ],
            [
              10.41493359375,
              63.433460937499994
            ],
            [
              10.4147578125,
              63.433453125
            ],
            [
              10.41476171875,
              63.433375
            ],
            [
              10.41458203125,
              63.4333671875
            ],
            [
              10.4145859375,
              63.433285156249994
            ],
            [
              10.41441015625,
              63.43328124999999
            ],
            [
              10.4144140625,
              63.43319921875
            ],
            [
              10.41405859375,
              63.433183593749995
            ],
            [
              10.414066406249999,
              63.43310546874999
            ],
            [
              10.414,
              63.4331015625
            ],
            [
              10.414,
              63.432773437499996
            ]
          ]
        ]
      },
      "properties": {
        "source": "cv_detection",
        "area_m2": 5739.737213391224,
        "tile_id": "tile_0025"
      }
    },
    {
      "type": "Feature",
      "geometry": {
        "type": "Polygon",
        "coordinates": [
          [
            [
              10.416,
              63.43034375
            ],
            [
              10.416,
              63.430015625
            ],
            [
              10.41604296875,
              63.430015625
            ],
            [
              10.416046875000001,
              63.43000390625
            ],
            [
              10.416781250000001,
              63.43000390625
            ],
            [
              10.41677734375,
              63.43003515625
            ],
            [
              10.416597656250001,
              63.43003515625
            ],
            [
              10.4165546875,
              63.43028125
            ],
            [
              10.416371093750001,
              63.43027734375
            ],
            [
              10.41633203125,
              63.43051953125
            ],
            [
              10.416152343750001,
              63.430515625
            ],
            [
              10.416171875,
              63.43035546875
            ],
            [
              10.416,
              63.43034375
            ]
          ]
        ]
      },
      "properties": {
        "source": "cv_detection",
        "area_m2": 1218.160520796987,
        "tile_id": "tile_0026"
      }
    },
    {
      "type": "Feature",
      "geometry": {
        "type": "Polygon",
        "coordinates": [
          [
            [
              10.41647265625,
              63.432
            ],
            [
              10.41648046875,
              63.431941406250004
            ],
            [
              10.41666015625,
              63.431945312500005
            ],
            [
              10.416675781250001,
              63.43186328125
            ],
            [
              10.41649609375,
              63.43185546875
            ],
            [
              10.41649609375,
              63.431769531250005
            ],
            [
              10.41632421875,
              63.431765625000004
            ],
            [
              10.416328125,
              63.4316796875
            ],
            [
              10.416152343750001,
              63.43167578125
            ],
            [
              10.41618359375,
              63.43143359375
            ],
            [
              10.416,
              63.431421875
            ],
            [
              10.41602734375,
              63.43126171875
            ],
            [
              10.416,
              63.43125390625
            ],
            [
              10.416,
              63.4306796875
            ],
            [
              10.41612109375,
              63.430683593750004
            ],
            [
              10.416117187500001,
              63.430765625
            ],
            [
              10.41647265625,
              63.43077734375
            ],
            [
              10.41646875,
              63.430859375000004
            ],
            [
              10.41664453125,
              63.4308671875
            ],
            [
              10.416640625000001,
              63.43094921875
            ],
            [
              10.416816406250001,
              63.430953125
            ],
            [
              10.4168125,
              63.43103515625
            ],
            [
              10.41716796875,
              63.43105078125
            ],
            [
              10.41716796875,
              63.4311328125
            ],
            [
              10.41734375,
              63.431136718750004
            ],
            [
              10.417441406250001,
              63.4305625
            ],
            [
              10.417625000000001,
              63.4305625
            ],
            [
              10.41769140625,
              63.43015234375
            ],
            [
              10.417871093750001,
              63.43015625
            ],
            [
              10.417898437500002,
              63.43000390625
            ],
            [
              10.41799609375,
              63.43000390625
            ],
            [
              10.41799609375,
              63.430609375
            ],
            [
              10.417984375000001,
              63.430613281250004
            ],
            [
              10.417929687500001,
              63.43094921875
            ],
            [
              10.417933593750002,
              63.4309921875
            ],
            [
              10.41799609375,
              63.4309921875
            ],
            [
              10.41799609375,
              63.4313203125
            ],
            [
              10.417871093750001,
              63.4313203125
            ],
            [
              10.4178046875,
              63.4317265625
            ],
            [
              10.417625000000001,
              63.43172265625
            ],
            [
              10.417582031250001,
              63.43196875
            ],
            [
              10.417609375000001,
              63.431976562500004
            ],
            [
              10.41799609375,
              63.43198828125
            ],
            [
              10.41799609375,
              63.432
            ],
            [
              10.41647265625,
              63.432
            ]
          ]
        ]
      },
      "properties": {
        "source": "cv_detection",
        "area_m2": 11771.739518493187,
        "tile_id": "tile_0026"
      }
    },
    {
      "type": "Feature",
      "geometry": {
        "type": "Polygon",
        "coordinates": [
          [
            [
              10.42601171875,
              63.414
            ],
            [
              10.42602734375,
              63.413910156250004
            ],
            [
              10.42621484375,
              63.413906250000004
            ],
            [
              10.4262734375,
              63.41350390625
            ],
            [
              10.42609765625,
              63.4134921875
            ],
            [
              10.426109375,
              63.4134140625
            ],
            [
              10.4262890625,
              63.4134140625
            ],
            [
              10.426328125,
              63.41317578125
            ],
            [
              10.4261484375,
              63.4131640625
            ],
            [
              10.42616796875,
              63.41300390625
            ],
            [
              10.426,
              63.41299609375
            ],
            [
              10.426,
              63.41200390625
            ],
            [
              10.42799609375,
              63.41200390625
            ],
            [
              10.42799609375,
              63.4127265625
            ],
            [
              10.42733203125,
              63.412703125
            ],
            [
              10.42729296875,
              63.412921875
            ],
            [
              10.427296875000001,
              63.412953125
            ],
            [
              10.42765625,
              63.412964843750004
            ],
            [
              10.42768359375,
              63.4128046875
            ],
            [
              10.427863281250001,
              63.41280859375
            ],
            [
              10.427843750000001,
              63.41296875
            ],
            [
              10.42799609375,
              63.4129765625
            ],
            [
              10.42799609375,
              63.414
            ],
            [
              10.42601171875,
              63.414
            ]
          ]
        ]
      },
      "properties": {
        "source": "cv_detection",
        "area_m2": 20015.21250175089,
        "tile_id": "tile_0027"
      }
    },
    {
      "type": "Feature",
      "geometry": {
        "type": "Polygon",
        "coordinates": [
          [
            [
              10.421999999999999,
              63.406
            ],
            [
              10.421999999999999,
              63.405316406249995
            ],
            [
              10.422214843749998,
              63.405320312499995
            ],
            [
              10.422265625,
              63.40501953125
            ],
            [
              10.422261718749999,
              63.4049921875
            ],
            [
              10.421999999999999,
              63.40498046875
            ],
            [
              10.421999999999999,
              63.40415625
            ],
            [
              10.422582031249998,
              63.40417578125
            ],
            [
              10.42259765625,
              63.40411328125
            ],
            [
              10.422593749999999,
              63.40408984374999
            ],
            [
              10.422046875,
              63.40407421875
            ],
            [
              10.422058593749998,
              63.40400390625
            ],
            [
              10.423996093749999,
              63.40400390625
            ],
            [
              10.423996093749999,
              63.40471484375
            ],
            [
              10.42397265625,
              63.404722656249994
            ],
            [
              10.42396484375,
              63.404796874999995
            ],
            [
              10.423996093749999,
              63.404800781249996
            ],
            [
              10.423996093749999,
              63.405464843749996
            ],
            [
              10.42386328125,
              63.405460937499996
            ],
            [
              10.423832031249999,
              63.40562109375
            ],
            [
              10.4238515625,
              63.40562890625
            ],
            [
              10.423996093749999,
              63.405632812499995
            ],
            [
              10.423996093749999,
              63.405878906249995
            ],
            [
              10.423980468749999,
              63.405878906249995
            ],
            [
              10.42395703125,
              63.406
            ],
            [
              10.423402343749999,
              63.406
            ],
            [
              10.42340625,
              63.40594140625
            ],
            [
              10.423230468749999,
              63.4059375
            ],
            [
              10.423218749999998,
              63.406
            ],
            [
              10.421999999999999,
              63.406
            ]
          ]
        ]
      },
      "properties": {
        "source": "cv_detection",
        "area_m2": 21008.303617087655,
        "tile_id": "tile_0028"
      }
    },
    {
      "type": "Feature",
      "geometry": {
        "type": "Polygon",
        "coordinates": [
          [
            [
              10.35799609375,
              63.415027343750005
            ],
            [
              10.35790234375,
              63.415023437500004
            ],
            [
              10.35791015625,
              63.41494140625
            ],
            [
              10.3568125,
              63.41491015625
            ],
            [
              10.356816406250001,
              63.414824218750006
            ],
            [
              10.356,
              63.414796875
            ],
            [
              10.356,
              63.41400390625
            ],
            [
              10.35799609375,
              63.41400390625
            ],
            [
              10.35799609375,
              63.415027343750005
            ]
          ]
        ]
      },
      "properties": {
        "source": "cv_detection",
        "area_m2": 9678.407749016946,
        "tile_id": "tile_0029"
      }
    },
    {
      "type": "Feature",
      "geometry": {
        "type": "Polygon",
        "coordinates": [
          [
            [
              10.356,
              63.416000000000004
            ],
            [
              10.356,
              63.414964843750006
            ],
            [
              10.3560625,
              63.414960937500005
            ],
            [
              10.35607421875,
              63.414886718750004
            ],
            [
              10.3568046875,
              63.41491015625
            ],
            [
              10.35680078125,
              63.414992187500005
            ],
            [
              10.35751953125,
              63.415015625
            ],
            [
              10.357523437500001,
              63.415097656250005
            ],
            [
              10.35799609375,
              63.41511328125
            ],
            [
              10.35799609375,
              63.416000000000004
            ],
            [
              10.356,
              63.416000000000004
            ]
          ]
        ]
      },
      "properties": {
        "source": "cv_detection",
        "area_m2": 11140.915592672809,
        "tile_id": "tile_0029"
      }
    },
    {
      "type": "Feature",
      "geometry": {
        "type": "Polygon",
        "coordinates": [
          [
            [
              10.41999609375,
              63.43254296875
            ],
            [
              10.41990625,
              63.43254296875
            ],
            [
              10.4199375,
              63.43229296875
            ],
            [
              10.41957421875,
              63.432281249999996
            ],
            [
              10.419578125,
              63.432203124999994
            ],
            [
              10.41921484375,
              63.43219140625
            ],
            [
              10.41919921875,
              63.43226953124999
            ],
            [
              10.418,
              63.43223437499999
            ],
            [
              10.418,
              63.432003906249996
            ],
            [
              10.4181328125,
              63.432003906249996
            ],
            [
              10.418128906249999,
              63.432074218749996
            ],
            [
              10.4183046875,
              63.432078125
            ],
            [
              10.418320312499999,
              63.432003906249996
            ],
            [
              10.41883203125,
              63.432003906249996
            ],
            [
              10.418835937499999,
              63.432015625
            ],
            [
              10.41998046875,
              63.432046875
            ],
            [
              10.41999609375,
              63.432003906249996
            ],
            [
              10.41999609375,
              63.43254296875
            ]
          ]
        ]
      },
      "properties": {
        "source": "cv_detection",
        "area_m2": 2556.352488877497,
        "tile_id": "tile_0030"
      }
    },
    {
      "type": "Feature",
      "geometry": {
        "type": "Polygon",
        "coordinates": [
          [
            [
              10.418,
              63.434
            ],
            [
              10.418,
              63.4339375
            ],
            [
              10.41801171875,
              63.43393359375
            ],
            [
              10.41801953125,
              63.43389453125
            ],
            [
              10.418199218749999,
              63.43390234375
            ],
            [
              10.418214843749999,
              63.433820312499996
            ],
            [
              10.41839453125,
              63.43382421875
            ],
            [
              10.4184140625,
              63.433742187499995
            ],
            [
              10.41859375,
              63.433746093749996
            ],
            [
              10.41861328125,
              63.4336640625
            ],
            [
              10.4187890625,
              63.433671874999995
            ],
            [
              10.4188203125,
              63.4335234375
            ],
            [
              10.41881640625,
              63.433503906249996
            ],
            [
              10.41863671875,
              63.433499999999995
            ],
            [
              10.41862109375,
              63.433578125
            ],
            [
              10.4180703125,
              63.433562499999994
            ],
            [
              10.418078125,
              63.433484375
            ],
            [
              10.418,
              63.43348046875
            ],
            [
              10.418,
              63.4333125
            ],
            [
              10.418476562499999,
              63.433328124999996
            ],
            [
              10.418496093749999,
              63.433249999999994
            ],
            [
              10.41867578125,
              63.433253906249995
            ],
            [
              10.41869140625,
              63.433171875
            ],
            [
              10.418871093749999,
              63.433179687499994
            ],
            [
              10.418886718749999,
              63.43309765625
            ],
            [
              10.419070312499999,
              63.4331015625
            ],
            [
              10.4190859375,
              63.43301953125
            ],
            [
              10.41963671875,
              63.43303515624999
            ],
            [
              10.41965234375,
              63.43295703125
            ],
            [
              10.419828125,
              63.4329609375
            ],
            [
              10.41982421875,
              63.433042968749994
            ],
            [
              10.41999609375,
              63.433046874999995
            ],
            [
              10.41999609375,
              63.43316015625
            ],
            [
              10.419984375,
              63.4331640625
            ],
            [
              10.41998046875,
              63.43321093749999
            ],
            [
              10.41999609375,
              63.433214843749994
            ],
            [
              10.41999609375,
              63.434
            ],
            [
              10.418,
              63.434
            ]
          ]
        ]
      },
      "properties": {
        "source": "cv_detection",
        "area_m2": 8424.363495429487,
        "tile_id": "tile_0030"
      }
    },
    {
      "type": "Feature",
      "geometry": {
        "type": "Polygon",
        "coordinates": [
          [
            [
              10.408,
              63.42817578125
            ],
            [
              10.408,
              63.42800390625
            ],
            [
              10.408398437499999,
              63.42800390625
            ],
            [
              10.40839453125,
              63.428027343749996
            ],
            [
              10.40821875,
              63.428019531249994
            ],
            [
              10.40819921875,
              63.4281015625
            ],
            [
              10.40801953125,
              63.428097656249996
            ],
            [
              10.408,
              63.42817578125
            ]
          ]
        ]
      },
      "properties": {
        "source": "cv_detection",
        "area_m2": 134.34676643753002,
        "tile_id": "tile_0031"
      }
    },
    {
      "type": "Feature",
      "geometry": {
        "type": "Polygon",
        "coordinates": [
          [
            [
              10.40999609375,
              63.42915234375
            ],
            [
              10.409890625000001,
              63.4291484375
            ],
            [
              10.40989453125,
              63.42906640625
            ],
            [
              10.40971875,
              63.4290625
            ],
            [
              10.40972265625,
              63.42898046875
            ],
            [
              10.409546875,
              63.4289765625
            ],
            [
              10.40955078125,
              63.428890625
            ],
            [
              10.4093828125,
              63.42888671875
            ],
            [
              10.4093828125,
              63.42880078125
            ],
            [
              10.40920703125,
              63.428796874999996
            ],
            [
              10.40922265625,
              63.42863671875
            ],
            [
              10.409046875,
              63.42862890625
            ],
            [
              10.40906640625,
              63.42846484375
            ],
            [
              10.408890625,
              63.428453125
            ],
            [
              10.4089140625,
              63.42829296875
            ],
            [
              10.40909765625,
              63.42829296875
            ],
            [
              10.40913671875,
              63.42805078125
            ],
            [
              10.40931640625,
              63.428058593749995
            ],
            [
              10.409328125,
              63.42800390625
            ],
            [
              10.40999609375,
              63.42800390625
            ],
            [
              10.40999609375,
              63.42915234375
            ]
          ]
        ]
      },
      "properties": {
        "source": "cv_detection",
        "area_m2": 4663.5778318084385,
        "tile_id": "tile_0031"
      }
    },
    {
      "type": "Feature",
      "geometry": {
        "type": "Polygon",
        "coordinates": [
          [
            [
              10.4091953125,
              63.43
            ],
            [
              10.409203125,
              63.42996484375
            ],
            [
              10.4093828125,
              63.42996875
            ],
            [
              10.4093984375,
              63.42988671875
            ],
            [
              10.409765625,
              63.42989453125
            ],
            [
              10.40978125,
              63.42981640625
            ],
            [
              10.4099609375,
              63.4298203125
            ],
            [
              10.40999609375,
              63.42965625
            ],
            [
              10.40999609375,
              63.43
            ],
            [
              10.4091953125,
              63.43
            ]
          ]
        ]
      },
      "properties": {
        "source": "cv_detection",
        "area_m2": 504.2524016242959,
        "tile_id": "tile_0031"
      }
    },
    {
      "type": "Feature",
      "geometry": {
        "type": "Polygon",
        "coordinates": [
          [
            [
              10.36399609375,
              63.40609375
            ],
            [
              10.36398046875,
              63.40609375
            ],
            [
              10.363984375000001,
              63.40601171875
            ],
            [
              10.36383203125,
              63.40600390625
            ],
            [
              10.36399609375,
              63.40600390625
            ],
            [
              10.36399609375,
              63.40609375
            ]
          ]
        ]
      },
      "properties": {
        "source": "cv_detection",
        "area_m2": 9.973278683297432,
        "tile_id": "tile_0032"
      }
    },
    {
      "type": "Feature",
      "geometry": {
        "type": "Polygon",
        "coordinates": [
          [
            [
              10.36399609375,
              63.4065078125
            ],
            [
              10.363914062500001,
              63.4065078125
            ],
            [
              10.36391796875,
              63.40642578125
            ],
            [
              10.363742187500002,
              63.40641796875
            ],
            [
              10.36374609375,
              63.406335937499996
            ],
            [
              10.3635703125,
              63.40633203125
            ],
            [
              10.363578125,
              63.40625390625
            ],
            [
              10.363566406250001,
              63.40624609375
            ],
            [
              10.3633984375,
              63.4062421875
            ],
            [
              10.36340234375,
              63.406160156249996
            ],
            [
              10.363226562500001,
              63.40615234375
            ],
            [
              10.363234375000001,
              63.4060703125
            ],
            [
              10.3630546875,
              63.40606640625
            ],
            [
              10.3630625,
              63.40600390625
            ],
            [
              10.363800781250001,
              63.40600390625
            ],
            [
              10.363792968750001,
              63.40609375
            ],
            [
              10.36397265625,
              63.40609765625
            ],
            [
              10.36396484375,
              63.40617578125
            ],
            [
              10.36399609375,
              63.4061796875
            ],
            [
              10.36399609375,
              63.4065078125
            ]
          ]
        ]
      },
      "properties": {
        "source": "cv_detection",
        "area_m2": 1249.353041464561,
        "tile_id": "tile_0032"
      }
    },
    {
      "type": "Feature",
      "geometry": {
        "type": "Polygon",
        "coordinates": [
          [
            [
              10.363898437500001,
              63.40775
            ],
            [
              10.363906250000001,
              63.40767578125
            ],
            [
              10.36399609375,
              63.40767578125
            ],
            [
              10.36399609375,
              63.40775390625
            ],
            [
              10.363898437500001,
              63.40775
            ]
          ]
        ]
      },
      "properties": {
        "source": "cv_detection",
        "area_m2": 39.430219941929266,
        "tile_id": "tile_0032"
      }
    },
    {
      "type": "Feature",
      "geometry": {
        "type": "Polygon",
        "coordinates": [
          [
            [
              10.36399609375,
              63.4075859375
            ],
            [
              10.36391796875,
              63.4075859375
            ],
            [
              10.363906250000001,
              63.40766796875
            ],
            [
              10.363722656250001,
              63.407664062500004
            ],
            [
              10.363730468750001,
              63.40758203125
            ],
            [
              10.36336328125,
              63.40757421875
            ],
            [
              10.363359375,
              63.40765625
            ],
            [
              10.363531250000001,
              63.40766015625
            ],
            [
              10.363515625,
              63.407828125
            ],
            [
              10.363687500000001,
              63.4078359375
            ],
            [
              10.36366796875,
              63.4079921875
            ],
            [
              10.36369921875,
              63.408
            ],
            [
              10.362929687500001,
              63.408
            ],
            [
              10.362953125,
              63.407804687500004
            ],
            [
              10.36277734375,
              63.407796875
            ],
            [
              10.362789062500001,
              63.40771875
            ],
            [
              10.36261328125,
              63.4077109375
            ],
            [
              10.36261328125,
              63.407628906250004
            ],
            [
              10.36232421875,
              63.4076171875
            ],
            [
              10.3622421875,
              63.407625
            ],
            [
              10.36221875,
              63.40777734375
            ],
            [
              10.36203515625,
              63.40777734375
            ],
            [
              10.362,
              63.407976562500004
            ],
            [
              10.362,
              63.40703125
            ],
            [
              10.36288671875,
              63.4070625
            ],
            [
              10.3628828125,
              63.407140625
            ],
            [
              10.3630625,
              63.4071484375
            ],
            [
              10.36305859375,
              63.40723046875
            ],
            [
              10.363417968750001,
              63.4072421875
            ],
            [
              10.3634140625,
              63.40732421875
            ],
            [
              10.363953125,
              63.40734375
            ],
            [
              10.3639453125,
              63.407421875
            ],
            [
              10.36399609375,
              63.40742578125
            ],
            [
              10.36399609375,
              63.4075859375
            ]
          ]
        ]
      },
      "properties": {
        "source": "cv_detection",
        "area_m2": 6649.6520010452605,
        "tile_id": "tile_0032"
      }
    },
    {
      "type": "Feature",
      "geometry": {
        "type": "Polygon",
        "coordinates": [
          [
            [
              10.42358984375,
              63.4280078125
            ],
            [
              10.423546875,
              63.428015625
            ],
            [
              10.423246093749999,
              63.42800390625
            ],
            [
              10.42358984375,
              63.4280078125
            ]
          ]
        ]
      },
      "properties": {
        "source": "cv_detection",
        "area_m2": 7.8631753771406805,
        "tile_id": "tile_0033"
      }
    },
    {
      "type": "Feature",
      "geometry": {
        "type": "Polygon",
        "coordinates": [
          [
            [
              10.423996093749999,
              63.43
            ],
            [
              10.423457031249999,
              63.43
            ],
            [
              10.423480468749998,
              63.42983984375
            ],
            [
              10.42330078125,
              63.42983203125
            ],
            [
              10.423324218749999,
              63.429667968749996
            ],
            [
              10.42314453125,
              63.42966015625
            ],
            [
              10.4231484375,
              63.429578125
            ],
            [
              10.422050781249999,
              63.42954296875
            ],
            [
              10.422058593749998,
              63.42946484375
            ],
            [
              10.421999999999999,
              63.429457031249996
            ],
            [
              10.421999999999999,
              63.42871484375
            ],
            [
              10.422175781249999,
              63.42871875
            ],
            [
              10.4221953125,
              63.42863671875
            ],
            [
              10.422558593749999,
              63.4286484375
            ],
            [
              10.422574218749999,
              63.42856640625
            ],
            [
              10.42275390625,
              63.42857421875
            ],
            [
              10.422773437499998,
              63.4284921875
            ],
            [
              10.422953125,
              63.42849609375
            ],
            [
              10.422968749999999,
              63.428414062499996
            ],
            [
              10.422417968749999,
              63.42839453125
            ],
            [
              10.422398437499998,
              63.428476562499995
            ],
            [
              10.422035156249999,
              63.42846484375
            ],
            [
              10.421999999999999,
              63.428652343749995
            ],
            [
              10.421999999999999,
              63.42805078125
            ],
            [
              10.42209765625,
              63.42805078125
            ],
            [
              10.422109374999998,
              63.42800390625
            ],
            [
              10.423218749999998,
              63.42800390625
            ],
            [
              10.42320703125,
              63.4280859375
            ],
            [
              10.4230234375,
              63.42808203125
            ],
            [
              10.423011718749999,
              63.428160156249994
            ],
            [
              10.423375,
              63.42817578125
            ],
            [
              10.423390625,
              63.428097656249996
            ],
            [
              10.4237578125,
              63.42810546875
            ],
            [
              10.4237734375,
              63.428027343749996
            ],
            [
              10.423996093749999,
              63.42803125
            ],
            [
              10.423996093749999,
              63.42852734375
            ],
            [
              10.42387890625,
              63.4285234375
            ],
            [
              10.42386328125,
              63.42860546875
            ],
            [
              10.4236796875,
              63.4286015625
            ],
            [
              10.423664062499999,
              63.4286796875
            ],
            [
              10.42330078125,
              63.428671875
            ],
            [
              10.42328515625,
              63.42875390625
            ],
            [
              10.42291796875,
              63.4287421875
            ],
            [
              10.42290234375,
              63.42880859375
            ],
            [
              10.422906249999999,
              63.428828124999995
            ],
            [
              10.4230859375,
              63.428832031249996
            ],
            [
              10.423078125,
              63.42891015625
            ],
            [
              10.42309375,
              63.42891796875
            ],
            [
              10.42380859375,
              63.428937499999996
            ],
            [
              10.423828125,
              63.42885546875
            ],
            [
              10.423996093749999,
              63.428863281249996
            ],
            [
              10.423996093749999,
              63.42919140625
            ],
            [
              10.423953124999999,
              63.4291953125
            ],
            [
              10.42394140625,
              63.42926953125
            ],
            [
              10.423394531249999,
              63.42925390625
            ],
            [
              10.42336328125,
              63.42939453125
            ],
            [
              10.423367187499998,
              63.429421874999996
            ],
            [
              10.423542968749999,
              63.429425781249996
            ],
            [
              10.4235390625,
              63.42950390625
            ],
            [
              10.423550781249999,
              63.42951171875
            ],
            [
              10.42371484375,
              63.429515625
            ],
            [
              10.4237109375,
              63.4296015625
            ],
            [
              10.423882812499999,
              63.42960546875
            ],
            [
              10.4238515625,
              63.4298515625
            ],
            [
              10.423996093749999,
              63.429859375
            ],
            [
              10.423996093749999,
              63.43
            ]
          ]
        ]
      },
      "properties": {
        "source": "cv_detection",
        "area_m2": 14766.370570202162,
        "tile_id": "tile_0033"
      }
    },
    {
      "type": "Feature",
      "geometry": {
        "type": "Polygon",
        "coordinates": [
          [
            [
              10.4166875,
              63.434097656249996
            ],
            [
              10.4165078125,
              63.434089843749994
            ],
            [
              10.416515625,
              63.43400390625
            ],
            [
              10.416546875,
              63.43400390625
            ],
            [
              10.41655078125,
              63.434015625
            ],
            [
              10.41669921875,
              63.434019531249994
            ],
            [
              10.4166875,
              63.434097656249996
            ]
          ]
        ]
      },
      "properties": {
        "source": "cv_detection",
        "area_m2": 79.3299741695461,
        "tile_id": "tile_0034"
      }
    },
    {
      "type": "Feature",
      "geometry": {
        "type": "Polygon",
        "coordinates": [
          [
            [
              10.416,
              63.4353203125
            ],
            [
              10.416,
              63.434578125
            ],
            [
              10.41605078125,
              63.434582031249995
            ],
            [
              10.41605078125,
              63.4346640625
            ],
            [
              10.41640625,
              63.434671875
            ],
            [
              10.4164375,
              63.434511718749995
            ],
            [
              10.41662109375,
              63.434515624999996
            ],
            [
              10.41663671875,
              63.43443359375
            ],
            [
              10.4168125,
              63.434441406249995
            ],
            [
              10.4168359375,
              63.43435546875
            ],
            [
              10.41701171875,
              63.434359375
            ],
            [
              10.4170390625,
              63.434199218749995
            ],
            [
              10.41686328125,
              63.43419140625
            ],
            [
              10.416867187500001,
              63.434109375
            ],
            [
              10.417050781250001,
              63.43411328125
            ],
            [
              10.417066406250001,
              63.43403515625
            ],
            [
              10.41688671875,
              63.434023437499995
            ],
            [
              10.41688671875,
              63.43400390625
            ],
            [
              10.41799609375,
              63.43400390625
            ],
            [
              10.41799609375,
              63.43471875
            ],
            [
              10.417890625000002,
              63.43471875
            ],
            [
              10.41789453125,
              63.43463671875
            ],
            [
              10.417531250000001,
              63.434625
            ],
            [
              10.417515625,
              63.43470703125
            ],
            [
              10.41733203125,
              63.434703125
            ],
            [
              10.41731640625,
              63.43478515625
            ],
            [
              10.417136718750001,
              63.43477734375
            ],
            [
              10.41708203125,
              63.435105468749995
            ],
            [
              10.417261718750002,
              63.4351171875
            ],
            [
              10.4172578125,
              63.43519921875
            ],
            [
              10.417433593750001,
              63.435203125
            ],
            [
              10.417421875,
              63.435285156249996
            ],
            [
              10.417242187500001,
              63.43527734375
            ],
            [
              10.41724609375,
              63.4351953125
            ],
            [
              10.4170703125,
              63.43519140625
            ],
            [
              10.417042968750001,
              63.435328125
            ],
            [
              10.417046875,
              63.435359375
            ],
            [
              10.41740625,
              63.43537109375
            ],
            [
              10.41740234375,
              63.435453125
            ],
            [
              10.417578125,
              63.4354609375
            ],
            [
              10.417593750000002,
              63.43537890625
            ],
            [
              10.417773437500001,
              63.4353828125
            ],
            [
              10.41776953125,
              63.43546484375
            ],
            [
              10.41799609375,
              63.43547265625
            ],
            [
              10.41799609375,
              63.43580078125
            ],
            [
              10.417898437500002,
              63.43580078125
            ],
            [
              10.417886718750001,
              63.4358515625
            ],
            [
              10.417890625000002,
              63.4358828125
            ],
            [
              10.41799609375,
              63.43588671875
            ],
            [
              10.41799609375,
              63.436
            ],
            [
              10.4167578125,
              63.436
            ],
            [
              10.41676953125,
              63.43593359375
            ],
            [
              10.416945312500001,
              63.4359375
            ],
            [
              10.416964843750002,
              63.43585546875
            ],
            [
              10.41714453125,
              63.435859375
            ],
            [
              10.41716796875,
              63.43569140625
            ],
            [
              10.4169921875,
              63.43568359375
            ],
            [
              10.41699609375,
              63.4356015625
            ],
            [
              10.4168203125,
              63.435597656249996
            ],
            [
              10.416828125,
              63.43551953125
            ],
            [
              10.416648437500001,
              63.4355078125
            ],
            [
              10.41665234375,
              63.43542578125
            ],
            [
              10.41648046875,
              63.435421874999996
            ],
            [
              10.416484375000001,
              63.4353359375
            ],
            [
              10.416,
              63.4353203125
            ]
          ]
        ]
      },
      "properties": {
        "source": "cv_detection",
        "area_m2": 12392.670437979428,
        "tile_id": "tile_0034"
      }
    },
    {
      "type": "Feature",
      "geometry": {
        "type": "Polygon",
        "coordinates": [
          [
            [
              10.416,
              63.43590625
            ],
            [
              10.4160234375,
              63.43590625
            ],
            [
              10.41601953125,
              63.43598828125
            ],
            [
              10.41619921875,
              63.436
            ],
            [
              10.416,
              63.436
            ],
            [
              10.416,
              63.43590625
            ]
          ]
        ]
      },
      "properties": {
        "source": "cv_detection",
        "area_m2": 16.774064491968737,
        "tile_id": "tile_0034"
      }
    },
    {
      "type": "Feature",
      "geometry": {
        "type": "Polygon",
        "coordinates": [
          [
            [
              10.357999999999999,
              63.414
            ],
            [
              10.357999999999999,
              63.41220703125
            ],
            [
              10.3583515625,
              63.41222265625
            ],
            [
              10.358332031249999,
              63.4123828125
            ],
            [
              10.3585078125,
              63.412390625
            ],
            [
              10.358488281249999,
              63.4125546875
            ],
            [
              10.35866796875,
              63.4125625
            ],
            [
              10.358628906249999,
              63.4128046875
            ],
            [
              10.35844921875,
              63.41280078125
            ],
            [
              10.358433593749998,
              63.4128828125
            ],
            [
              10.35861328125,
              63.412894531250004
            ],
            [
              10.35860546875,
              63.41298046875
            ],
            [
              10.35878125,
              63.412984375
            ],
            [
              10.358730468749998,
              63.41330859375
            ],
            [
              10.358550781249999,
              63.4133046875
            ],
            [
              10.35853515625,
              63.41338671875
            ],
            [
              10.358355468749998,
              63.413382812500004
            ],
            [
              10.358339843749999,
              63.4134609375
            ],
            [
              10.358539062499998,
              63.4134765625
            ],
            [
              10.35907421875,
              63.413488281250004
            ],
            [
              10.359089843749999,
              63.41341015625
            ],
            [
              10.359273437499999,
              63.4134140625
            ],
            [
              10.359289062499998,
              63.41333203125
            ],
            [
              10.35946875,
              63.4133359375
            ],
            [
              10.35948828125,
              63.41325390625
            ],
            [
              10.359664062499998,
              63.4132578125
            ],
            [
              10.359734374999999,
              63.41284765625
            ],
            [
              10.3595546875,
              63.4128359375
            ],
            [
              10.3595625,
              63.41275390625
            ],
            [
              10.3593828125,
              63.41275
            ],
            [
              10.359386718749999,
              63.41266796875
            ],
            [
              10.35921484375,
              63.4126640625
            ],
            [
              10.359210937499999,
              63.412578125
            ],
            [
              10.359039062499999,
              63.41257421875
            ],
            [
              10.35905078125,
              63.4124921875
            ],
            [
              10.358871093749999,
              63.412484375
            ],
            [
              10.358871093749999,
              63.4123984375
            ],
            [
              10.358703124999998,
              63.41239453125
            ],
            [
              10.358722656249999,
              63.412234375
            ],
            [
              10.35854296875,
              63.4122265625
            ],
            [
              10.3585625,
              63.4120625
            ],
            [
              10.35838671875,
              63.412054687499996
            ],
            [
              10.358390624999998,
              63.41200390625
            ],
            [
              10.3593125,
              63.41200390625
            ],
            [
              10.35927734375,
              63.41225
            ],
            [
              10.359457031249999,
              63.4122578125
            ],
            [
              10.35944921875,
              63.412335937499996
            ],
            [
              10.359480468749998,
              63.41234375
            ],
            [
              10.359628906249998,
              63.41234765625
            ],
            [
              10.35964453125,
              63.412265624999996
            ],
            [
              10.35982421875,
              63.41226953125
            ],
            [
              10.359859375,
              63.41210546875
            ],
            [
              10.359996093749999,
              63.412109375
            ],
            [
              10.359996093749999,
              63.413765625
            ],
            [
              10.35995703125,
              63.413769531250004
            ],
            [
              10.35994140625,
              63.41384765625
            ],
            [
              10.359761718749999,
              63.41384375
            ],
            [
              10.35974609375,
              63.413921875
            ],
            [
              10.358640625,
              63.413890625
            ],
            [
              10.358624999999998,
              63.41396875
            ],
            [
              10.358261718749999,
              63.41395703125
            ],
            [
              10.358253906249999,
              63.414
            ],
            [
              10.357999999999999,
              63.414
            ]
          ]
        ]
      },
      "properties": {
        "source": "cv_detection",
        "area_m2": 14359.989689629141,
        "tile_id": "tile_0035"
      }
    },
    {
      "type": "Feature",
      "geometry": {
        "type": "Polygon",
        "coordinates": [
          [
            [
              10.426,
              63.4338984375
            ],
            [
              10.426,
              63.432003906249996
            ],
            [
              10.42739453125,
              63.432003906249996
            ],
            [
              10.4273984375,
              63.432039062499996
            ],
            [
              10.4275703125,
              63.43204296875
            ],
            [
              10.427578125,
              63.432003906249996
            ],
            [
              10.42799609375,
              63.432003906249996
            ],
            [
              10.42799609375,
              63.433050781249996
            ],
            [
              10.42796484375,
              63.43305859375
            ],
            [
              10.427953125,
              63.4331328125
            ],
            [
              10.4277734375,
              63.43312890625
            ],
            [
              10.427757812500001,
              63.43321093749999
            ],
            [
              10.427578125,
              63.43320703125
            ],
            [
              10.42755078125,
              63.4333671875
            ],
            [
              10.427566406250001,
              63.433375
            ],
            [
              10.427730468750001,
              63.43337890625
            ],
            [
              10.4277265625,
              63.433460937499994
            ],
            [
              10.42799609375,
              63.433468749999996
            ],
            [
              10.42799609375,
              63.434
            ],
            [
              10.426710937500001,
              63.434
            ],
            [
              10.42671484375,
              63.433921874999996
            ],
            [
              10.426,
              63.4338984375
            ]
          ]
        ]
      },
      "properties": {
        "source": "cv_detection",
        "area_m2": 20923.133182991573,
        "tile_id": "tile_0036"
      }
    },
    {
      "type": "Feature",
      "geometry": {
        "type": "Polygon",
        "coordinates": [
          [
            [
              10.426,
              63.433988281249995
            ],
            [
              10.42632421875,
              63.434
            ],
            [
              10.426,
              63.434
            ],
            [
              10.426,
              63.433988281249995
            ]
          ]
        ]
      },
      "properties": {
        "source": "cv_detection",
        "area_m2": 10.468755980266298,
        "tile_id": "tile_0036"
      }
    },
    {
      "type": "Feature",
      "geometry": {
        "type": "Polygon",
        "coordinates": [
          [
            [
              10.427999999999999,
              63.408
            ],
            [
              10.427999999999999,
              63.40783203125
            ],
            [
              10.42810546875,
              63.40783203125
            ],
            [
              10.428144531249998,
              63.407609375
            ],
            [
              10.428140625,
              63.4075859375
            ],
            [
              10.427999999999999,
              63.40758203125
            ],
            [
              10.427999999999999,
              63.40658984375
            ],
            [
              10.42830078125,
              63.40659765625
            ],
            [
              10.42833203125,
              63.4064375
            ],
            [
              10.428511718749998,
              63.406441406249996
            ],
            [
              10.428539062499999,
              63.406300781249996
            ],
            [
              10.42853515625,
              63.40626953125
            ],
            [
              10.428359375,
              63.406265624999996
            ],
            [
              10.4283671875,
              63.4061796875
            ],
            [
              10.428191406249999,
              63.40617578125
            ],
            [
              10.4281953125,
              63.40609375
            ],
            [
              10.42801953125,
              63.406089843749996
            ],
            [
              10.42802734375,
              63.40601171875
            ],
            [
              10.427999999999999,
              63.40600390625
            ],
            [
              10.429324218749999,
              63.40600390625
            ],
            [
              10.429324218749999,
              63.40605078125
            ],
            [
              10.4296875,
              63.40605859375
            ],
            [
              10.429691406249999,
              63.40600390625
            ],
            [
              10.429996093749999,
              63.40600390625
            ],
            [
              10.429996093749999,
              63.40773046875
            ],
            [
              10.42979296875,
              63.40772265625
            ],
            [
              10.429812499999999,
              63.407558593750004
            ],
            [
              10.42963671875,
              63.40755078125
            ],
            [
              10.42966796875,
              63.40730859375
            ],
            [
              10.4294921875,
              63.407296875
            ],
            [
              10.42953515625,
              63.40697265625
            ],
            [
              10.429359374999999,
              63.4069609375
            ],
            [
              10.4293984375,
              63.40671484375
            ],
            [
              10.42976171875,
              63.4067265625
            ],
            [
              10.42978515625,
              63.4065625
            ],
            [
              10.429238281249999,
              63.40654296875
            ],
            [
              10.42922265625,
              63.40662109375
            ],
            [
              10.428859375,
              63.40661328125
            ],
            [
              10.42883984375,
              63.4066953125
            ],
            [
              10.428660156249999,
              63.40669140625
            ],
            [
              10.42862890625,
              63.4068515625
            ],
            [
              10.4284453125,
              63.40685546875
            ],
            [
              10.428398437499999,
              63.40714453125
            ],
            [
              10.42840234375,
              63.40718359375
            ],
            [
              10.428574218749999,
              63.40719140625
            ],
            [
              10.42855859375,
              63.4073515625
            ],
            [
              10.428734375,
              63.407359375
            ],
            [
              10.4287265625,
              63.4074375
            ],
            [
              10.428738281249998,
              63.4074453125
            ],
            [
              10.42890234375,
              63.40744921875
            ],
            [
              10.428886718749999,
              63.40761328125
            ],
            [
              10.429062499999999,
              63.4076171875
            ],
            [
              10.42905859375,
              63.407699218750004
            ],
            [
              10.42941796875,
              63.40771484375
            ],
            [
              10.4294140625,
              63.407796875
            ],
            [
              10.4297734375,
              63.40780859375
            ],
            [
              10.429769531249999,
              63.407890625
            ],
            [
              10.429996093749999,
              63.40789453125
            ],
            [
              10.429996093749999,
              63.408
            ],
            [
              10.427999999999999,
              63.408
            ]
          ]
        ]
      },
      "properties": {
        "source": "cv_detection",
        "area_m2": 14517.390604501265,
        "tile_id": "tile_0037"
      }
    },
    {
      "type": "Feature",
      "geometry": {
        "type": "Polygon",
        "coordinates": [
          [
            [
              10.362,
              63.414
            ],
            [
              10.362,
              63.413421875
            ],
            [
              10.362046875,
              63.413421875
            ],
            [
              10.362078125,
              63.4132578125
            ],
            [
              10.3622578125,
              63.41326171875
            ],
            [
              10.362234375,
              63.413421875
            ],
            [
              10.36241796875,
              63.4134296875
            ],
            [
              10.36243359375,
              63.4133515625
            ],
            [
              10.36261328125,
              63.41335546875
            ],
            [
              10.36262109375,
              63.41334375
            ],
            [
              10.362640625000001,
              63.41319140625
            ],
            [
              10.3624609375,
              63.41318359375
            ],
            [
              10.36247265625,
              63.41310546875
            ],
            [
              10.3628359375,
              63.41311328125
            ],
            [
              10.36283203125,
              63.4131953125
            ],
            [
              10.363,
              63.41319921875
            ],
            [
              10.363,
              63.41326171875
            ],
            [
              10.36296875,
              63.4134453125
            ],
            [
              10.36278515625,
              63.41344140625
            ],
            [
              10.3627578125,
              63.41360546875
            ],
            [
              10.3629453125,
              63.41361328125
            ],
            [
              10.3629609375,
              63.41353515625
            ],
            [
              10.3633203125,
              63.41354296875
            ],
            [
              10.363339843750001,
              63.4134609375
            ],
            [
              10.36351953125,
              63.41346875
            ],
            [
              10.36353515625,
              63.41338671875
            ],
            [
              10.36371875,
              63.413390625
            ],
            [
              10.3637734375,
              63.41308203125
            ],
            [
              10.36376953125,
              63.41305859375
            ],
            [
              10.363593750000001,
              63.41305078125
            ],
            [
              10.363601562500001,
              63.4129765625
            ],
            [
              10.363574218750001,
              63.41296875
            ],
            [
              10.363421875,
              63.412964843750004
            ],
            [
              10.36340234375,
              63.413046875
            ],
            [
              10.362859375000001,
              63.41302734375
            ],
            [
              10.36286328125,
              63.4129453125
            ],
            [
              10.3626875,
              63.4129375
            ],
            [
              10.36272265625,
              63.4126953125
            ],
            [
              10.362902343750001,
              63.412703125
            ],
            [
              10.36288671875,
              63.4128671875
            ],
            [
              10.3630625,
              63.41287109375
            ],
            [
              10.36307421875,
              63.4127890625
            ],
            [
              10.363261718750001,
              63.412796875
            ],
            [
              10.36328515625,
              63.4126328125
            ],
            [
              10.363109375,
              63.41262109375
            ],
            [
              10.363121093750001,
              63.41254296875
            ],
            [
              10.363296875000001,
              63.41255078125
            ],
            [
              10.363328125,
              63.41238671875
            ],
            [
              10.362964843750001,
              63.4123671875
            ],
            [
              10.36296875,
              63.41228515625
            ],
            [
              10.36279296875,
              63.41228125
            ],
            [
              10.362796875,
              63.41219921875
            ],
            [
              10.3626171875,
              63.41219140625
            ],
            [
              10.362625,
              63.412109375
            ],
            [
              10.362265625000001,
              63.41209765625
            ],
            [
              10.3622578125,
              63.41218359375
            ],
            [
              10.3624296875,
              63.4121875
            ],
            [
              10.362390625,
              63.41243359375
            ],
            [
              10.3622109375,
              63.4124296875
            ],
            [
              10.3621796875,
              63.41259375
            ],
            [
              10.362,
              63.41258984375
            ],
            [
              10.362,
              63.41200390625
            ],
            [
              10.36399609375,
              63.41200390625
            ],
            [
              10.36399609375,
              63.41306640625
            ],
            [
              10.363957031250001,
              63.4130703125
            ],
            [
              10.3639453125,
              63.41312890625
            ],
            [
              10.363949218750001,
              63.4131484375
            ],
            [
              10.36399609375,
              63.41315234375
            ],
            [
              10.36399609375,
              63.414
            ],
            [
              10.362,
              63.414
            ]
          ]
        ]
      },
      "properties": {
        "source": "cv_detection",
        "area_m2": 14376.39798105122,
        "tile_id": "tile_0038"
      }
    },
    {
      "type": "Feature",
      "geometry": {
        "type": "Polygon",
        "coordinates": [
          [
            [
              10.445996093749999,
              63.43404296875
            ],
            [
              10.44578515625,
              63.43403515625
            ],
            [
              10.4457890625,
              63.43400390625
            ],
            [
              10.445996093749999,
              63.43400390625
            ],
            [
              10.445996093749999,
              63.43404296875
            ]
          ]
        ]
      },
      "properties": {
        "source": "cv_detection",
        "area_m2": 40.52681245456523,
        "tile_id": "tile_0039"
      }
    },
    {
      "type": "Feature",
      "geometry": {
        "type": "Polygon",
        "coordinates": [
          [
            [
              10.445996093749999,
              63.43553515625
            ],
            [
              10.445921875,
              63.43553125
            ],
            [
              10.44593359375,
              63.4353671875
            ],
            [
              10.4457578125,
              63.43536328125
            ],
            [
              10.4457890625,
              63.43511328125
            ],
            [
              10.444695312499999,
              63.43508203125
            ],
            [
              10.44467578125,
              63.43516015625
            ],
            [
              10.444125,
              63.435144531249996
            ],
            [
              10.444109374999998,
              63.4352265625
            ],
            [
              10.443999999999999,
              63.43522265625
            ],
            [
              10.443999999999999,
              63.43489453125
            ],
            [
              10.44434375,
              63.43490625
            ],
            [
              10.444382812499999,
              63.4346953125
            ],
            [
              10.444374999999999,
              63.434652343749995
            ],
            [
              10.444207031249999,
              63.4346484375
            ],
            [
              10.444226562499999,
              63.43448828125
            ],
            [
              10.444050781249999,
              63.434480468749996
            ],
            [
              10.444058593749999,
              63.4343984375
            ],
            [
              10.443999999999999,
              63.43439453125
            ],
            [
              10.443999999999999,
              63.43400390625
            ],
            [
              10.444304687499999,
              63.43400390625
            ],
            [
              10.44430078125,
              63.43407421875
            ],
            [
              10.444476562499998,
              63.434078125
            ],
            [
              10.444468749999999,
              63.434164062499995
            ],
            [
              10.444644531249999,
              63.434167968749996
            ],
            [
              10.4446328125,
              63.43433203125
            ],
            [
              10.4448046875,
              63.434335937499995
            ],
            [
              10.444796875,
              63.43441796875
            ],
            [
              10.444976562499999,
              63.43442578125
            ],
            [
              10.44497265625,
              63.4345078125
            ],
            [
              10.445332031249999,
              63.4345234375
            ],
            [
              10.445328125,
              63.43460546875
            ],
            [
              10.44550390625,
              63.434609375
            ],
            [
              10.44549609375,
              63.4346953125
            ],
            [
              10.445996093749999,
              63.43470703125
            ],
            [
              10.445996093749999,
              63.43553515625
            ]
          ]
        ]
      },
      "properties": {
        "source": "cv_detection",
        "area_m2": 7558.670925403309,
        "tile_id": "tile_0039"
      }
    },
    {
      "type": "Feature",
      "geometry": {
        "type": "Polygon",
        "coordinates": [
          [
            [
              10.445839843749999,
              63.436
            ],
            [
              10.44586328125,
              63.4358671875
            ],
            [
              10.445996093749999,
              63.43587109375
            ],
            [
              10.445996093749999,
              63.436
            ],
            [
              10.445839843749999,
              63.436
            ]
          ]
        ]
      },
      "properties": {
        "source": "cv_detection",
        "area_m2": 104.34392999033449,
        "tile_id": "tile_0039"
      }
    },
    {
      "type": "Feature",
      "geometry": {
        "type": "Polygon",
        "coordinates": [
          [
            [
              10.443999999999999,
              63.436
            ],
            [
              10.443999999999999,
              63.4358671875
            ],
            [
              10.44401171875,
              63.43586328125
            ],
            [
              10.444015624999999,
              63.43580859375
            ],
            [
              10.443999999999999,
              63.4358046875
            ],
            [
              10.443999999999999,
              63.43547265625
            ],
            [
              10.44407421875,
              63.43546875
            ],
            [
              10.444101562499998,
              63.4353125
            ],
            [
              10.44428125,
              63.4353203125
            ],
            [
              10.4442734375,
              63.43539453125
            ],
            [
              10.444292968749998,
              63.43540234375
            ],
            [
              10.444453124999999,
              63.43540625
            ],
            [
              10.44446484375,
              63.43532421875
            ],
            [
              10.44483203125,
              63.4353359375
            ],
            [
              10.444828124999999,
              63.43541796875
            ],
            [
              10.4451875,
              63.4354296875
            ],
            [
              10.4451796875,
              63.4355078125
            ],
            [
              10.4452578125,
              63.435515625
            ],
            [
              10.44536328125,
              63.43551171875
            ],
            [
              10.445390625,
              63.43535546875
            ],
            [
              10.44556640625,
              63.435359375
            ],
            [
              10.445546875,
              63.43551953125
            ],
            [
              10.445726562499999,
              63.43553125
            ],
            [
              10.4456875,
              63.435773437499996
            ],
            [
              10.44551171875,
              63.43576953125
            ],
            [
              10.4454921875,
              63.4358515625
            ],
            [
              10.4453125,
              63.43584765625
            ],
            [
              10.44529296875,
              63.4359296875
            ],
            [
              10.44511328125,
              63.435921875
            ],
            [
              10.4451015625,
              63.436
            ],
            [
              10.443999999999999,
              63.436
            ]
          ]
        ]
      },
      "properties": {
        "source": "cv_detection",
        "area_m2": 5101.3755781326845,
        "tile_id": "tile_0039"
      }
    },
    {
      "type": "Feature",
      "geometry": {
        "type": "Polygon",
        "coordinates": [
          [
            [
              10.416,
              63.414746093750004
            ],
            [
              10.416,
              63.41400390625
            ],
            [
              10.416753906250001,
              63.41400390625
            ],
            [
              10.416671875,
              63.41451953125
            ],
            [
              10.416492187500001,
              63.414515625
            ],
            [
              10.41647265625,
              63.41459765625
            ],
            [
              10.41629296875,
              63.41458984375
            ],
            [
              10.41627734375,
              63.414671875
            ],
            [
              10.41609765625,
              63.41466796875
            ],
            [
              10.416078125,
              63.414750000000005
            ],
            [
              10.416,
              63.414746093750004
            ]
          ]
        ]
      },
      "properties": {
        "source": "cv_detection",
        "area_m2": 2379.9618493564476,
        "tile_id": "tile_0040"
      }
    },
    {
      "type": "Feature",
      "geometry": {
        "type": "Polygon",
        "coordinates": [
          [
            [
              10.41799609375,
              63.415058593750004
            ],
            [
              10.417886718750001,
              63.4150546875
            ],
            [
              10.41791015625,
              63.414894531250006
            ],
            [
              10.41799609375,
              63.4148984375
            ],
            [
              10.41799609375,
              63.415058593750004
            ]
          ]
        ]
      },
      "properties": {
        "source": "cv_detection",
        "area_m2": 86.49511352363712,
        "tile_id": "tile_0040"
      }
    },
    {
      "type": "Feature",
      "geometry": {
        "type": "Polygon",
        "coordinates": [
          [
            [
              10.41753515625,
              63.414882812500004
            ],
            [
              10.417511718750001,
              63.41504296875
            ],
            [
              10.416964843750002,
              63.415027343750005
            ],
            [
              10.41694921875,
              63.41510546875
            ],
            [
              10.416,
              63.415078125
            ],
            [
              10.416,
              63.4149140625
            ],
            [
              10.41605859375,
              63.41491015625
            ],
            [
              10.4160703125,
              63.4148359375
            ],
            [
              10.41680078125,
              63.414859375000006
            ],
            [
              10.416796875000001,
              63.41494140625
            ],
            [
              10.4169140625,
              63.4149453125
            ],
            [
              10.4169765625,
              63.41494140625
            ],
            [
              10.416984375,
              63.41486328125
            ],
            [
              10.41753515625,
              63.414882812500004
            ]
          ]
        ]
      },
      "properties": {
        "source": "cv_detection",
        "area_m2": 1681.3960127360892,
        "tile_id": "tile_0040"
      }
    },
    {
      "type": "Feature",
      "geometry": {
        "type": "Polygon",
        "coordinates": [
          [
            [
              10.416,
              63.416000000000004
            ],
            [
              10.416,
              63.415164062500004
            ],
            [
              10.416378906250001,
              63.41517578125
            ],
            [
              10.416371093750001,
              63.41525390625
            ],
            [
              10.41655078125,
              63.415265625
            ],
            [
              10.416546875,
              63.415347656250006
            ],
            [
              10.41672265625,
              63.4153515625
            ],
            [
              10.41671484375,
              63.4154375
            ],
            [
              10.416890625,
              63.415441406250004
            ],
            [
              10.4168046875,
              63.416000000000004
            ],
            [
              10.416,
              63.416000000000004
            ]
          ]
        ]
      },
      "properties": {
        "source": "cv_detection",
        "area_m2": 3434.3103586728603,
        "tile_id": "tile_0040"
      }
    },
    {
      "type": "Feature",
      "geometry": {
        "type": "Polygon",
        "coordinates": [
          [
            [
              10.402,
              63.426
            ],
            [
              10.402,
              63.42400390625
            ],
            [
              10.40255859375,
              63.42400390625
            ],
            [
              10.402554687499999,
              63.424019531249996
            ],
            [
              10.40237109375,
              63.424019531249996
            ],
            [
              10.4023359375,
              63.42426171875
            ],
            [
              10.402355468749999,
              63.42426953125
            ],
            [
              10.402511718749999,
              63.4242734375
            ],
            [
              10.402496093749999,
              63.4244375
            ],
            [
              10.40322265625,
              63.4244609375
            ],
            [
              10.403218749999999,
              63.42454296875
            ],
            [
              10.403578125,
              63.4245546875
            ],
            [
              10.40355859375,
              63.424718750000004
            ],
            [
              10.40373828125,
              63.4247265625
            ],
            [
              10.40372265625,
              63.424890625
            ],
            [
              10.40399609375,
              63.4248984375
            ],
            [
              10.40399609375,
              63.42580859375
            ],
            [
              10.4037578125,
              63.425800781250004
            ],
            [
              10.40376171875,
              63.42571875
            ],
            [
              10.40358984375,
              63.4257109375
            ],
            [
              10.403621093749999,
              63.42546875
            ],
            [
              10.40344140625,
              63.4254609375
            ],
            [
              10.4034609375,
              63.425296875
            ],
            [
              10.40328515625,
              63.4252890625
            ],
            [
              10.403328125,
              63.424964843750004
            ],
            [
              10.40315234375,
              63.424953125
            ],
            [
              10.403171875,
              63.424828125
            ],
            [
              10.40316796875,
              63.42478515625
            ],
            [
              10.40299609375,
              63.42478125
            ],
            [
              10.402999999999999,
              63.42469921875
            ],
            [
              10.402269531249999,
              63.42467578125
            ],
            [
              10.4022734375,
              63.42459375
            ],
            [
              10.40209765625,
              63.42458984375
            ],
            [
              10.402058593749999,
              63.42483203125
            ],
            [
              10.40223828125,
              63.42484375
            ],
            [
              10.40221875,
              63.42500390625
            ],
            [
              10.40239453125,
              63.425015625
            ],
            [
              10.40237890625,
              63.4251796875
            ],
            [
              10.40255078125,
              63.42518359375
            ],
            [
              10.40251953125,
              63.4254296875
            ],
            [
              10.402695312499999,
              63.4254375
            ],
            [
              10.4026640625,
              63.42568359375
            ],
            [
              10.40283984375,
              63.42569140625
            ],
            [
              10.402796875,
              63.426
            ],
            [
              10.402,
              63.426
            ]
          ]
        ]
      },
      "properties": {
        "source": "cv_detection",
        "area_m2": 9989.687312886994,
        "tile_id": "tile_0041"
      }
    },
    {
      "type": "Feature",
      "geometry": {
        "type": "Polygon",
        "coordinates": [
          [
            [
              10.427999999999999,
              63.4143828125
            ],
            [
              10.427999999999999,
              63.41400390625
            ],
            [
              10.428417968749999,
              63.41400390625
            ],
            [
              10.42839453125,
              63.4141484375
            ],
            [
              10.4282109375,
              63.4141484375
            ],
            [
              10.42816796875,
              63.414390625
            ],
            [
              10.427999999999999,
              63.4143828125
            ]
          ]
        ]
      },
      "properties": {
        "source": "cv_detection",
        "area_m2": 573.156335921137,
        "tile_id": "tile_0042"
      }
    },
    {
      "type": "Feature",
      "geometry": {
        "type": "Polygon",
        "coordinates": [
          [
            [
              10.4284375,
              63.415062500000005
            ],
            [
              10.428460937499999,
              63.41490234375
            ],
            [
              10.428644531249999,
              63.41490234375
            ],
            [
              10.4287109375,
              63.414500000000004
            ],
            [
              10.428890625,
              63.414500000000004
            ],
            [
              10.4289375,
              63.41425
            ],
            [
              10.42911328125,
              63.414257812500004
            ],
            [
              10.42914453125,
              63.41409375
            ],
            [
              10.429324218749999,
              63.41409765625
            ],
            [
              10.42934765625,
              63.41400390625
            ],
            [
              10.429996093749999,
              63.41400390625
            ],
            [
              10.429996093749999,
              63.4144453125
            ],
            [
              10.42983203125,
              63.41444140625
            ],
            [
              10.42981640625,
              63.41451171875
            ],
            [
              10.4298203125,
              63.41453125
            ],
            [
              10.429996093749999,
              63.414535156250004
            ],
            [
              10.429996093749999,
              63.41511328125
            ],
            [
              10.42991015625,
              63.415109375
            ],
            [
              10.4299140625,
              63.415027343750005
            ],
            [
              10.4297421875,
              63.415023437500004
            ],
            [
              10.4297890625,
              63.414714843750005
            ],
            [
              10.42978125,
              63.4146875
            ],
            [
              10.429609375,
              63.414683593750006
            ],
            [
              10.429578124999999,
              63.414847656250004
            ],
            [
              10.4293984375,
              63.41484375
            ],
            [
              10.42937890625,
              63.414925781250005
            ],
            [
              10.42919921875,
              63.414921875000005
            ],
            [
              10.429167968749999,
              63.4150859375
            ],
            [
              10.4288046875,
              63.415078125
            ],
            [
              10.4287890625,
              63.41515625
            ],
            [
              10.428609374999999,
              63.4151484375
            ],
            [
              10.42861328125,
              63.415066406250006
            ],
            [
              10.4284375,
              63.415062500000005
            ]
          ]
        ]
      },
      "properties": {
        "source": "cv_detection",
        "area_m2": 6130.425310224728,
        "tile_id": "tile_0042"
      }
    },
    {
      "type": "Feature",
      "geometry": {
        "type": "Polygon",
        "coordinates": [
          [
            [
              10.427999999999999,
              63.415300781250004
            ],
            [
              10.428031249999998,
              63.41529296875
            ],
            [
              10.428042968749999,
              63.41521875
            ],
            [
              10.429132812499999,
              63.41525390625
            ],
            [
              10.429132812499999,
              63.415335937500004
            ],
            [
              10.4293125,
              63.415343750000005
            ],
            [
              10.42930859375,
              63.41542578125
            ],
            [
              10.429484375,
              63.4154296875
            ],
            [
              10.429421875,
              63.41583984375001
            ],
            [
              10.42959765625,
              63.4158515625
            ],
            [
              10.429578124999999,
              63.416000000000004
            ],
            [
              10.428843749999999,
              63.416000000000004
            ],
            [
              10.4290234375,
              63.41599609375
            ],
            [
              10.429035156249999,
              63.41594531250001
            ],
            [
              10.42903125,
              63.41591015625001
            ],
            [
              10.428859375,
              63.415906250000006
            ],
            [
              10.42889453125,
              63.415660156250006
            ],
            [
              10.428722656249999,
              63.415652343750004
            ],
            [
              10.42871875,
              63.4155703125
            ],
            [
              10.42853515625,
              63.41556640625
            ],
            [
              10.428523437499999,
              63.41564453125
            ],
            [
              10.428339843749999,
              63.41564453125
            ],
            [
              10.428304687499999,
              63.41588671875
            ],
            [
              10.42848046875,
              63.415894531250004
            ],
            [
              10.428468749999999,
              63.416000000000004
            ],
            [
              10.427999999999999,
              63.416000000000004
            ],
            [
              10.427999999999999,
              63.415300781250004
            ]
          ]
        ]
      },
      "properties": {
        "source": "cv_detection",
        "area_m2": 4827.781976023626,
        "tile_id": "tile_0042"
      }
    },
    {
      "type": "Feature",
      "geometry": {
        "type": "Polygon",
        "coordinates": [
          [
            [
              10.44799609375,
              63.4192578125
            ],
            [
              10.4479453125,
              63.41926171875
            ],
            [
              10.447933593750001,
              63.41933203125
            ],
            [
              10.44775390625,
              63.419328125
            ],
            [
              10.44776171875,
              63.41925
            ],
            [
              10.4464765625,
              63.419207031250004
            ],
            [
              10.44648046875,
              63.419125
            ],
            [
              10.446,
              63.419109375
            ],
            [
              10.446,
              63.4186953125
            ],
            [
              10.4463671875,
              63.41870703125
            ],
            [
              10.4463828125,
              63.41864453125
            ],
            [
              10.44637890625,
              63.418625
            ],
            [
              10.44619921875,
              63.4186171875
            ],
            [
              10.446203125,
              63.41853515625
            ],
            [
              10.446031249999999,
              63.41852734375
            ],
            [
              10.44605078125,
              63.4183671875
            ],
            [
              10.446,
              63.41836328125
            ],
            [
              10.446,
              63.41800390625
            ],
            [
              10.446292968749999,
              63.41800390625
            ],
            [
              10.446292968749999,
              63.41804296875
            ],
            [
              10.4473984375,
              63.41807421875
            ],
            [
              10.447410156250001,
              63.41800390625
            ],
            [
              10.4475859375,
              63.41800390625
            ],
            [
              10.44758203125,
              63.41808203125
            ],
            [
              10.4479453125,
              63.41809375
            ],
            [
              10.4479609375,
              63.41800390625
            ],
            [
              10.44799609375,
              63.41800390625
            ],
            [
              10.44799609375,
              63.418671875
            ],
            [
              10.447859375,
              63.41866796875
            ],
            [
              10.44784375,
              63.418718750000004
            ],
            [
              10.44784765625,
              63.418753906250004
            ],
            [
              10.44799609375,
              63.4187578125
            ],
            [
              10.44799609375,
              63.4192578125
            ]
          ]
        ]
      },
      "properties": {
        "source": "cv_detection",
        "area_m2": 12414.523668354785,
        "tile_id": "tile_0043"
      }
    },
    {
      "type": "Feature",
      "geometry": {
        "type": "Polygon",
        "coordinates": [
          [
            [
              10.44604296875,
              63.419609375
            ],
            [
              10.446066406249999,
              63.4194453125
            ],
            [
              10.44625,
              63.41944921875
            ],
            [
              10.44627734375,
              63.4192890625
            ],
            [
              10.4471953125,
              63.41931640625
            ],
            [
              10.44719140625,
              63.4193984375
            ],
            [
              10.44799609375,
              63.419421875
            ],
            [
              10.44799609375,
              63.42
            ],
            [
              10.44764453125,
              63.42
            ],
            [
              10.44783203125,
              63.4199921875
            ],
            [
              10.44787890625,
              63.41970703125
            ],
            [
              10.447875,
              63.41966796875
            ],
            [
              10.44690234375,
              63.4196328125
            ],
            [
              10.4467734375,
              63.41963671875
            ],
            [
              10.44673828125,
              63.41987890625
            ],
            [
              10.44691796875,
              63.41988671875
            ],
            [
              10.4469140625,
              63.41997265625
            ],
            [
              10.4470859375,
              63.419976562500004
            ],
            [
              10.4470859375,
              63.42
            ],
            [
              10.4463515625,
              63.42
            ],
            [
              10.44637890625,
              63.4197890625
            ],
            [
              10.446203125,
              63.41978125
            ],
            [
              10.44621875,
              63.41961328125
            ],
            [
              10.44604296875,
              63.419609375
            ]
          ]
        ]
      },
      "properties": {
        "source": "cv_detection",
        "area_m2": 4298.199040458213,
        "tile_id": "tile_0043"
      }
    },
    {
      "type": "Feature",
      "geometry": {
        "type": "Polygon",
        "coordinates": [
          [
            [
              10.362,
              63.409128906250004
            ],
            [
              10.362,
              63.40894140625
            ],
            [
              10.36202734375,
              63.40894140625
            ],
            [
              10.362,
              63.409128906250004
            ]
          ]
        ]
      },
      "properties": {
        "source": "cv_detection",
        "area_m2": 14.138345929833392,
        "tile_id": "tile_0044"
      }
    },
    {
      "type": "Feature",
      "geometry": {
        "type": "Polygon",
        "coordinates": [
          [
            [
              10.36399609375,
              63.4099140625
            ],
            [
              10.36355078125,
              63.409898437500004
            ],
            [
              10.363566406250001,
              63.40973828125
            ],
            [
              10.363390625000001,
              63.409726562500005
            ],
            [
              10.363410156250001,
              63.40956640625
            ],
            [
              10.363234375000001,
              63.409558593750006
            ],
            [
              10.36325390625,
              63.40939453125
            ],
            [
              10.363078125000001,
              63.409382812500006
            ],
            [
              10.36313671875,
              63.4089765625
            ],
            [
              10.3629609375,
              63.40896875
            ],
            [
              10.36299609375,
              63.40872265625
            ],
            [
              10.3631796875,
              63.4087265625
            ],
            [
              10.3631953125,
              63.408644531250005
            ],
            [
              10.363375000000001,
              63.40865234375
            ],
            [
              10.363382812500001,
              63.40856640625
            ],
            [
              10.36302734375,
              63.40855078125
            ],
            [
              10.36303125,
              63.408472656250005
            ],
            [
              10.3628515625,
              63.408468750000004
            ],
            [
              10.3628359375,
              63.408546875
            ],
            [
              10.36247265625,
              63.408535156250004
            ],
            [
              10.362453125,
              63.4086171875
            ],
            [
              10.3622734375,
              63.408613281250005
            ],
            [
              10.36225390625,
              63.4086953125
            ],
            [
              10.362074218750001,
              63.40869140625
            ],
            [
              10.36205859375,
              63.4087734375
            ],
            [
              10.362,
              63.40876953125
            ],
            [
              10.362,
              63.40802734375
            ],
            [
              10.36291796875,
              63.4080546875
            ],
            [
              10.36292578125,
              63.40800390625
            ],
            [
              10.36384765625,
              63.40800390625
            ],
            [
              10.363843750000001,
              63.408085937500005
            ],
            [
              10.36399609375,
              63.40808984375
            ],
            [
              10.36399609375,
              63.409000000000006
            ],
            [
              10.363875,
              63.409000000000006
            ],
            [
              10.363863281250001,
              63.4090546875
            ],
            [
              10.3638671875,
              63.40908203125
            ],
            [
              10.36399609375,
              63.4090859375
            ],
            [
              10.36399609375,
              63.4095
            ],
            [
              10.363976562500001,
              63.40950390625
            ],
            [
              10.363953125,
              63.409660156250006
            ],
            [
              10.3637734375,
              63.409656250000005
            ],
            [
              10.3637890625,
              63.4094921875
            ],
            [
              10.36361328125,
              63.409484375000005
            ],
            [
              10.363574218750001,
              63.409730468750006
            ],
            [
              10.36358984375,
              63.40973828125
            ],
            [
              10.36375390625,
              63.4097421875
            ],
            [
              10.36374609375,
              63.40982421875
            ],
            [
              10.363921875,
              63.409828125000004
            ],
            [
              10.363949218750001,
              63.40966796875
            ],
            [
              10.36399609375,
              63.40966796875
            ],
            [
              10.36399609375,
              63.4099140625
            ]
          ]
        ]
      },
      "properties": {
        "source": "cv_detection",
        "area_m2": 11275.12048675083,
        "tile_id": "tile_0044"
      }
    },
    {
      "type": "Feature",
      "geometry": {
        "type": "Polygon",
        "coordinates": [
          [
            [
              10.362,
              63.4091875
            ],
            [
              10.362171875,
              63.40919140625
            ],
            [
              10.36215625,
              63.409359375
            ],
            [
              10.36233203125,
              63.40936328125
            ],
            [
              10.36226953125,
              63.40974609375
            ],
            [
              10.3622734375,
              63.40977734375
            ],
            [
              10.362449218750001,
              63.40978125
            ],
            [
              10.36246484375,
              63.409703125
            ],
            [
              10.362828125,
              63.40971484375
            ],
            [
              10.36280859375,
              63.40987500000001
            ],
            [
              10.36298828125,
              63.4098828125
            ],
            [
              10.362984375,
              63.409964843750004
            ],
            [
              10.36316015625,
              63.409968750000004
            ],
            [
              10.363171875,
              63.409929687500004
            ],
            [
              10.36316796875,
              63.40988671875
            ],
            [
              10.36299609375,
              63.40987890625
            ],
            [
              10.36300390625,
              63.409800781250006
            ],
            [
              10.3631875,
              63.40980859375
            ],
            [
              10.36318359375,
              63.409890625
            ],
            [
              10.363539062500001,
              63.409902343750005
            ],
            [
              10.36353515625,
              63.409984375
            ],
            [
              10.363687500000001,
              63.40998828125
            ],
            [
              10.3637109375,
              63.410000000000004
            ],
            [
              10.362046875,
              63.410000000000004
            ],
            [
              10.3620546875,
              63.409937500000005
            ],
            [
              10.362,
              63.409933593750004
            ],
            [
              10.362,
              63.4091875
            ]
          ]
        ]
      },
      "properties": {
        "source": "cv_detection",
        "area_m2": 2411.976568537155,
        "tile_id": "tile_0044"
      }
    },
    {
      "type": "Feature",
      "geometry": {
        "type": "Polygon",
        "coordinates": [
          [
            [
              10.37799609375,
              63.416000000000004
            ],
            [
              10.37792578125,
              63.416000000000004
            ],
            [
              10.3779609375,
              63.415765625000006
            ],
            [
              10.37778125,
              63.41575390625
            ],
            [
              10.37778515625,
              63.415671875
            ],
            [
              10.37723828125,
              63.415652343750004
            ],
            [
              10.37722265625,
              63.41573437500001
            ],
            [
              10.37667578125,
              63.41571875
            ],
            [
              10.376660156249999,
              63.415796875000005
            ],
            [
              10.376109374999999,
              63.41578515625
            ],
            [
              10.376093749999999,
              63.415863281250004
            ],
            [
              10.376,
              63.415863281250004
            ],
            [
              10.376,
              63.414785156250005
            ],
            [
              10.37608203125,
              63.414789062500006
            ],
            [
              10.37607421875,
              63.41487109375
            ],
            [
              10.376249999999999,
              63.41487890625
            ],
            [
              10.37624609375,
              63.414960937500005
            ],
            [
              10.376421875,
              63.414964843750006
            ],
            [
              10.376421875,
              63.41505078125
            ],
            [
              10.376589843749999,
              63.4150546875
            ],
            [
              10.37653515625,
              63.41546484375
            ],
            [
              10.377078125,
              63.415484375000005
            ],
            [
              10.37709375,
              63.41540234375
            ],
            [
              10.37764453125,
              63.415417968750006
            ],
            [
              10.3776875,
              63.41519140625
            ],
            [
              10.37768359375,
              63.415167968750005
            ],
            [
              10.37750390625,
              63.415164062500004
            ],
            [
              10.37751171875,
              63.41508203125
            ],
            [
              10.37715234375,
              63.415066406250006
            ],
            [
              10.377171875,
              63.41491015625
            ],
            [
              10.376992187499999,
              63.4148984375
            ],
            [
              10.37702734375,
              63.41469140625
            ],
            [
              10.3770234375,
              63.41465234375
            ],
            [
              10.37666796875,
              63.41463671875
            ],
            [
              10.376671875,
              63.4145546875
            ],
            [
              10.3764921875,
              63.41455078125
            ],
            [
              10.3765,
              63.414468750000005
            ],
            [
              10.37632421875,
              63.4144609375
            ],
            [
              10.376328124999999,
              63.414375
            ],
            [
              10.37615625,
              63.41437109375
            ],
            [
              10.37619140625,
              63.41412890625
            ],
            [
              10.376,
              63.414117187500004
            ],
            [
              10.376,
              63.41400390625
            ],
            [
              10.3776875,
              63.41400390625
            ],
            [
              10.37766796875,
              63.41417578125
            ],
            [
              10.37784375,
              63.41418359375
            ],
            [
              10.37783984375,
              63.414265625
            ],
            [
              10.37799609375,
              63.4142734375
            ],
            [
              10.37799609375,
              63.4151796875
            ],
            [
              10.377875,
              63.41517578125
            ],
            [
              10.37784765625,
              63.41531640625
            ],
            [
              10.3778515625,
              63.415343750000005
            ],
            [
              10.37799609375,
              63.415347656250006
            ],
            [
              10.37799609375,
              63.416000000000004
            ]
          ]
        ]
      },
      "properties": {
        "source": "cv_detection",
        "area_m2": 13393.448600159587,
        "tile_id": "tile_0045"
      }
    },
    {
      "type": "Feature",
      "geometry": {
        "type": "Polygon",
        "coordinates": [
          [
            [
              10.42599609375,
              63.41855078125
            ],
            [
              10.42474609375,
              63.41851171875
            ],
            [
              10.42474609375,
              63.4184296875
            ],
            [
              10.4243828125,
              63.41841796875
            ],
            [
              10.42438671875,
              63.4183359375
            ],
            [
              10.424031249999999,
              63.4183203125
            ],
            [
              10.4240390625,
              63.4182421875
            ],
            [
              10.424,
              63.41823828125
            ],
            [
              10.424,
              63.41800390625
            ],
            [
              10.42465625,
              63.41800390625
            ],
            [
              10.424660156249999,
              63.418015625
            ],
            [
              10.425734375,
              63.418046875
            ],
            [
              10.42574609375,
              63.41800390625
            ],
            [
              10.42599609375,
              63.41800390625
            ],
            [
              10.42599609375,
              63.41855078125
            ]
          ]
        ]
      },
      "properties": {
        "source": "cv_detection",
        "area_m2": 4978.2435085499465,
        "tile_id": "tile_0046"
      }
    },
    {
      "type": "Feature",
      "geometry": {
        "type": "Polygon",
        "coordinates": [
          [
            [
              10.425796875,
              63.42
            ],
            [
              10.42581640625,
              63.41987890625
            ],
            [
              10.42599609375,
              63.4198828125
            ],
            [
              10.42599609375,
              63.42
            ],
            [
              10.425796875,
              63.42
            ]
          ]
        ]
      },
      "properties": {
        "source": "cv_detection",
        "area_m2": 124.55073113011274,
        "tile_id": "tile_0046"
      }
    },
    {
      "type": "Feature",
      "geometry": {
        "type": "Polygon",
        "coordinates": [
          [
            [
              10.424,
              63.42
            ],
            [
              10.424,
              63.41973828125
            ],
            [
              10.42416796875,
              63.4197421875
            ],
            [
              10.42418359375,
              63.41966015625
            ],
            [
              10.4243671875,
              63.419664062500004
            ],
            [
              10.4243828125,
              63.41958203125
            ],
            [
              10.4245625,
              63.4195859375
            ],
            [
              10.424582031249999,
              63.41950390625
            ],
            [
              10.4247578125,
              63.41951171875
            ],
            [
              10.42477734375,
              63.4194296875
            ],
            [
              10.424957031249999,
              63.41943359375
            ],
            [
              10.42499609375,
              63.41921875
            ],
            [
              10.4249921875,
              63.4191796875
            ],
            [
              10.42481640625,
              63.41917578125
            ],
            [
              10.42482421875,
              63.41909765625
            ],
            [
              10.4246484375,
              63.41908984375
            ],
            [
              10.42462890625,
              63.419171875
            ],
            [
              10.42444921875,
              63.4191640625
            ],
            [
              10.4244296875,
              63.41924609375
            ],
            [
              10.424249999999999,
              63.419242187500004
            ],
            [
              10.42423046875,
              63.41932421875
            ],
            [
              10.4240546875,
              63.41931640625
            ],
            [
              10.42403515625,
              63.4193984375
            ],
            [
              10.424,
              63.4193984375
            ],
            [
              10.424,
              63.4188203125
            ],
            [
              10.4243125,
              63.41883203125
            ],
            [
              10.424328124999999,
              63.418753906250004
            ],
            [
              10.4254296875,
              63.418789062500004
            ],
            [
              10.42542578125,
              63.4188671875
            ],
            [
              10.42578515625,
              63.41887890625
            ],
            [
              10.42578125,
              63.4189609375
            ],
            [
              10.42599609375,
              63.41896875
            ],
            [
              10.42599609375,
              63.41946484375
            ],
            [
              10.42587890625,
              63.41946484375
            ],
            [
              10.4258515625,
              63.419625
            ],
            [
              10.425671875,
              63.41962109375
            ],
            [
              10.42565234375,
              63.419703125
            ],
            [
              10.4254765625,
              63.419699218750004
            ],
            [
              10.42545703125,
              63.41978125
            ],
            [
              10.42527734375,
              63.4197734375
            ],
            [
              10.42524609375,
              63.4199375
            ],
            [
              10.42506640625,
              63.4199296875
            ],
            [
              10.4250546875,
              63.42
            ],
            [
              10.424,
              63.42
            ]
          ]
        ]
      },
      "properties": {
        "source": "cv_detection",
        "area_m2": 9557.722771604407,
        "tile_id": "tile_0046"
      }
    },
    {
      "type": "Feature",
      "geometry": {
        "type": "Polygon",
        "coordinates": [
          [
            [
              10.427999999999999,
              63.4274921875
            ],
            [
              10.427999999999999,
              63.427167968750005
            ],
            [
              10.4283515625,
              63.42717578125
            ],
            [
              10.428363281249998,
              63.427125000000004
            ],
            [
              10.428359375,
              63.427089843750004
            ],
            [
              10.427999999999999,
              63.427078125
            ],
            [
              10.427999999999999,
              63.4263359375
            ],
            [
              10.42885546875,
              63.426359375000004
            ],
            [
              10.428871093749999,
              63.42628125
            ],
            [
              10.42923046875,
              63.426289062500004
            ],
            [
              10.4292578125,
              63.42616015625
            ],
            [
              10.429253906249999,
              63.426125
            ],
            [
              10.42834375,
              63.42609375
            ],
            [
              10.428347656249999,
              63.426011718750004
            ],
            [
              10.428171874999999,
              63.42600390625
            ],
            [
              10.429996093749999,
              63.42600390625
            ],
            [
              10.429996093749999,
              63.4260625
            ],
            [
              10.42964453125,
              63.4260546875
            ],
            [
              10.4296171875,
              63.42621484375
            ],
            [
              10.42964453125,
              63.426222656250005
            ],
            [
              10.429984375,
              63.42623046875
            ],
            [
              10.429996093749999,
              63.426187500000005
            ],
            [
              10.429996093749999,
              63.427390625
            ],
            [
              10.429804687499999,
              63.42738281250001
            ],
            [
              10.429812499999999,
              63.427308593750006
            ],
            [
              10.42979296875,
              63.427300781250004
            ],
            [
              10.4287109375,
              63.427269531250005
            ],
            [
              10.428695312499999,
              63.42734765625001
            ],
            [
              10.428328124999998,
              63.427339843750005
            ],
            [
              10.428312499999999,
              63.427421875
            ],
            [
              10.428128906249999,
              63.427414062500006
            ],
            [
              10.428113281249999,
              63.42749609375
            ],
            [
              10.427999999999999,
              63.4274921875
            ]
          ]
        ]
      },
      "properties": {
        "source": "cv_detection",
        "area_m2": 12396.761640338445,
        "tile_id": "tile_0047"
      }
    },
    {
      "type": "Feature",
      "geometry": {
        "type": "Polygon",
        "coordinates": [
          [
            [
              10.42823828125,
              63.42791796875
            ],
            [
              10.428277343749999,
              63.427671875
            ],
            [
              10.428453124999999,
              63.42767578125
            ],
            [
              10.428488281249999,
              63.427511718750004
            ],
            [
              10.4286640625,
              63.427519531250006
            ],
            [
              10.42868359375,
              63.4274375
            ],
            [
              10.42905078125,
              63.427445312500005
            ],
            [
              10.42906640625,
              63.4273671875
            ],
            [
              10.429613281249999,
              63.42738281250001
            ],
            [
              10.429609375,
              63.42746484375
            ],
            [
              10.42996875,
              63.427476562500004
            ],
            [
              10.42994921875,
              63.42763671875
            ],
            [
              10.429996093749999,
              63.427640625
            ],
            [
              10.429996093749999,
              63.428000000000004
            ],
            [
              10.428406249999998,
              63.428000000000004
            ],
            [
              10.42841015625,
              63.427921875
            ],
            [
              10.42823828125,
              63.42791796875
            ]
          ]
        ]
      },
      "properties": {
        "source": "cv_detection",
        "area_m2": 5036.568140898303,
        "tile_id": "tile_0047"
      }
    },
    {
      "type": "Feature",
      "geometry": {
        "type": "Polygon",
        "coordinates": [
          [
            [
              10.427999999999999,
              63.428000000000004
            ],
            [
              10.427999999999999,
              63.42774609375
            ],
            [
              10.42807421875,
              63.42774609375
            ],
            [
              10.428035156249999,
              63.428000000000004
            ],
            [
              10.427999999999999,
              63.428000000000004
            ]
          ]
        ]
      },
      "properties": {
        "source": "cv_detection",
        "area_m2": 76.53464153446629,
        "tile_id": "tile_0047"
      }
    },
    {
      "type": "Feature",
      "geometry": {
        "type": "Polygon",
        "coordinates": [
          [
            [
              10.44799609375,
              63.417265625
            ],
            [
              10.447898437500001,
              63.41726171875
            ],
            [
              10.44790234375,
              63.417175781249995
            ],
            [
              10.44773046875,
              63.417171875
            ],
            [
              10.447742187500001,
              63.417007812499996
            ],
            [
              10.4473828125,
              63.41699609375
            ],
            [
              10.44738671875,
              63.4169140625
            ],
            [
              10.44720703125,
              63.41691015625
            ],
            [
              10.44719921875,
              63.41698828125
            ],
            [
              10.447015625,
              63.416984375
            ],
            [
              10.44701953125,
              63.416902343749996
            ],
            [
              10.44684375,
              63.41689453125
            ],
            [
              10.44687890625,
              63.416652343749995
            ],
            [
              10.44669921875,
              63.416640625
            ],
            [
              10.446703124999999,
              63.41655859375
            ],
            [
              10.44652734375,
              63.416554687499996
            ],
            [
              10.44661328125,
              63.41600390625
            ],
            [
              10.44799609375,
              63.41600390625
            ],
            [
              10.44799609375,
              63.41610546875
            ],
            [
              10.44789453125,
              63.416101562499996
            ],
            [
              10.4478828125,
              63.41615234375
            ],
            [
              10.44788671875,
              63.41618359375
            ],
            [
              10.44799609375,
              63.4161875
            ],
            [
              10.44799609375,
              63.416933593749995
            ],
            [
              10.44794921875,
              63.416933593749995
            ],
            [
              10.4479375,
              63.4169765625
            ],
            [
              10.447941406250001,
              63.417015625
            ],
            [
              10.44799609375,
              63.41701953125
            ],
            [
              10.44799609375,
              63.417265625
            ]
          ]
        ]
      },
      "properties": {
        "source": "cv_detection",
        "area_m2": 7234.878889556463,
        "tile_id": "tile_0048"
      }
    },
    {
      "type": "Feature",
      "geometry": {
        "type": "Polygon",
        "coordinates": [
          [
            [
              10.44762890625,
              63.41775
            ],
            [
              10.44744921875,
              63.41774609375
            ],
            [
              10.44743359375,
              63.417828125
            ],
            [
              10.44725390625,
              63.41782421875
            ],
            [
              10.44723828125,
              63.41790234375
            ],
            [
              10.4470546875,
              63.4178984375
            ],
            [
              10.4470390625,
              63.4179765625
            ],
            [
              10.4464921875,
              63.4179609375
            ],
            [
              10.44649609375,
              63.417878906249996
            ],
            [
              10.44631640625,
              63.417875
            ],
            [
              10.4463203125,
              63.41779296875
            ],
            [
              10.4461484375,
              63.4177890625
            ],
            [
              10.4461640625,
              63.41762109375
            ],
            [
              10.446,
              63.4176171875
            ],
            [
              10.446,
              63.41748046875
            ],
            [
              10.44601171875,
              63.4174765625
            ],
            [
              10.44602734375,
              63.41737109375
            ],
            [
              10.44620703125,
              63.417375
            ],
            [
              10.4462265625,
              63.41729296875
            ],
            [
              10.446406249999999,
              63.41730078125
            ],
            [
              10.446421875,
              63.417218749999996
            ],
            [
              10.4467890625,
              63.4172265625
            ],
            [
              10.4468046875,
              63.417148437499996
            ],
            [
              10.44698046875,
              63.41715234375
            ],
            [
              10.4469765625,
              63.417234375
            ],
            [
              10.44733203125,
              63.417246093749995
            ],
            [
              10.44733203125,
              63.41733203125
            ],
            [
              10.4475078125,
              63.4173359375
            ],
            [
              10.44750390625,
              63.41741796875
            ],
            [
              10.44767578125,
              63.417425781249996
            ],
            [
              10.44762890625,
              63.41775
            ]
          ]
        ]
      },
      "properties": {
        "source": "cv_detection",
        "area_m2": 5262.877374422643,
        "tile_id": "tile_0048"
      }
    },
    {
      "type": "Feature",
      "geometry": {
        "type": "Polygon",
        "coordinates": [
          [
            [
              10.44796484375,
              63.418
            ],
            [
              10.44797265625,
              63.41794140625
            ],
            [
              10.44799609375,
              63.41793359375
            ],
            [
              10.44799609375,
              63.418
            ],
            [
              10.44796484375,
              63.418
            ]
          ]
        ]
      },
      "properties": {
        "source": "cv_detection",
        "area_m2": 9.338801491998213,
        "tile_id": "tile_0048"
      }
    },
    {
      "type": "Feature",
      "geometry": {
        "type": "Polygon",
        "coordinates": [
          [
            [
              10.446,
              63.418
            ],
            [
              10.446,
              63.417949218749996
            ],
            [
              10.44630078125,
              63.4179609375
            ],
            [
              10.446296875,
              63.418
            ],
            [
              10.446,
              63.418
            ]
          ]
        ]
      },
      "properties": {
        "source": "cv_detection",
        "area_m2": 74.07941184234737,
        "tile_id": "tile_0048"
      }
    },
    {
      "type": "Feature",
      "geometry": {
        "type": "Polygon",
        "coordinates": [
          [
            [
              10.418,
              63.424
            ],
            [
              10.418,
              63.42200390625
            ],
            [
              10.41999609375,
              63.42200390625
            ],
            [
              10.419921875,
              63.4220078125
            ],
            [
              10.41990234375,
              63.422089843749994
            ],
            [
              10.41972265625,
              63.4220859375
            ],
            [
              10.41970703125,
              63.422164062499995
            ],
            [
              10.4195234375,
              63.422160156249994
            ],
            [
              10.4195078125,
              63.4222421875
            ],
            [
              10.419328125,
              63.422238281249996
            ],
            [
              10.41930859375,
              63.4223203125
            ],
            [
              10.41912890625,
              63.42231640625
            ],
            [
              10.41911328125,
              63.4223984375
            ],
            [
              10.41893359375,
              63.422390625
            ],
            [
              10.41891796875,
              63.42247265625
            ],
            [
              10.418734375,
              63.42246875
            ],
            [
              10.418695312499999,
              63.4227109375
            ],
            [
              10.4187109375,
              63.42271875
            ],
            [
              10.418875,
              63.422722656249995
            ],
            [
              10.418890625,
              63.42264453125
            ],
            [
              10.4192578125,
              63.422652343749995
            ],
            [
              10.41927734375,
              63.4225703125
            ],
            [
              10.419453125,
              63.422578125
            ],
            [
              10.419472656249999,
              63.42249609375
            ],
            [
              10.41965234375,
              63.4225
            ],
            [
              10.419671875,
              63.42241796875
            ],
            [
              10.4198515625,
              63.422421875
            ],
            [
              10.4198671875,
              63.422343749999996
            ],
            [
              10.41999609375,
              63.42234765625
            ],
            [
              10.41999609375,
              63.42267578125
            ],
            [
              10.41981640625,
              63.42266796875
            ],
            [
              10.41980078125,
              63.42273046875
            ],
            [
              10.4198046875,
              63.42275390625
            ],
            [
              10.41998046875,
              63.422757812499995
            ],
            [
              10.41999609375,
              63.42270703125
            ],
            [
              10.41999609375,
              63.4233359375
            ],
            [
              10.419890625,
              63.4233359375
            ],
            [
              10.419875,
              63.4234140625
            ],
            [
              10.41951171875,
              63.42340625
            ],
            [
              10.41949609375,
              63.42348828125
            ],
            [
              10.41931640625,
              63.423484375
            ],
            [
              10.41928515625,
              63.42362890625
            ],
            [
              10.419289062499999,
              63.4236484375
            ],
            [
              10.41946875,
              63.42365234375
            ],
            [
              10.419484375,
              63.42357421875
            ],
            [
              10.41999609375,
              63.42358984375
            ],
            [
              10.41999609375,
              63.4238359375
            ],
            [
              10.419628906249999,
              63.42382421875
            ],
            [
              10.41961328125,
              63.42390625
            ],
            [
              10.41943359375,
              63.42390234375
            ],
            [
              10.41942578125,
              63.423984374999996
            ],
            [
              10.41958203125,
              63.42398828125
            ],
            [
              10.41959765625,
              63.424
            ],
            [
              10.4183046875,
              63.424
            ],
            [
              10.41830078125,
              63.4239453125
            ],
            [
              10.418128906249999,
              63.42394140625
            ],
            [
              10.4181171875,
              63.424
            ],
            [
              10.418,
              63.424
            ]
          ]
        ]
      },
      "properties": {
        "source": "cv_detection",
        "area_m2": 18624.65481023848,
        "tile_id": "tile_0049"
      }
    },
    {
      "type": "Feature",
      "geometry": {
        "type": "Polygon",
        "coordinates": [
          [
            [
              10.43,
              63.434
            ],
            [
              10.43,
              63.43369921875
            ],
            [
              10.43008984375,
              63.4336953125
            ],
            [
              10.43015625,
              63.433292968749996
            ],
            [
              10.4303359375,
              63.433296874999996
            ],
            [
              10.43036328125,
              63.43316015625
            ],
            [
              10.430359375,
              63.433125
            ],
            [
              10.43018359375,
              63.433121093749996
            ],
            [
              10.4301875,
              63.433039062499994
            ],
            [
              10.43,
              63.43303515624999
            ],
            [
              10.43,
              63.43204296875
            ],
            [
              10.4301640625,
              63.432046875
            ],
            [
              10.430078125,
              63.432624999999994
            ],
            [
              10.430257812499999,
              63.432628906249995
            ],
            [
              10.43025390625,
              63.4327109375
            ],
            [
              10.4304296875,
              63.43271484375
            ],
            [
              10.43042578125,
              63.432800781249995
            ],
            [
              10.43078125,
              63.4328125
            ],
            [
              10.43077734375,
              63.43289453125
            ],
            [
              10.43095703125,
              63.432902343749994
            ],
            [
              10.43094921875,
              63.432984375
            ],
            [
              10.43112890625,
              63.43298828125
            ],
            [
              10.43114453125,
              63.432910156249996
            ],
            [
              10.431328125,
              63.432910156249996
            ],
            [
              10.43135546875,
              63.43274609375
            ],
            [
              10.43153515625,
              63.43275390625
            ],
            [
              10.431578125,
              63.4325078125
            ],
            [
              10.4317578125,
              63.43251171874999
            ],
            [
              10.431785156250001,
              63.432347656249995
            ],
            [
              10.43160546875,
              63.43233593749999
            ],
            [
              10.4315859375,
              63.432417968749995
            ],
            [
              10.4314140625,
              63.432414062499994
            ],
            [
              10.43141796875,
              63.43233203125
            ],
            [
              10.43123828125,
              63.432328125
            ],
            [
              10.4312578125,
              63.43216406249999
            ],
            [
              10.43108203125,
              63.43215625
            ],
            [
              10.4311015625,
              63.432003906249996
            ],
            [
              10.43199609375,
              63.432003906249996
            ],
            [
              10.43199609375,
              63.43201953124999
            ],
            [
              10.43183984375,
              63.43201953124999
            ],
            [
              10.4317890625,
              63.43232421875
            ],
            [
              10.43179296875,
              63.432347656249995
            ],
            [
              10.431968750000001,
              63.432351562499996
            ],
            [
              10.43199609375,
              63.432214843749996
            ],
            [
              10.43199609375,
              63.43392578125
            ],
            [
              10.4315390625,
              63.433914062499994
            ],
            [
              10.431523437500001,
              63.434
            ],
            [
              10.43116015625,
              63.433984374999994
            ],
            [
              10.43115234375,
              63.434
            ],
            [
              10.43,
              63.434
            ]
          ]
        ]
      },
      "properties": {
        "source": "cv_detection",
        "area_m2": 14815.22369607894,
        "tile_id": "tile_0050"
      }
    },
    {
      "type": "Feature",
      "geometry": {
        "type": "Polygon",
        "coordinates": [
          [
            [
              10.434,
              63.428000000000004
            ],
            [
              10.434,
              63.42627734375
            ],
            [
              10.434046875,
              63.42628125
            ],
            [
              10.4340625,
              63.42623046875
            ],
            [
              10.434058593749999,
              63.426191406250005
            ],
            [
              10.434,
              63.426191406250005
            ],
            [
              10.434,
              63.42600390625
            ],
            [
              10.4359453125,
              63.42600390625
            ],
            [
              10.4359375,
              63.426085937500005
            ],
            [
              10.43599609375,
              63.42609375
            ],
            [
              10.43599609375,
              63.42700390625
            ],
            [
              10.43597265625,
              63.4270078125
            ],
            [
              10.435960937499999,
              63.427066406250006
            ],
            [
              10.43596484375,
              63.427089843750004
            ],
            [
              10.43599609375,
              63.427089843750004
            ],
            [
              10.43599609375,
              63.427167968750005
            ],
            [
              10.435953125,
              63.427164062500005
            ],
            [
              10.43595703125,
              63.4270859375
            ],
            [
              10.43559765625,
              63.4270703125
            ],
            [
              10.43559765625,
              63.426988281250004
            ],
            [
              10.435421875,
              63.426984375
            ],
            [
              10.4354296875,
              63.42690234375
            ],
            [
              10.43525,
              63.42689453125001
            ],
            [
              10.4352578125,
              63.426812500000004
            ],
            [
              10.435078125,
              63.42680859375
            ],
            [
              10.4350859375,
              63.4267265625
            ],
            [
              10.43454296875,
              63.426707031250004
            ],
            [
              10.434546874999999,
              63.426625
            ],
            [
              10.43437109375,
              63.42662109375
            ],
            [
              10.43434375,
              63.426785156250006
            ],
            [
              10.434890625,
              63.4268046875
            ],
            [
              10.434886718749999,
              63.426886718750005
            ],
            [
              10.435062499999999,
              63.42689453125001
            ],
            [
              10.435027343749999,
              63.427136718750006
            ],
            [
              10.43520703125,
              63.42714453125
            ],
            [
              10.43519921875,
              63.4272265625
            ],
            [
              10.435375,
              63.427238281250006
            ],
            [
              10.43537109375,
              63.42731640625
            ],
            [
              10.43599609375,
              63.427335937500004
            ],
            [
              10.43599609375,
              63.428000000000004
            ],
            [
              10.434890625,
              63.428000000000004
            ],
            [
              10.43491796875,
              63.42780468750001
            ],
            [
              10.43478515625,
              63.427792968750005
            ],
            [
              10.434734375,
              63.427796875000006
            ],
            [
              10.434703124999999,
              63.428000000000004
            ],
            [
              10.434,
              63.428000000000004
            ]
          ]
        ]
      },
      "properties": {
        "source": "cv_detection",
        "area_m2": 19594.08774053162,
        "tile_id": "tile_0051"
      }
    },
    {
      "type": "Feature",
      "geometry": {
        "type": "Polygon",
        "coordinates": [
          [
            [
              10.365996093749999,
              63.41703125
            ],
            [
              10.36591015625,
              63.41703125
            ],
            [
              10.3659140625,
              63.4169453125
            ],
            [
              10.365375,
              63.41692578125
            ],
            [
              10.3653828125,
              63.41684765625
            ],
            [
              10.365203124999999,
              63.4168359375
            ],
            [
              10.36520703125,
              63.41675390625
            ],
            [
              10.36503125,
              63.41675
            ],
            [
              10.365046874999999,
              63.416585937499995
            ],
            [
              10.364871093749999,
              63.416578125
            ],
            [
              10.364878906249999,
              63.41649609375
            ],
            [
              10.36470703125,
              63.4164921875
            ],
            [
              10.364722656249999,
              63.416328125
            ],
            [
              10.364546874999998,
              63.41631640625
            ],
            [
              10.364566406249999,
              63.416160156249994
            ],
            [
              10.36438671875,
              63.4161484375
            ],
            [
              10.364390624999999,
              63.416066406249996
            ],
            [
              10.36421875,
              63.416058593749995
            ],
            [
              10.36422265625,
              63.41600390625
            ],
            [
              10.365703125,
              63.41600390625
            ],
            [
              10.36570703125,
              63.416027343749995
            ],
            [
              10.365882812499999,
              63.41603515625
            ],
            [
              10.365874999999999,
              63.4161171875
            ],
            [
              10.365996093749999,
              63.41612109375
            ],
            [
              10.365996093749999,
              63.416449218749996
            ],
            [
              10.3656328125,
              63.4164375
            ],
            [
              10.365609375,
              63.4166015625
            ],
            [
              10.3659765625,
              63.416617187499995
            ],
            [
              10.365996093749999,
              63.416511718749994
            ],
            [
              10.365996093749999,
              63.41703125
            ]
          ]
        ]
      },
      "properties": {
        "source": "cv_detection",
        "area_m2": 5689.643775954356,
        "tile_id": "tile_0052"
      }
    },
    {
      "type": "Feature",
      "geometry": {
        "type": "Polygon",
        "coordinates": [
          [
            [
              10.36588671875,
              63.41719140625
            ],
            [
              10.36589453125,
              63.417113281249996
            ],
            [
              10.365996093749999,
              63.4171171875
            ],
            [
              10.365996093749999,
              63.4171953125
            ],
            [
              10.36588671875,
              63.41719140625
            ]
          ]
        ]
      },
      "properties": {
        "source": "cv_detection",
        "area_m2": 45.516140608088016,
        "tile_id": "tile_0052"
      }
    },
    {
      "type": "Feature",
      "geometry": {
        "type": "Polygon",
        "coordinates": [
          [
            [
              10.363999999999999,
              63.41647265625
            ],
            [
              10.364144531249998,
              63.416476562499994
            ],
            [
              10.364140625,
              63.41655859375
            ],
            [
              10.36431640625,
              63.4165625
            ],
            [
              10.36428125,
              63.41680859375
            ],
            [
              10.36445703125,
              63.41681640625
            ],
            [
              10.364421875,
              63.41705859375
            ],
            [
              10.36423828125,
              63.41705859375
            ],
            [
              10.364226562499999,
              63.417144531249996
            ],
            [
              10.364773437499998,
              63.41716015625
            ],
            [
              10.36475390625,
              63.417320312499996
            ],
            [
              10.3649296875,
              63.41733203125
            ],
            [
              10.36492578125,
              63.4174140625
            ],
            [
              10.36528515625,
              63.417425781249996
            ],
            [
              10.36527734375,
              63.4175078125
            ],
            [
              10.36545703125,
              63.417515625
            ],
            [
              10.36544921875,
              63.41758984375
            ],
            [
              10.3654609375,
              63.417597656249995
            ],
            [
              10.365996093749999,
              63.41761328125
            ],
            [
              10.365996093749999,
              63.418
            ],
            [
              10.364085937499999,
              63.418
            ],
            [
              10.36408203125,
              63.41796484375
            ],
            [
              10.363999999999999,
              63.4179609375
            ],
            [
              10.363999999999999,
              63.417218749999996
            ],
            [
              10.364207031249999,
              63.41722265625
            ],
            [
              10.36422265625,
              63.41716015625
            ],
            [
              10.36421875,
              63.417140624999995
            ],
            [
              10.363999999999999,
              63.4171328125
            ],
            [
              10.363999999999999,
              63.41647265625
            ]
          ]
        ]
      },
      "properties": {
        "source": "cv_detection",
        "area_m2": 8035.61801754994,
        "tile_id": "tile_0052"
      }
    },
    {
      "type": "Feature",
      "geometry": {
        "type": "Polygon",
        "coordinates": [
          [
            [
              10.423996093749999,
              63.4121015625
            ],
            [
              10.423726562499999,
              63.412089843749996
            ],
            [
              10.42373828125,
              63.41200390625
            ],
            [
              10.42379296875,
              63.41200390625
            ],
            [
              10.423796874999999,
              63.412015625
            ],
            [
              10.423996093749999,
              63.412019531249996
            ],
            [
              10.423996093749999,
              63.4121015625
            ]
          ]
        ]
      },
      "properties": {
        "source": "cv_detection",
        "area_m2": 118.51835095031886,
        "tile_id": "tile_0053"
      }
    },
    {
      "type": "Feature",
      "geometry": {
        "type": "Polygon",
        "coordinates": [
          [
            [
              10.421999999999999,
              63.41212109375
            ],
            [
              10.421999999999999,
              63.41200390625
            ],
            [
              10.422808593749998,
              63.41200390625
            ],
            [
              10.422800781249999,
              63.41205859375
            ],
            [
              10.4224375,
              63.41205078125
            ],
            [
              10.422421875,
              63.41212890625
            ],
            [
              10.421999999999999,
              63.41212109375
            ]
          ]
        ]
      },
      "properties": {
        "source": "cv_detection",
        "area_m2": 392.03194681613365,
        "tile_id": "tile_0053"
      }
    },
    {
      "type": "Feature",
      "geometry": {
        "type": "Polygon",
        "coordinates": [
          [
            [
              10.421999999999999,
              63.41377734375
            ],
            [
              10.421999999999999,
              63.41328125
            ],
            [
              10.422058593749998,
              63.41327734375
            ],
            [
              10.422070312499999,
              63.413203125
            ],
            [
              10.422433593749998,
              63.41321484375
            ],
            [
              10.422425781249999,
              63.413296875
            ],
            [
              10.42315625,
              63.4133203125
            ],
            [
              10.423171875,
              63.41323828125
            ],
            [
              10.423351562499999,
              63.4132421875
            ],
            [
              10.423378906249999,
              63.413109375
            ],
            [
              10.423375,
              63.41307421875
            ],
            [
              10.422093749999998,
              63.41303125
            ],
            [
              10.42209765625,
              63.412953125
            ],
            [
              10.421999999999999,
              63.41294921875
            ],
            [
              10.421999999999999,
              63.41228515625
            ],
            [
              10.4229453125,
              63.4123203125
            ],
            [
              10.422941406249999,
              63.4123984375
            ],
            [
              10.423296875,
              63.4124140625
            ],
            [
              10.423281249999999,
              63.41257421875
            ],
            [
              10.423457031249999,
              63.41258203125
            ],
            [
              10.42344921875,
              63.4126640625
            ],
            [
              10.423265624999999,
              63.41266015625
            ],
            [
              10.4232578125,
              63.4127421875
            ],
            [
              10.42343359375,
              63.41274609375
            ],
            [
              10.42342578125,
              63.41283203125
            ],
            [
              10.42378515625,
              63.41283984375
            ],
            [
              10.423765625,
              63.41300390625
            ],
            [
              10.42394140625,
              63.413015625
            ],
            [
              10.42379296875,
              63.414
            ],
            [
              10.422128906249998,
              63.414
            ],
            [
              10.4221328125,
              63.413953125
            ],
            [
              10.42268359375,
              63.41396875
            ],
            [
              10.42269921875,
              63.41388671875
            ],
            [
              10.422878906249998,
              63.413890625
            ],
            [
              10.422875,
              63.41397265625
            ],
            [
              10.423234375,
              63.41398828125
            ],
            [
              10.42325,
              63.41390234375
            ],
            [
              10.423070312499998,
              63.41389453125
            ],
            [
              10.42307421875,
              63.4138125
            ],
            [
              10.421999999999999,
              63.41377734375
            ]
          ]
        ]
      },
      "properties": {
        "source": "cv_detection",
        "area_m2": 12896.959112409462,
        "tile_id": "tile_0053"
      }
    },
    {
      "type": "Feature",
      "geometry": {
        "type": "Polygon",
        "coordinates": [
          [
            [
              10.42799609375,
              63.406
            ],
            [
              10.427843750000001,
              63.406
            ],
            [
              10.4278515625,
              63.405917968749996
            ],
            [
              10.427496093750001,
              63.40590234375
            ],
            [
              10.427496093750001,
              63.4058203125
            ],
            [
              10.427320312500001,
              63.40581640625
            ],
            [
              10.427328125,
              63.405734375
            ],
            [
              10.42715234375,
              63.4057265625
            ],
            [
              10.42716796875,
              63.405562499999995
            ],
            [
              10.4269921875,
              63.40555859375
            ],
            [
              10.427,
              63.40548046875
            ],
            [
              10.4268203125,
              63.40546875
            ],
            [
              10.426824218750001,
              63.405386718749995
            ],
            [
              10.42646875,
              63.405375
            ],
            [
              10.42647265625,
              63.40529296875
            ],
            [
              10.426,
              63.40527734375
            ],
            [
              10.426,
              63.404867187499995
            ],
            [
              10.42635546875,
              63.404875
            ],
            [
              10.426371093750001,
              63.404796874999995
            ],
            [
              10.4265546875,
              63.404800781249996
            ],
            [
              10.4265703125,
              63.404734375
            ],
            [
              10.42656640625,
              63.40471484375
            ],
            [
              10.426203125,
              63.404703125
            ],
            [
              10.42618359375,
              63.40478515625
            ],
            [
              10.426,
              63.40477734375
            ],
            [
              10.426,
              63.40400390625
            ],
            [
              10.427050781250001,
              63.40400390625
            ],
            [
              10.4270390625,
              63.404066406249996
            ],
            [
              10.426675781250001,
              63.40405468749999
            ],
            [
              10.42666015625,
              63.404136718749996
            ],
            [
              10.4272109375,
              63.40415625
            ],
            [
              10.427226562500001,
              63.40407421875
            ],
            [
              10.42758984375,
              63.4040859375
            ],
            [
              10.42760546875,
              63.40400390625
            ],
            [
              10.42799609375,
              63.40400390625
            ],
            [
              10.42799609375,
              63.404757812499994
            ],
            [
              10.42767578125,
              63.40475390625
            ],
            [
              10.42766015625,
              63.404832031249995
            ],
            [
              10.4274765625,
              63.404828124999995
            ],
            [
              10.427460937500001,
              63.40491015625
            ],
            [
              10.42728125,
              63.404906249999996
            ],
            [
              10.42725390625,
              63.40506640625
            ],
            [
              10.427277343750001,
              63.405074218749995
            ],
            [
              10.427433593750001,
              63.405078124999996
            ],
            [
              10.427425781250001,
              63.40516015625
            ],
            [
              10.427601562500001,
              63.40516796875
            ],
            [
              10.42759765625,
              63.405249999999995
            ],
            [
              10.4277734375,
              63.405253906249996
            ],
            [
              10.42776953125,
              63.40533984375
            ],
            [
              10.4279453125,
              63.40534375
            ],
            [
              10.4279375,
              63.405421874999995
            ],
            [
              10.42799609375,
              63.405429687499996
            ],
            [
              10.42799609375,
              63.406
            ]
          ]
        ]
      },
      "properties": {
        "source": "cv_detection",
        "area_m2": 14966.137463479385,
        "tile_id": "tile_0054"
      }
    },
    {
      "type": "Feature",
      "geometry": {
        "type": "Polygon",
        "coordinates": [
          [
            [
              10.426,
              63.405531249999996
            ],
            [
              10.4260625,
              63.405531249999996
            ],
            [
              10.42605859375,
              63.4056171875
            ],
            [
              10.426234375,
              63.40562109375
            ],
            [
              10.426222656250001,
              63.40568359375
            ],
            [
              10.426234375,
              63.405707031249996
            ],
            [
              10.42640234375,
              63.4057109375
            ],
            [
              10.4263984375,
              63.40579296875
            ],
            [
              10.426578125,
              63.405796875
            ],
            [
              10.4265703125,
              63.405878906249995
            ],
            [
              10.42675,
              63.40588671875
            ],
            [
              10.4267421875,
              63.40596875
            ],
            [
              10.42691796875,
              63.40597265625
            ],
            [
              10.42691796875,
              63.406
            ],
            [
              10.426,
              63.406
            ],
            [
              10.426,
              63.405531249999996
            ]
          ]
        ]
      },
      "properties": {
        "source": "cv_detection",
        "area_m2": 1120.956848905734,
        "tile_id": "tile_0054"
      }
    },
    {
      "type": "Feature",
      "geometry": {
        "type": "Polygon",
        "coordinates": [
          [
            [
              10.432,
              63.4028125
            ],
            [
              10.432,
              63.40200390625
            ],
            [
              10.43399609375,
              63.40200390625
            ],
            [
              10.43399609375,
              63.4023828125
            ],
            [
              10.433792968750002,
              63.40237109375
            ],
            [
              10.433796875,
              63.402292968750004
            ],
            [
              10.433066406250001,
              63.40226953125
            ],
            [
              10.433050781250001,
              63.4023515625
            ],
            [
              10.4326875,
              63.40233984375
            ],
            [
              10.432671875,
              63.402421875
            ],
            [
              10.43248828125,
              63.40241796875
            ],
            [
              10.43247265625,
              63.4025
            ],
            [
              10.43229296875,
              63.40249609375
            ],
            [
              10.43226171875,
              63.40265625
            ],
            [
              10.432082031250001,
              63.40265234375
            ],
            [
              10.43205078125,
              63.4028125
            ],
            [
              10.432,
              63.4028125
            ]
          ]
        ]
      },
      "properties": {
        "source": "cv_detection",
        "area_m2": 4318.232207945175,
        "tile_id": "tile_0055"
      }
    },
    {
      "type": "Feature",
      "geometry": {
        "type": "Polygon",
        "coordinates": [
          [
            [
              10.43399609375,
              63.403128906250004
            ],
            [
              10.433855468750002,
              63.403125
            ],
            [
              10.43383984375,
              63.403203125000005
            ],
            [
              10.43292578125,
              63.40317578125
            ],
            [
              10.432929687500001,
              63.403093750000004
            ],
            [
              10.432570312500001,
              63.40308203125
            ],
            [
              10.43265625,
              63.402515625
            ],
            [
              10.432839843750001,
              63.40251171875
            ],
            [
              10.43285546875,
              63.402433593750004
            ],
            [
              10.433957031250001,
              63.40246484375
            ],
            [
              10.433949218750001,
              63.402542968750005
            ],
            [
              10.43399609375,
              63.40255078125
            ],
            [
              10.43399609375,
              63.403128906250004
            ]
          ]
        ]
      },
      "properties": {
        "source": "cv_detection",
        "area_m2": 5315.362453661041,
        "tile_id": "tile_0055"
      }
    },
    {
      "type": "Feature",
      "geometry": {
        "type": "Polygon",
        "coordinates": [
          [
            [
              10.4326953125,
              63.403417968750006
            ],
            [
              10.43233203125,
              63.403410156250004
            ],
            [
              10.432316406250001,
              63.403488281250006
            ],
            [
              10.432,
              63.4034765625
            ],
            [
              10.432,
              63.40290234375
            ],
            [
              10.43203515625,
              63.40290234375
            ],
            [
              10.43203125,
              63.402984375
            ],
            [
              10.432203125000001,
              63.40298828125
            ],
            [
              10.432203125000001,
              63.40307421875
            ],
            [
              10.432378906250001,
              63.403078125
            ],
            [
              10.432375,
              63.403164062500004
            ],
            [
              10.43255078125,
              63.403167968750004
            ],
            [
              10.43254296875,
              63.40325
            ],
            [
              10.432718750000001,
              63.40325390625
            ],
            [
              10.4326953125,
              63.403417968750006
            ]
          ]
        ]
      },
      "properties": {
        "source": "cv_detection",
        "area_m2": 1317.119324664282,
        "tile_id": "tile_0055"
      }
    },
    {
      "type": "Feature",
      "geometry": {
        "type": "Polygon",
        "coordinates": [
          [
            [
              10.432609375,
              63.404
            ],
            [
              10.43266015625,
              63.40366796875
            ],
            [
              10.432839843750001,
              63.40367578125
            ],
            [
              10.432859375000001,
              63.403589843750005
            ],
            [
              10.4330390625,
              63.40359765625
            ],
            [
              10.43303125,
              63.4036796875
            ],
            [
              10.433207031250001,
              63.40368359375
            ],
            [
              10.43322265625,
              63.40360546875
            ],
            [
              10.433957031250001,
              63.403625000000005
            ],
            [
              10.43397265625,
              63.403546875
            ],
            [
              10.43399609375,
              63.403546875
            ],
            [
              10.43399609375,
              63.404
            ],
            [
              10.432609375,
              63.404
            ]
          ]
        ]
      },
      "properties": {
        "source": "cv_detection",
        "area_m2": 2790.8030809345146,
        "tile_id": "tile_0055"
      }
    },
    {
      "type": "Feature",
      "geometry": {
        "type": "Polygon",
        "coordinates": [
          [
            [
              10.432,
              63.404
            ],
            [
              10.432,
              63.4036484375
            ],
            [
              10.4321015625,
              63.403652343750004
            ],
            [
              10.4321015625,
              63.403734375000006
            ],
            [
              10.432273437500001,
              63.40373828125
            ],
            [
              10.432234375,
              63.404
            ],
            [
              10.432,
              63.404
            ]
          ]
        ]
      },
      "properties": {
        "source": "cv_detection",
        "area_m2": 417.67349985136843,
        "tile_id": "tile_0055"
      }
    },
    {
      "type": "Feature",
      "geometry": {
        "type": "Polygon",
        "coordinates": [
          [
            [
              10.384,
              63.403554687500005
            ],
            [
              10.384,
              63.40200390625
            ],
            [
              10.38425,
              63.40200390625
            ],
            [
              10.384,
              63.403554687500005
            ]
          ]
        ]
      },
      "properties": {
        "source": "cv_detection",
        "area_m2": 1069.3519028837204,
        "tile_id": "tile_0056"
      }
    },
    {
      "type": "Feature",
      "geometry": {
        "type": "Polygon",
        "coordinates": [
          [
            [
              10.38559765625,
              63.404
            ],
            [
              10.38571875,
              63.403234375000004
            ],
            [
              10.38554296875,
              63.4032265625
            ],
            [
              10.3855546875,
              63.4031484375
            ],
            [
              10.385734375,
              63.40315234375
            ],
            [
              10.385808593750001,
              63.4026953125
            ],
            [
              10.3858046875,
              63.40265625
            ],
            [
              10.3856328125,
              63.40265234375
            ],
            [
              10.38565625,
              63.40249609375
            ],
            [
              10.38583984375,
              63.40248828125
            ],
            [
              10.38591796875,
              63.40200390625
            ],
            [
              10.38599609375,
              63.40200390625
            ],
            [
              10.38599609375,
              63.404
            ],
            [
              10.38559765625,
              63.404
            ]
          ]
        ]
      },
      "properties": {
        "source": "cv_detection",
        "area_m2": 2867.9489419944343,
        "tile_id": "tile_0056"
      }
    },
    {
      "type": "Feature",
      "geometry": {
        "type": "Polygon",
        "coordinates": [
          [
            [
              10.42599609375,
              63.42842578125
            ],
            [
              10.42593359375,
              63.428421875
            ],
            [
              10.4259375,
              63.428339843749995
            ],
            [
              10.4255859375,
              63.428328125
            ],
            [
              10.42559765625,
              63.428167968749996
            ],
            [
              10.425421875,
              63.42815625
            ],
            [
              10.42544140625,
              63.42800390625
            ],
            [
              10.42562109375,
              63.42800390625
            ],
            [
              10.42561328125,
              63.428078125
            ],
            [
              10.42565234375,
              63.4280859375
            ],
            [
              10.425796875,
              63.4280859375
            ],
            [
              10.4258125,
              63.42800390625
            ],
            [
              10.42599609375,
              63.42800390625
            ],
            [
              10.42599609375,
              63.42842578125
            ]
          ]
        ]
      },
      "properties": {
        "source": "cv_detection",
        "area_m2": 821.3023606097524,
        "tile_id": "tile_0057"
      }
    },
    {
      "type": "Feature",
      "geometry": {
        "type": "Polygon",
        "coordinates": [
          [
            [
              10.424624999999999,
              63.4284609375
            ],
            [
              10.42426171875,
              63.428453125
            ],
            [
              10.42424609375,
              63.42853515625
            ],
            [
              10.424,
              63.42852734375
            ],
            [
              10.424,
              63.42803125
            ],
            [
              10.424320312499999,
              63.42804296875
            ],
            [
              10.42431640625,
              63.428124999999994
            ],
            [
              10.4244921875,
              63.428128906249995
            ],
            [
              10.42448828125,
              63.42821484375
            ],
            [
              10.424660156249999,
              63.42822265625
            ],
            [
              10.424624999999999,
              63.4284609375
            ]
          ]
        ]
      },
      "properties": {
        "source": "cv_detection",
        "area_m2": 1354.190176307089,
        "tile_id": "tile_0057"
      }
    },
    {
      "type": "Feature",
      "geometry": {
        "type": "Polygon",
        "coordinates": [
          [
            [
              10.424,
              63.42919140625
            ],
            [
              10.424,
              63.428863281249996
            ],
            [
              10.42419140625,
              63.428867187499996
            ],
            [
              10.424207031249999,
              63.42878515625
            ],
            [
              10.42439453125,
              63.42878515625
            ],
            [
              10.424398437499999,
              63.42870703125
            ],
            [
              10.42422265625,
              63.42869921875
            ],
            [
              10.424234375,
              63.428621093749996
            ],
            [
              10.4244140625,
              63.428625
            ],
            [
              10.4244140625,
              63.4287109375
            ],
            [
              10.42476953125,
              63.42871875
            ],
            [
              10.42477734375,
              63.42863671875
            ],
            [
              10.424421875,
              63.428625
            ],
            [
              10.4244296875,
              63.428546874999995
            ],
            [
              10.424796875,
              63.4285546875
            ],
            [
              10.4248125,
              63.42847265625
            ],
            [
              10.42517578125,
              63.428484375
            ],
            [
              10.425171875,
              63.42856640625
            ],
            [
              10.42534765625,
              63.42857421875
            ],
            [
              10.425296875,
              63.428898437499996
            ],
            [
              10.4251171875,
              63.42889453125
            ],
            [
              10.42509765625,
              63.4289765625
            ],
            [
              10.4249140625,
              63.42897265625
            ],
            [
              10.4248984375,
              63.42905078125
            ],
            [
              10.42453515625,
              63.42904296875
            ],
            [
              10.42451953125,
              63.42912109375
            ],
            [
              10.42415625,
              63.42911328125
            ],
            [
              10.424140625,
              63.4291953125
            ],
            [
              10.424,
              63.42919140625
            ]
          ]
        ]
      },
      "properties": {
        "source": "cv_detection",
        "area_m2": 3051.3745854281115,
        "tile_id": "tile_0057"
      }
    },
    {
      "type": "Feature",
      "geometry": {
        "type": "Polygon",
        "coordinates": [
          [
            [
              10.4251328125,
              63.42997265625
            ],
            [
              10.4251796875,
              63.42964453125
            ],
            [
              10.4253671875,
              63.42964453125
            ],
            [
              10.42537109375,
              63.42956640625
            ],
            [
              10.4251953125,
              63.429562499999996
            ],
            [
              10.4252109375,
              63.42948046875
            ],
            [
              10.4255703125,
              63.429492187499996
            ],
            [
              10.42558984375,
              63.42941015625
            ],
            [
              10.42576953125,
              63.4294140625
            ],
            [
              10.42578515625,
              63.4293359375
            ],
            [
              10.42541796875,
              63.429320312499996
            ],
            [
              10.42542578125,
              63.429234375
            ],
            [
              10.424886718749999,
              63.42921875
            ],
            [
              10.42489453125,
              63.429140624999995
            ],
            [
              10.4252578125,
              63.4291484375
            ],
            [
              10.4252734375,
              63.429070312499995
            ],
            [
              10.425453125,
              63.429074218749996
            ],
            [
              10.42544921875,
              63.42915625
            ],
            [
              10.4258125,
              63.42916796875
            ],
            [
              10.42582421875,
              63.4290859375
            ],
            [
              10.42599609375,
              63.42908984375
            ],
            [
              10.42599609375,
              63.43
            ],
            [
              10.42530859375,
              63.43
            ],
            [
              10.4253046875,
              63.4299765625
            ],
            [
              10.4251328125,
              63.42997265625
            ]
          ]
        ]
      },
      "properties": {
        "source": "cv_detection",
        "area_m2": 3428.8911015952604,
        "tile_id": "tile_0057"
      }
    },
    {
      "type": "Feature",
      "geometry": {
        "type": "Polygon",
        "coordinates": [
          [
            [
              10.424,
              63.43
            ],
            [
              10.424,
              63.429859375
            ],
            [
              10.42402734375,
              63.429859375
            ],
            [
              10.42401171875,
              63.43
            ],
            [
              10.424,
              63.43
            ]
          ]
        ]
      },
      "properties": {
        "source": "cv_detection",
        "area_m2": 15.137663824892895,
        "tile_id": "tile_0057"
      }
    },
    {
      "type": "Feature",
      "geometry": {
        "type": "Polygon",
        "coordinates": [
          [
            [
              10.366,
              63.431800781250004
            ],
            [
              10.366,
              63.43128515625
            ],
            [
              10.36601171875,
              63.43128125
            ],
            [
              10.366125,
              63.43058203125
            ],
            [
              10.36612109375,
              63.43055859375
            ],
            [
              10.366,
              63.4305546875
            ],
            [
              10.366,
              63.43005859375
            ],
            [
              10.36620703125,
              63.43006640625
            ],
            [
              10.36621875,
              63.43000390625
            ],
            [
              10.36799609375,
              63.43000390625
            ],
            [
              10.36799609375,
              63.430453125
            ],
            [
              10.3678125,
              63.43044921875
            ],
            [
              10.367820312500001,
              63.4303671875
            ],
            [
              10.36745703125,
              63.43035546875
            ],
            [
              10.36742578125,
              63.430515625
            ],
            [
              10.36724609375,
              63.43051171875
            ],
            [
              10.36723046875,
              63.43059375
            ],
            [
              10.367046875,
              63.43059375
            ],
            [
              10.36691796875,
              63.431382812500004
            ],
            [
              10.366921875,
              63.431417968750004
            ],
            [
              10.36799609375,
              63.431453125000004
            ],
            [
              10.36799609375,
              63.43177734375
            ],
            [
              10.3666796875,
              63.43173828125
            ],
            [
              10.3666640625,
              63.4318203125
            ],
            [
              10.366,
              63.431800781250004
            ]
          ]
        ]
      },
      "properties": {
        "source": "cv_detection",
        "area_m2": 13706.996811400684,
        "tile_id": "tile_0058"
      }
    },
    {
      "type": "Feature",
      "geometry": {
        "type": "Polygon",
        "coordinates": [
          [
            [
              10.354,
              63.404
            ],
            [
              10.354,
              63.40394921875
            ],
            [
              10.3545078125,
              63.40396484375
            ],
            [
              10.35453515625,
              63.403828125000004
            ],
            [
              10.354531249999999,
              63.403796875000005
            ],
            [
              10.354,
              63.40377734375
            ],
            [
              10.354,
              63.40328515625
            ],
            [
              10.35424609375,
              63.40329296875
            ],
            [
              10.354242187499999,
              63.403375000000004
            ],
            [
              10.3547890625,
              63.40339453125
            ],
            [
              10.35481640625,
              63.40325
            ],
            [
              10.354808593749999,
              63.40322265625
            ],
            [
              10.354453125,
              63.4032109375
            ],
            [
              10.35445703125,
              63.403128906250004
            ],
            [
              10.354277343749999,
              63.403125
            ],
            [
              10.35428125,
              63.40304296875
            ],
            [
              10.354,
              63.40303515625
            ],
            [
              10.354,
              63.40220703125
            ],
            [
              10.354058593749999,
              63.402203125
            ],
            [
              10.3540703125,
              63.40212890625
            ],
            [
              10.354249999999999,
              63.4021328125
            ],
            [
              10.354265625,
              63.40207421875
            ],
            [
              10.35426171875,
              63.402046875
            ],
            [
              10.354085937499999,
              63.4020390625
            ],
            [
              10.354085937499999,
              63.40200390625
            ],
            [
              10.35556640625,
              63.40200390625
            ],
            [
              10.3555625,
              63.40208984375
            ],
            [
              10.355734374999999,
              63.40209765625
            ],
            [
              10.3557265625,
              63.40217578125
            ],
            [
              10.355777343749999,
              63.40218359375
            ],
            [
              10.35591015625,
              63.4021796875
            ],
            [
              10.35593359375,
              63.4020234375
            ],
            [
              10.355769531249999,
              63.402015625000004
            ],
            [
              10.35575390625,
              63.40200390625
            ],
            [
              10.355996093749999,
              63.40200390625
            ],
            [
              10.355996093749999,
              63.404
            ],
            [
              10.354,
              63.404
            ]
          ]
        ]
      },
      "properties": {
        "source": "cv_detection",
        "area_m2": 20082.62907131151,
        "tile_id": "tile_0059"
      }
    },
    {
      "type": "Feature",
      "geometry": {
        "type": "Polygon",
        "coordinates": [
          [
            [
              10.413996093749999,
              63.410617187499994
            ],
            [
              10.413960937499999,
              63.410624999999996
            ],
            [
              10.41393359375,
              63.41078125
            ],
            [
              10.41375390625,
              63.41077734375
            ],
            [
              10.41372265625,
              63.410937499999996
            ],
            [
              10.413546875,
              63.410933593749995
            ],
            [
              10.4135546875,
              63.41085546875
            ],
            [
              10.41352734375,
              63.41084765625
            ],
            [
              10.411999999999999,
              63.410800781249996
            ],
            [
              10.411999999999999,
              63.410109375
            ],
            [
              10.41201171875,
              63.41010546875
            ],
            [
              10.412015624999999,
              63.410058593749994
            ],
            [
              10.411999999999999,
              63.41005468749999
            ],
            [
              10.411999999999999,
              63.41000390625
            ],
            [
              10.41202734375,
              63.41000390625
            ],
            [
              10.412023437499998,
              63.410058593749994
            ],
            [
              10.412199218749999,
              63.410062499999995
            ],
            [
              10.412191406249999,
              63.41014453125
            ],
            [
              10.41237109375,
              63.41015234375
            ],
            [
              10.412382812499999,
              63.4100703125
            ],
            [
              10.4125703125,
              63.41007421875
            ],
            [
              10.412582031249999,
              63.41000390625
            ],
            [
              10.412949218749999,
              63.41000390625
            ],
            [
              10.41293359375,
              63.4100859375
            ],
            [
              10.412757812499999,
              63.410078125
            ],
            [
              10.412738281249998,
              63.410160156249994
            ],
            [
              10.41255859375,
              63.41015625
            ],
            [
              10.41254296875,
              63.410238281249995
            ],
            [
              10.412363281249998,
              63.410230468749994
            ],
            [
              10.41234375,
              63.410312499999996
            ],
            [
              10.41216015625,
              63.410312499999996
            ],
            [
              10.412125,
              63.410519531249996
            ],
            [
              10.412128906249999,
              63.41055859375
            ],
            [
              10.412859375,
              63.410582031249994
            ],
            [
              10.412875,
              63.41050390625
            ],
            [
              10.413054687499999,
              63.4105078125
            ],
            [
              10.41307421875,
              63.41042578125
            ],
            [
              10.413253906249999,
              63.4104296875
            ],
            [
              10.41326953125,
              63.410347656249996
            ],
            [
              10.41344921875,
              63.41035546875
            ],
            [
              10.413464843749999,
              63.410273437499995
            ],
            [
              10.41364453125,
              63.410277343749996
            ],
            [
              10.413664062499999,
              63.410195312499994
            ],
            [
              10.41384375,
              63.410199218749995
            ],
            [
              10.41387109375,
              63.41003515625
            ],
            [
              10.4136953125,
              63.410023437499994
            ],
            [
              10.4136953125,
              63.41000390625
            ],
            [
              10.413996093749999,
              63.41000390625
            ],
            [
              10.413996093749999,
              63.410617187499994
            ]
          ]
        ]
      },
      "properties": {
        "source": "cv_detection",
        "area_m2": 5487.0628646303885,
        "tile_id": "tile_0060"
      }
    },
    {
      "type": "Feature",
      "geometry": {
        "type": "Polygon",
        "coordinates": [
          [
            [
              10.41355859375,
              63.412
            ],
            [
              10.4135703125,
              63.41193359375
            ],
            [
              10.41375,
              63.4119375
            ],
            [
              10.413769531249999,
              63.41185546875
            ],
            [
              10.41394921875,
              63.41186328125
            ],
            [
              10.41396484375,
              63.41178125
            ],
            [
              10.413996093749999,
              63.41178125
            ],
            [
              10.413996093749999,
              63.412
            ],
            [
              10.41355859375,
              63.412
            ]
          ]
        ]
      },
      "properties": {
        "source": "cv_detection",
        "area_m2": 269.5355011931038,
        "tile_id": "tile_0060"
      }
    },
    {
      "type": "Feature",
      "geometry": {
        "type": "Polygon",
        "coordinates": [
          [
            [
              10.411999999999999,
              63.412
            ],
            [
              10.411999999999999,
              63.411796875
            ],
            [
              10.41210546875,
              63.41180078125
            ],
            [
              10.412121093749999,
              63.411738281249995
            ],
            [
              10.4121171875,
              63.41171875
            ],
            [
              10.411999999999999,
              63.41171484375
            ],
            [
              10.411999999999999,
              63.41088671875
            ],
            [
              10.41225390625,
              63.41089453125
            ],
            [
              10.41224609375,
              63.4109765625
            ],
            [
              10.41259765625,
              63.41098828125
            ],
            [
              10.41260546875,
              63.411007812499996
            ],
            [
              10.4125859375,
              63.41115234375
            ],
            [
              10.41276171875,
              63.41116015625
            ],
            [
              10.4127109375,
              63.41148828125
            ],
            [
              10.41253515625,
              63.41148046875
            ],
            [
              10.4125,
              63.4116484375
            ],
            [
              10.412320312499999,
              63.41164453125
            ],
            [
              10.412312499999999,
              63.4117265625
            ],
            [
              10.412671875,
              63.411738281249995
            ],
            [
              10.412687499999999,
              63.41165625
            ],
            [
              10.412871093749999,
              63.41166015625
            ],
            [
              10.412886718749998,
              63.411578125
            ],
            [
              10.41306640625,
              63.4115859375
            ],
            [
              10.41308203125,
              63.41150390625
            ],
            [
              10.41344921875,
              63.41151171875
            ],
            [
              10.413480468749999,
              63.411351562499995
            ],
            [
              10.41366015625,
              63.411355468749996
            ],
            [
              10.41367578125,
              63.4112734375
            ],
            [
              10.41385546875,
              63.411281249999995
            ],
            [
              10.413874999999999,
              63.41119921875
            ],
            [
              10.413996093749999,
              63.411203125
            ],
            [
              10.413996093749999,
              63.41162890625
            ],
            [
              10.413984375,
              63.411632812499995
            ],
            [
              10.4139765625,
              63.4116953125
            ],
            [
              10.413796875,
              63.4116875
            ],
            [
              10.413777343749999,
              63.41176953125
            ],
            [
              10.41359765625,
              63.411765625
            ],
            [
              10.413578124999999,
              63.411847656249996
            ],
            [
              10.41321484375,
              63.41183984375
            ],
            [
              10.41319921875,
              63.41191796875
            ],
            [
              10.413019531249999,
              63.411914062499996
            ],
            [
              10.41300390625,
              63.412
            ],
            [
              10.411999999999999,
              63.412
            ]
          ]
        ]
      },
      "properties": {
        "source": "cv_detection",
        "area_m2": 6532.638450757974,
        "tile_id": "tile_0060"
      }
    },
    {
      "type": "Feature",
      "geometry": {
        "type": "Polygon",
        "coordinates": [
          [
            [
              10.412066406249998,
              63.404
            ],
            [
              10.41209765625,
              63.40375390625
            ],
            [
              10.411999999999999,
              63.40375
            ],
            [
              10.411999999999999,
              63.402257812500004
            ],
            [
              10.41215234375,
              63.402261718750005
            ],
            [
              10.41216796875,
              63.40218359375
            ],
            [
              10.4123515625,
              63.402187500000004
            ],
            [
              10.4123671875,
              63.40210546875
            ],
            [
              10.412730468749999,
              63.402117187500004
            ],
            [
              10.41275390625,
              63.40200390625
            ],
            [
              10.413859375,
              63.40200390625
            ],
            [
              10.4138515625,
              63.40206640625
            ],
            [
              10.41366796875,
              63.4020625
            ],
            [
              10.41365234375,
              63.40214453125
            ],
            [
              10.413472656249999,
              63.40213671875
            ],
            [
              10.41344140625,
              63.40230078125
            ],
            [
              10.413078125,
              63.402292968750004
            ],
            [
              10.413046875,
              63.40245703125
            ],
            [
              10.4128671875,
              63.40244921875
            ],
            [
              10.412851562499998,
              63.40253125
            ],
            [
              10.412484375,
              63.40251953125
            ],
            [
              10.412468749999999,
              63.4026015625
            ],
            [
              10.412285156249999,
              63.40259765625
            ],
            [
              10.412269531249999,
              63.402679687500004
            ],
            [
              10.41208984375,
              63.402675781250004
            ],
            [
              10.412078124999999,
              63.40273046875
            ],
            [
              10.41208203125,
              63.4027578125
            ],
            [
              10.412441406249998,
              63.40276953125
            ],
            [
              10.412433593749999,
              63.40284765625
            ],
            [
              10.41261328125,
              63.402859375000006
            ],
            [
              10.41261328125,
              63.4029453125
            ],
            [
              10.41278125,
              63.40294921875
            ],
            [
              10.412749999999999,
              63.40315625
            ],
            [
              10.41275390625,
              63.4031953125
            ],
            [
              10.413480468749999,
              63.40321875
            ],
            [
              10.4134765625,
              63.40330078125
            ],
            [
              10.413996093749999,
              63.4033203125
            ],
            [
              10.413996093749999,
              63.40364453125
            ],
            [
              10.41397265625,
              63.40364453125
            ],
            [
              10.413984375,
              63.403585937500004
            ],
            [
              10.4139765625,
              63.4035625
            ],
            [
              10.4136171875,
              63.403550781250004
            ],
            [
              10.4136171875,
              63.40346875
            ],
            [
              10.4134453125,
              63.40346484375
            ],
            [
              10.413437499999999,
              63.4034765625
            ],
            [
              10.41341796875,
              63.403628906250006
            ],
            [
              10.41359765625,
              63.40363671875
            ],
            [
              10.413578124999999,
              63.403800781250006
            ],
            [
              10.41375390625,
              63.40380859375
            ],
            [
              10.41373046875,
              63.404
            ],
            [
              10.413171875,
              63.404
            ],
            [
              10.413171875,
              63.403953125
            ],
            [
              10.413,
              63.40394531250001
            ],
            [
              10.41300390625,
              63.403863281250004
            ],
            [
              10.412828124999999,
              63.403859375
            ],
            [
              10.412808593749999,
              63.403941406250006
            ],
            [
              10.41262890625,
              63.403937500000005
            ],
            [
              10.412617187499999,
              63.404
            ],
            [
              10.412066406249998,
              63.404
            ]
          ]
        ]
      },
      "properties": {
        "source": "cv_detection",
        "area_m2": 12246.41091962066,
        "tile_id": "tile_0061"
      }
    },
    {
      "type": "Feature",
      "geometry": {
        "type": "Polygon",
        "coordinates": [
          [
            [
              10.44,
              63.434
            ],
            [
              10.44,
              63.432941406249995
            ],
            [
              10.44002734375,
              63.432941406249995
            ],
            [
              10.440023437499999,
              63.4330234375
            ],
            [
              10.4401953125,
              63.43302734375
            ],
            [
              10.4402109375,
              63.43296874999999
            ],
            [
              10.440207031249999,
              63.432945312499996
            ],
            [
              10.44003515625,
              63.432941406249995
            ],
            [
              10.44005078125,
              63.43277734375
            ],
            [
              10.44,
              63.432773437499996
            ],
            [
              10.44,
              63.432003906249996
            ],
            [
              10.440546874999999,
              63.432003906249996
            ],
            [
              10.440546874999999,
              63.432046875
            ],
            [
              10.44072265625,
              63.43205078125
            ],
            [
              10.440703124999999,
              63.432210937499995
            ],
            [
              10.4408828125,
              63.43222265625
            ],
            [
              10.440875,
              63.43230078124999
            ],
            [
              10.44094921875,
              63.432308593749994
            ],
            [
              10.44105859375,
              63.43230468749999
            ],
            [
              10.44109375,
              63.432066406249994
            ],
            [
              10.4409140625,
              63.43205468749999
            ],
            [
              10.44091796875,
              63.432003906249996
            ],
            [
              10.44199609375,
              63.432003906249996
            ],
            [
              10.44199609375,
              63.43208984374999
            ],
            [
              10.4416484375,
              63.432078125
            ],
            [
              10.441609375,
              63.43232421875
            ],
            [
              10.441625,
              63.43233203125
            ],
            [
              10.44179296875,
              63.43233593749999
            ],
            [
              10.44178125,
              63.43239453125
            ],
            [
              10.44179296875,
              63.432417968749995
            ],
            [
              10.4419609375,
              63.432421874999996
            ],
            [
              10.4419765625,
              63.432343749999994
            ],
            [
              10.44199609375,
              63.432343749999994
            ],
            [
              10.44199609375,
              63.434
            ],
            [
              10.44152734375,
              63.434
            ],
            [
              10.4415234375,
              63.433984374999994
            ],
            [
              10.44134765625,
              63.4339765625
            ],
            [
              10.4413828125,
              63.43373046875
            ],
            [
              10.44120703125,
              63.43372265625
            ],
            [
              10.441218749999999,
              63.43355859375
            ],
            [
              10.440953125,
              63.433546875
            ],
            [
              10.44085546875,
              63.4335546875
            ],
            [
              10.440808593749999,
              63.433875
            ],
            [
              10.440984375,
              63.433882812499995
            ],
            [
              10.44096875,
              63.434
            ],
            [
              10.44,
              63.434
            ]
          ]
        ]
      },
      "properties": {
        "source": "cv_detection",
        "area_m2": 19636.56932079087,
        "tile_id": "tile_0062"
      }
    },
    {
      "type": "Feature",
      "geometry": {
        "type": "Polygon",
        "coordinates": [
          [
            [
              10.42599609375,
              63.406
            ],
            [
              10.42544140625,
              63.406
            ],
            [
              10.4254453125,
              63.405921875
            ],
            [
              10.42526953125,
              63.405914062499996
            ],
            [
              10.4252734375,
              63.40583203125
            ],
            [
              10.42509765625,
              63.405828125
            ],
            [
              10.4251171875,
              63.405667968749995
            ],
            [
              10.42494140625,
              63.40566015625
            ],
            [
              10.4249453125,
              63.40557421875
            ],
            [
              10.4245859375,
              63.405566406249996
            ],
            [
              10.42456640625,
              63.4056484375
            ],
            [
              10.4243828125,
              63.40564453125
            ],
            [
              10.424355468749999,
              63.4058046875
            ],
            [
              10.42417578125,
              63.40580078125
            ],
            [
              10.42416015625,
              63.405882812499996
            ],
            [
              10.424,
              63.405878906249995
            ],
            [
              10.424,
              63.405632812499995
            ],
            [
              10.42401953125,
              63.405625
            ],
            [
              10.424031249999999,
              63.40555078125
            ],
            [
              10.4242109375,
              63.4055546875
            ],
            [
              10.42422265625,
              63.4055078125
            ],
            [
              10.42421875,
              63.40546875
            ],
            [
              10.424,
              63.405464843749996
            ],
            [
              10.424,
              63.404800781249996
            ],
            [
              10.424144531249999,
              63.4048046875
            ],
            [
              10.42416015625,
              63.40474609375
            ],
            [
              10.42415625,
              63.40471875
            ],
            [
              10.424,
              63.40471484375
            ],
            [
              10.424,
              63.40400390625
            ],
            [
              10.42445703125,
              63.40400390625
            ],
            [
              10.4244453125,
              63.40415234375
            ],
            [
              10.424617187499999,
              63.40416015624999
            ],
            [
              10.42461328125,
              63.404238281249995
            ],
            [
              10.42474609375,
              63.40424609375
            ],
            [
              10.424796875,
              63.404238281249995
            ],
            [
              10.424808593749999,
              63.404164062499994
            ],
            [
              10.425171875,
              63.404171874999996
            ],
            [
              10.4251875,
              63.404093749999994
            ],
            [
              10.42555078125,
              63.404101562499996
            ],
            [
              10.42556640625,
              63.404023437499994
            ],
            [
              10.42575,
              63.404027343749995
            ],
            [
              10.42575390625,
              63.40400390625
            ],
            [
              10.42599609375,
              63.40400390625
            ],
            [
              10.42599609375,
              63.40478125
            ],
            [
              10.4258203125,
              63.40477734375
            ],
            [
              10.42579296875,
              63.40491015625
            ],
            [
              10.425796875,
              63.404941406249996
            ],
            [
              10.42597265625,
              63.40494921875
            ],
            [
              10.42599609375,
              63.404867187499995
            ],
            [
              10.42599609375,
              63.4052734375
            ],
            [
              10.4255546875,
              63.405265625
            ],
            [
              10.42553125,
              63.405425781249996
            ],
            [
              10.425546875,
              63.40543359375
            ],
            [
              10.4257109375,
              63.4054375
            ],
            [
              10.42570703125,
              63.40551953125
            ],
            [
              10.42599609375,
              63.405531249999996
            ],
            [
              10.42599609375,
              63.406
            ]
          ]
        ]
      },
      "properties": {
        "source": "cv_detection",
        "area_m2": 17978.656389575197,
        "tile_id": "tile_0063"
      }
    },
    {
      "type": "Feature",
      "geometry": {
        "type": "Polygon",
        "coordinates": [
          [
            [
              10.44,
              63.4524375
            ],
            [
              10.44,
              63.452023437499996
            ],
            [
              10.440136718749999,
              63.45202734375
            ],
            [
              10.440140625,
              63.45200390625
            ],
            [
              10.440695312499999,
              63.45200390625
            ],
            [
              10.44067578125,
              63.452124999999995
            ],
            [
              10.4404921875,
              63.45212109375
            ],
            [
              10.44046484375,
              63.45228125
            ],
            [
              10.440285156249999,
              63.45227734375
            ],
            [
              10.44026953125,
              63.452359375
            ],
            [
              10.44008984375,
              63.45235546875
            ],
            [
              10.4400703125,
              63.4524375
            ],
            [
              10.44,
              63.4524375
            ]
          ]
        ]
      },
      "properties": {
        "source": "cv_detection",
        "area_m2": 999.7194709572602,
        "tile_id": "tile_0064"
      }
    },
    {
      "type": "Feature",
      "geometry": {
        "type": "Polygon",
        "coordinates": [
          [
            [
              10.44,
              63.45367578125
            ],
            [
              10.44,
              63.453515625
            ],
            [
              10.44008203125,
              63.45351953125
            ],
            [
              10.4400546875,
              63.4536796875
            ],
            [
              10.44,
              63.45367578125
            ]
          ]
        ]
      },
      "properties": {
        "source": "cv_detection",
        "area_m2": 60.583966257747406,
        "tile_id": "tile_0064"
      }
    },
    {
      "type": "Feature",
      "geometry": {
        "type": "Polygon",
        "coordinates": [
          [
            [
              10.44,
              63.454
            ],
            [
              10.44,
              63.45393359375
            ],
            [
              10.440023437499999,
              63.45392578125
            ],
            [
              10.44003515625,
              63.4538515625
            ],
            [
              10.440214843749999,
              63.45385546875
            ],
            [
              10.440234375,
              63.4537734375
            ],
            [
              10.44041015625,
              63.45378125
            ],
            [
              10.440421875,
              63.45376953125
            ],
            [
              10.4404296875,
              63.45369921875
            ],
            [
              10.440609375,
              63.453703125
            ],
            [
              10.44062890625,
              63.45362109375
            ],
            [
              10.440808593749999,
              63.453625
            ],
            [
              10.44083984375,
              63.4534609375
            ],
            [
              10.44101953125,
              63.45346484375
            ],
            [
              10.441046875,
              63.4533203125
            ],
            [
              10.44104296875,
              63.453296875
            ],
            [
              10.4406796875,
              63.45328515625
            ],
            [
              10.4406640625,
              63.4533671875
            ],
            [
              10.44048046875,
              63.45336328125
            ],
            [
              10.44046484375,
              63.4534453125
            ],
            [
              10.440285156249999,
              63.45344140625
            ],
            [
              10.440265625,
              63.4535234375
            ],
            [
              10.44008984375,
              63.453515625
            ],
            [
              10.440101562499999,
              63.45343359375
            ],
            [
              10.44028125,
              63.45344140625
            ],
            [
              10.440292968749999,
              63.45336328125
            ],
            [
              10.44,
              63.45334765625
            ],
            [
              10.44,
              63.4531015625
            ],
            [
              10.44015234375,
              63.453105468749996
            ],
            [
              10.440179687499999,
              63.45294140625
            ],
            [
              10.440359375,
              63.4529453125
            ],
            [
              10.440355468749999,
              63.45303125
            ],
            [
              10.44053125,
              63.453035156249996
            ],
            [
              10.440546874999999,
              63.452953125
            ],
            [
              10.440730468749999,
              63.45295703125
            ],
            [
              10.44074609375,
              63.452875
            ],
            [
              10.44092578125,
              63.45287890625
            ],
            [
              10.44094140625,
              63.45280078125
            ],
            [
              10.44076171875,
              63.452792968749996
            ],
            [
              10.44076953125,
              63.45271875
            ],
            [
              10.440953125,
              63.45271484375
            ],
            [
              10.44098046875,
              63.4525546875
            ],
            [
              10.44080078125,
              63.452546874999996
            ],
            [
              10.44078515625,
              63.452625
            ],
            [
              10.4406015625,
              63.45262109375
            ],
            [
              10.4405859375,
              63.452703125
            ],
            [
              10.44040234375,
              63.45269921875
            ],
            [
              10.44038671875,
              63.45277734375
            ],
            [
              10.440203125,
              63.4527734375
            ],
            [
              10.4401875,
              63.4528515625
            ],
            [
              10.4400078125,
              63.45284765625
            ],
            [
              10.44,
              63.452863281249996
            ],
            [
              10.44,
              63.4526015625
            ],
            [
              10.440046875,
              63.45259765625
            ],
            [
              10.440058593749999,
              63.4525234375
            ],
            [
              10.440242187499999,
              63.45252734375
            ],
            [
              10.440257812499999,
              63.4524453125
            ],
            [
              10.440441406249999,
              63.45244921875
            ],
            [
              10.44045703125,
              63.452371093749996
            ],
            [
              10.4408203125,
              63.45237890625
            ],
            [
              10.44083984375,
              63.452296875
            ],
            [
              10.44101953125,
              63.452304687499996
            ],
            [
              10.441035156249999,
              63.45222265625
            ],
            [
              10.441218749999999,
              63.45222265625
            ],
            [
              10.44124609375,
              63.45206640625
            ],
            [
              10.44161328125,
              63.45207421875
            ],
            [
              10.44162890625,
              63.45200390625
            ],
            [
              10.4418046875,
              63.45200390625
            ],
            [
              10.44180078125,
              63.452078125
            ],
            [
              10.44198046875,
              63.4520859375
            ],
            [
              10.44197265625,
              63.452164062499996
            ],
            [
              10.44199609375,
              63.45216796875
            ],
            [
              10.44199609375,
              63.4529140625
            ],
            [
              10.441855468750001,
              63.45291015625
            ],
            [
              10.441828125,
              63.45307421875
            ],
            [
              10.44199609375,
              63.45308203125
            ],
            [
              10.44199609375,
              63.45316015625
            ],
            [
              10.44180859375,
              63.4531640625
            ],
            [
              10.44176171875,
              63.453484375
            ],
            [
              10.44199609375,
              63.45349609375
            ],
            [
              10.44199609375,
              63.454
            ],
            [
              10.4416796875,
              63.454
            ],
            [
              10.4416796875,
              63.453984375
            ],
            [
              10.44186328125,
              63.45398828125
            ],
            [
              10.44188671875,
              63.453828125
            ],
            [
              10.44160546875,
              63.4538125
            ],
            [
              10.44151953125,
              63.45381640625
            ],
            [
              10.4414921875,
              63.454
            ],
            [
              10.44,
              63.454
            ]
          ]
        ]
      },
      "properties": {
        "source": "cv_detection",
        "area_m2": 15078.349272159165,
        "tile_id": "tile_0064"
      }
    },
    {
      "type": "Feature",
      "geometry": {
        "type": "Polygon",
        "coordinates": [
          [
            [
              10.44478125,
              63.4182421875
            ],
            [
              10.4448125,
              63.41800390625
            ],
            [
              10.445996093749999,
              63.41800390625
            ],
            [
              10.445996093749999,
              63.41836328125
            ],
            [
              10.44550390625,
              63.41834375
            ],
            [
              10.445507812499999,
              63.418265625
            ],
            [
              10.445332031249999,
              63.4182578125
            ],
            [
              10.4453203125,
              63.41833984375
            ],
            [
              10.44549609375,
              63.41834765625
            ],
            [
              10.445484375,
              63.41842578125
            ],
            [
              10.4449375,
              63.41841015625
            ],
            [
              10.444957031249999,
              63.41825
            ],
            [
              10.44478125,
              63.4182421875
            ]
          ]
        ]
      },
      "properties": {
        "source": "cv_detection",
        "area_m2": 2334.0327486609012,
        "tile_id": "tile_0065"
      }
    },
    {
      "type": "Feature",
      "geometry": {
        "type": "Polygon",
        "coordinates": [
          [
            [
              10.445421875,
              63.42
            ],
            [
              10.4448671875,
              63.42
            ],
            [
              10.444878906249999,
              63.419906250000004
            ],
            [
              10.44469921875,
              63.4198984375
            ],
            [
              10.44468359375,
              63.42
            ],
            [
              10.4445,
              63.42
            ],
            [
              10.4445078125,
              63.419890625
            ],
            [
              10.44433203125,
              63.4198828125
            ],
            [
              10.444347656249999,
              63.41971875
            ],
            [
              10.44417578125,
              63.41971484375
            ],
            [
              10.444191406249999,
              63.41955078125
            ],
            [
              10.444015624999999,
              63.41954296875
            ],
            [
              10.44403515625,
              63.419382812500004
            ],
            [
              10.443999999999999,
              63.41937890625
            ],
            [
              10.443999999999999,
              63.418964843750004
            ],
            [
              10.444101562499998,
              63.41896875
            ],
            [
              10.44409765625,
              63.41905078125
            ],
            [
              10.4442734375,
              63.41905859375
            ],
            [
              10.444265625,
              63.419140625
            ],
            [
              10.4444453125,
              63.41914453125
            ],
            [
              10.44446484375,
              63.4190625
            ],
            [
              10.444640625,
              63.4190703125
            ],
            [
              10.444671875,
              63.41890625
            ],
            [
              10.444851562499998,
              63.41891015625
            ],
            [
              10.4448671875,
              63.418828125
            ],
            [
              10.444687499999999,
              63.4188203125
            ],
            [
              10.444695312499999,
              63.4187421875
            ],
            [
              10.44468359375,
              63.418734375
            ],
            [
              10.444148437499999,
              63.418718750000004
            ],
            [
              10.44415234375,
              63.41863671875
            ],
            [
              10.443999999999999,
              63.4186328125
            ],
            [
              10.443999999999999,
              63.418054687499996
            ],
            [
              10.444058593749999,
              63.418054687499996
            ],
            [
              10.44402734375,
              63.41830078125
            ],
            [
              10.444207031249999,
              63.41830859375
            ],
            [
              10.444191406249999,
              63.41847265625
            ],
            [
              10.444730468749999,
              63.4184921875
            ],
            [
              10.444722656249999,
              63.41856640625
            ],
            [
              10.4447421875,
              63.41857421875
            ],
            [
              10.44582421875,
              63.418609375
            ],
            [
              10.4458203125,
              63.41869140625
            ],
            [
              10.445996093749999,
              63.4186953125
            ],
            [
              10.445996093749999,
              63.41910546875
            ],
            [
              10.4459375,
              63.41910546875
            ],
            [
              10.44594140625,
              63.4190234375
            ],
            [
              10.445765625,
              63.41901953125
            ],
            [
              10.44575,
              63.4191015625
            ],
            [
              10.44556640625,
              63.41909375
            ],
            [
              10.44557421875,
              63.41901171875
            ],
            [
              10.4453984375,
              63.4190078125
            ],
            [
              10.4453828125,
              63.41908984375
            ],
            [
              10.445015625,
              63.419078125
            ],
            [
              10.44497265625,
              63.41932421875
            ],
            [
              10.4447890625,
              63.41932421875
            ],
            [
              10.44478125,
              63.41940625
            ],
            [
              10.444957031249999,
              63.41941015625
            ],
            [
              10.444941406249999,
              63.41957421875
            ],
            [
              10.4451171875,
              63.41958203125
            ],
            [
              10.445109375,
              63.419664062500004
            ],
            [
              10.44528515625,
              63.419671875
            ],
            [
              10.445253906249999,
              63.4199140625
            ],
            [
              10.445429687499999,
              63.419921875
            ],
            [
              10.445421875,
              63.42
            ]
          ]
        ]
      },
      "properties": {
        "source": "cv_detection",
        "area_m2": 9056.323002944593,
        "tile_id": "tile_0065"
      }
    },
    {
      "type": "Feature",
      "geometry": {
        "type": "Polygon",
        "coordinates": [
          [
            [
              10.443999999999999,
              63.41971484375
            ],
            [
              10.44416796875,
              63.41971875
            ],
            [
              10.444148437499999,
              63.41987890625
            ],
            [
              10.44432421875,
              63.41988671875
            ],
            [
              10.444312499999999,
              63.42
            ],
            [
              10.443999999999999,
              63.42
            ],
            [
              10.443999999999999,
              63.41971484375
            ]
          ]
        ]
      },
      "properties": {
        "source": "cv_detection",
        "area_m2": 350.5171369448154,
        "tile_id": "tile_0065"
      }
    },
    {
      "type": "Feature",
      "geometry": {
        "type": "Polygon",
        "coordinates": [
          [
            [
              10.355996093749999,
              63.41098046875
            ],
            [
              10.35596875,
              63.4109765625
            ],
            [
              10.35597265625,
              63.410898437499995
            ],
            [
              10.35561328125,
              63.4108828125
            ],
            [
              10.3556171875,
              63.410800781249996
            ],
            [
              10.35544140625,
              63.410796874999996
            ],
            [
              10.3554453125,
              63.41071484375
            ],
            [
              10.35526953125,
              63.4107109375
            ],
            [
              10.355296875,
              63.410546874999994
            ],
            [
              10.3554765625,
              63.410550781249995
            ],
            [
              10.355507812499999,
              63.41038671875
            ],
            [
              10.35587109375,
              63.4103984375
            ],
            [
              10.35588671875,
              63.41031640625
            ],
            [
              10.355996093749999,
              63.4103203125
            ],
            [
              10.355996093749999,
              63.41098046875
            ]
          ]
        ]
      },
      "properties": {
        "source": "cv_detection",
        "area_m2": 1594.7447028193833,
        "tile_id": "tile_0066"
      }
    },
    {
      "type": "Feature",
      "geometry": {
        "type": "Polygon",
        "coordinates": [
          [
            [
              10.355996093749999,
              63.411144531249995
            ],
            [
              10.3557578125,
              63.41113671875
            ],
            [
              10.355765625,
              63.41105859375
            ],
            [
              10.355996093749999,
              63.41106640625
            ],
            [
              10.355996093749999,
              63.411144531249995
            ]
          ]
        ]
      },
      "properties": {
        "source": "cv_detection",
        "area_m2": 101.14944502860334,
        "tile_id": "tile_0066"
      }
    },
    {
      "type": "Feature",
      "geometry": {
        "type": "Polygon",
        "coordinates": [
          [
            [
              10.354,
              63.41133203125
            ],
            [
              10.354,
              63.411249999999995
            ],
            [
              10.3540703125,
              63.411246093749995
            ],
            [
              10.35409765625,
              63.41108984375
            ],
            [
              10.35408203125,
              63.41108203125
            ],
            [
              10.354,
              63.41108203125
            ],
            [
              10.354,
              63.41091796875
            ],
            [
              10.354125,
              63.41091796875
            ],
            [
              10.35415234375,
              63.410757812499995
            ],
            [
              10.35433203125,
              63.410761718749995
            ],
            [
              10.354359375,
              63.410621093749995
            ],
            [
              10.354355468749999,
              63.41059375
            ],
            [
              10.354,
              63.410585937499995
            ],
            [
              10.354,
              63.41041796875
            ],
            [
              10.354023437499999,
              63.410406249999994
            ],
            [
              10.354031249999998,
              63.410339843749995
            ],
            [
              10.354582031249999,
              63.41035546875
            ],
            [
              10.35459765625,
              63.410277343749996
            ],
            [
              10.35478125,
              63.41028125
            ],
            [
              10.354796875,
              63.410199218749995
            ],
            [
              10.35498046875,
              63.410203124999995
            ],
            [
              10.35499609375,
              63.41012109375
            ],
            [
              10.355175781249999,
              63.410128906249994
            ],
            [
              10.3551953125,
              63.410046875
            ],
            [
              10.35555859375,
              63.41005468749999
            ],
            [
              10.3555703125,
              63.41000390625
            ],
            [
              10.355996093749999,
              63.41000390625
            ],
            [
              10.355996093749999,
              63.410234374999995
            ],
            [
              10.35553515625,
              63.41021875
            ],
            [
              10.35551953125,
              63.410300781249994
            ],
            [
              10.35533984375,
              63.41029296875
            ],
            [
              10.3553203125,
              63.410374999999995
            ],
            [
              10.355140624999999,
              63.410371093749994
            ],
            [
              10.35512109375,
              63.410453125
            ],
            [
              10.35494140625,
              63.410449218749996
            ],
            [
              10.354859375,
              63.41094140625
            ],
            [
              10.35467578125,
              63.410937499999996
            ],
            [
              10.354660156249999,
              63.41101953125
            ],
            [
              10.35448046875,
              63.411015625
            ],
            [
              10.35444921875,
              63.411175781249995
            ],
            [
              10.354269531249999,
              63.411171875
            ],
            [
              10.35425390625,
              63.411253906249996
            ],
            [
              10.3540703125,
              63.411249999999995
            ],
            [
              10.3540546875,
              63.41133203125
            ],
            [
              10.354,
              63.41133203125
            ]
          ]
        ]
      },
      "properties": {
        "source": "cv_detection",
        "area_m2": 4941.4280879328235,
        "tile_id": "tile_0066"
      }
    },
    {
      "type": "Feature",
      "geometry": {
        "type": "Polygon",
        "coordinates": [
          [
            [
              10.354,
              63.412
            ],
            [
              10.354,
              63.411914062499996
            ],
            [
              10.35433203125,
              63.411921875
            ],
            [
              10.35434375,
              63.41187109375
            ],
            [
              10.35433984375,
              63.41183984375
            ],
            [
              10.354,
              63.411828125
            ],
            [
              10.354,
              63.41162109375
            ],
            [
              10.35401171875,
              63.4116171875
            ],
            [
              10.354031249999998,
              63.4115
            ],
            [
              10.3542109375,
              63.4115078125
            ],
            [
              10.35423046875,
              63.411425781249996
            ],
            [
              10.35441015625,
              63.4114296875
            ],
            [
              10.354425781249999,
              63.411351562499995
            ],
            [
              10.35460546875,
              63.411355468749996
            ],
            [
              10.354624999999999,
              63.41126953125
            ],
            [
              10.354800781249999,
              63.41127734375
            ],
            [
              10.354835937499999,
              63.411113281249996
            ],
            [
              10.35556640625,
              63.41113671875
            ],
            [
              10.35556640625,
              63.411218749999996
            ],
            [
              10.355996093749999,
              63.41123046875
            ],
            [
              10.355996093749999,
              63.41155859375
            ],
            [
              10.355875,
              63.4115546875
            ],
            [
              10.35585546875,
              63.411636718749996
            ],
            [
              10.35567578125,
              63.411632812499995
            ],
            [
              10.35566015625,
              63.41169140625
            ],
            [
              10.355664062499999,
              63.41171875
            ],
            [
              10.355996093749999,
              63.41173046875
            ],
            [
              10.355996093749999,
              63.412
            ],
            [
              10.35505859375,
              63.412
            ],
            [
              10.35506640625,
              63.411949218749996
            ],
            [
              10.3548828125,
              63.41194140625
            ],
            [
              10.354871093749999,
              63.412
            ],
            [
              10.354,
              63.412
            ]
          ]
        ]
      },
      "properties": {
        "source": "cv_detection",
        "area_m2": 7744.622545661462,
        "tile_id": "tile_0066"
      }
    },
    {
      "type": "Feature",
      "geometry": {
        "type": "Polygon",
        "coordinates": [
          [
            [
              10.437999999999999,
              63.44813671875
            ],
            [
              10.437999999999999,
              63.44800390625
            ],
            [
              10.438367187499999,
              63.44800390625
            ],
            [
              10.438359375,
              63.44806640625
            ],
            [
              10.43817578125,
              63.4480625
            ],
            [
              10.43816015625,
              63.44814453125
            ],
            [
              10.437999999999999,
              63.44813671875
            ]
          ]
        ]
      },
      "properties": {
        "source": "cv_detection",
        "area_m2": 191.7359674390812,
        "tile_id": "tile_0067"
      }
    },
    {
      "type": "Feature",
      "geometry": {
        "type": "Polygon",
        "coordinates": [
          [
            [
              10.439996093749999,
              63.448203125
            ],
            [
              10.439640625,
              63.448191406250004
            ],
            [
              10.43964453125,
              63.448109375
            ],
            [
              10.439281249999999,
              63.44809765625
            ],
            [
              10.439289062499999,
              63.448015625000004
            ],
            [
              10.43905078125,
              63.44800390625
            ],
            [
              10.439847656249999,
              63.44800390625
            ],
            [
              10.4398515625,
              63.44803515625
            ],
            [
              10.439996093749999,
              63.4480390625
            ],
            [
              10.439996093749999,
              63.448203125
            ]
          ]
        ]
      },
      "properties": {
        "source": "cv_detection",
        "area_m2": 553.357649624088,
        "tile_id": "tile_0067"
      }
    },
    {
      "type": "Feature",
      "geometry": {
        "type": "Polygon",
        "coordinates": [
          [
            [
              10.437999999999999,
              63.45
            ],
            [
              10.437999999999999,
              63.44963671875
            ],
            [
              10.438843749999998,
              63.449664062500005
            ],
            [
              10.438835937499999,
              63.4497421875
            ],
            [
              10.439011718749999,
              63.44975
            ],
            [
              10.439011718749999,
              63.449835937500005
            ],
            [
              10.43919140625,
              63.449839843750006
            ],
            [
              10.4392265625,
              63.449593750000005
            ],
            [
              10.439046874999999,
              63.44958203125
            ],
            [
              10.4390859375,
              63.44933984375
            ],
            [
              10.439265624999999,
              63.449343750000004
            ],
            [
              10.439281249999999,
              63.44926171875
            ],
            [
              10.4394609375,
              63.449265625
            ],
            [
              10.4394765625,
              63.4491875
            ],
            [
              10.43984375,
              63.44919921875
            ],
            [
              10.439839843749999,
              63.449277343750005
            ],
            [
              10.439996093749999,
              63.44928515625
            ],
            [
              10.439996093749999,
              63.44977734375
            ],
            [
              10.439945312499999,
              63.44977734375
            ],
            [
              10.439960937499999,
              63.449609375
            ],
            [
              10.43978515625,
              63.44960546875
            ],
            [
              10.43980078125,
              63.44944140625
            ],
            [
              10.439628906249999,
              63.4494375
            ],
            [
              10.4396015625,
              63.44959765625
            ],
            [
              10.439621093749999,
              63.44960546875
            ],
            [
              10.439777343749999,
              63.449609375
            ],
            [
              10.439761718749999,
              63.44977734375
            ],
            [
              10.4399375,
              63.44978125
            ],
            [
              10.43990625,
              63.45
            ],
            [
              10.437999999999999,
              63.45
            ]
          ]
        ]
      },
      "properties": {
        "source": "cv_detection",
        "area_m2": 5092.1173522712825,
        "tile_id": "tile_0067"
      }
    },
    {
      "type": "Feature",
      "geometry": {
        "type": "Polygon",
        "coordinates": [
          [
            [
              10.36199609375,
              63.414
            ],
            [
              10.36140234375,
              63.414
            ],
            [
              10.3613984375,
              63.413976562500004
            ],
            [
              10.3612265625,
              63.41397265625
            ],
            [
              10.36125,
              63.41380859375
            ],
            [
              10.3614296875,
              63.41380859375
            ],
            [
              10.36146484375,
              63.4135703125
            ],
            [
              10.361105468749999,
              63.41355078125
            ],
            [
              10.361109375,
              63.41346875
            ],
            [
              10.36093359375,
              63.41346484375
            ],
            [
              10.3609375,
              63.413382812500004
            ],
            [
              10.36076171875,
              63.413375
            ],
            [
              10.360843749999999,
              63.4128828125
            ],
            [
              10.36101953125,
              63.412890625
            ],
            [
              10.361046875,
              63.41276171875
            ],
            [
              10.36104296875,
              63.41272265625
            ],
            [
              10.3608671875,
              63.41271484375
            ],
            [
              10.360851562499999,
              63.412796875
            ],
            [
              10.3603046875,
              63.41278125
            ],
            [
              10.360207031249999,
              63.413347656250004
            ],
            [
              10.36002734375,
              63.4133515625
            ],
            [
              10.36001171875,
              63.4134140625
            ],
            [
              10.360015624999999,
              63.4134375
            ],
            [
              10.36019140625,
              63.41344140625
            ],
            [
              10.360140625,
              63.413769531250004
            ],
            [
              10.36,
              63.413765625
            ],
            [
              10.36,
              63.412109375
            ],
            [
              10.36004296875,
              63.4121015625
            ],
            [
              10.360058593749999,
              63.41200390625
            ],
            [
              10.36116796875,
              63.41200390625
            ],
            [
              10.36115625,
              63.41205859375
            ],
            [
              10.360609375,
              63.41204296875
            ],
            [
              10.360589843749999,
              63.412124999999996
            ],
            [
              10.36041015625,
              63.41212109375
            ],
            [
              10.36037890625,
              63.41228515625
            ],
            [
              10.36019921875,
              63.41228125
            ],
            [
              10.3601875,
              63.412359375
            ],
            [
              10.360363281249999,
              63.41237109375
            ],
            [
              10.36034375,
              63.41253125
            ],
            [
              10.3605234375,
              63.4125390625
            ],
            [
              10.3605390625,
              63.4124609375
            ],
            [
              10.36090625,
              63.41246875
            ],
            [
              10.360921874999999,
              63.412390625
            ],
            [
              10.3611015625,
              63.41239453125
            ],
            [
              10.36114453125,
              63.4121484375
            ],
            [
              10.36132421875,
              63.41215234375
            ],
            [
              10.36134375,
              63.4120703125
            ],
            [
              10.36152734375,
              63.41207421875
            ],
            [
              10.3615390625,
              63.41200390625
            ],
            [
              10.36199609375,
              63.41200390625
            ],
            [
              10.36199609375,
              63.41266015625
            ],
            [
              10.36198046875,
              63.412671875
            ],
            [
              10.36196875,
              63.41275
            ],
            [
              10.36179296875,
              63.4127421875
            ],
            [
              10.36176953125,
              63.412828125
            ],
            [
              10.36159375,
              63.4128203125
            ],
            [
              10.36155859375,
              63.41298828125
            ],
            [
              10.36137890625,
              63.412984375
            ],
            [
              10.36133984375,
              63.4132109375
            ],
            [
              10.36134375,
              63.413234375
            ],
            [
              10.36151953125,
              63.41323828125
            ],
            [
              10.36151171875,
              63.4133203125
            ],
            [
              10.3616875,
              63.41332421875
            ],
            [
              10.36168359375,
              63.41341015625
            ],
            [
              10.36199609375,
              63.413417968750004
            ],
            [
              10.36199609375,
              63.414
            ]
          ]
        ]
      },
      "properties": {
        "source": "cv_detection",
        "area_m2": 12242.857301156324,
        "tile_id": "tile_0068"
      }
    },
    {
      "type": "Feature",
      "geometry": {
        "type": "Polygon",
        "coordinates": [
          [
            [
              10.41,
              63.42176953125001
            ],
            [
              10.41,
              63.42019921875
            ],
            [
              10.410203125,
              63.420203125
            ],
            [
              10.410234375,
              63.42004296875
            ],
            [
              10.41021875,
              63.42003515625
            ],
            [
              10.41,
              63.42003125
            ],
            [
              10.41,
              63.42000390625
            ],
            [
              10.4109765625,
              63.42000390625
            ],
            [
              10.410929687500001,
              63.4203046875
            ],
            [
              10.410746093750001,
              63.4203046875
            ],
            [
              10.41065234375,
              63.42087890625
            ],
            [
              10.41046875,
              63.42087890625
            ],
            [
              10.410375,
              63.421453125000006
            ],
            [
              10.4101953125,
              63.421449218750006
            ],
            [
              10.41013671875,
              63.4217734375
            ],
            [
              10.41,
              63.42176953125001
            ]
          ]
        ]
      },
      "properties": {
        "source": "cv_detection",
        "area_m2": 5215.539761029291,
        "tile_id": "tile_0069"
      }
    },
    {
      "type": "Feature",
      "geometry": {
        "type": "Polygon",
        "coordinates": [
          [
            [
              10.4119609375,
              63.422000000000004
            ],
            [
              10.411968750000002,
              63.421929687500004
            ],
            [
              10.41199609375,
              63.421921875
            ],
            [
              10.41199609375,
              63.422000000000004
            ],
            [
              10.4119609375,
              63.422000000000004
            ]
          ]
        ]
      },
      "properties": {
        "source": "cv_detection",
        "area_m2": 12.702362966183957,
        "tile_id": "tile_0069"
      }
    },
    {
      "type": "Feature",
      "geometry": {
        "type": "Polygon",
        "coordinates": [
          [
            [
              10.41029296875,
              63.422000000000004
            ],
            [
              10.410300781250001,
              63.42194921875
            ],
            [
              10.41048046875,
              63.421953125
            ],
            [
              10.41049609375,
              63.421871093750006
            ],
            [
              10.4106796875,
              63.42187500000001
            ],
            [
              10.410703125,
              63.42171484375
            ],
            [
              10.4105234375,
              63.421703125
            ],
            [
              10.41058984375,
              63.421296875
            ],
            [
              10.4107734375,
              63.421296875
            ],
            [
              10.41085546875,
              63.4208046875
            ],
            [
              10.41103125,
              63.42080859375
            ],
            [
              10.4110625,
              63.420648437500006
            ],
            [
              10.41125,
              63.420648437500006
            ],
            [
              10.411269531250001,
              63.42048828125
            ],
            [
              10.41108984375,
              63.42048046875
            ],
            [
              10.41116796875,
              63.42000390625
            ],
            [
              10.41199609375,
              63.42000390625
            ],
            [
              10.41199609375,
              63.420257812500004
            ],
            [
              10.411863281250001,
              63.420261718750005
            ],
            [
              10.41174609375,
              63.420996093750006
            ],
            [
              10.411566406250001,
              63.420992187500005
            ],
            [
              10.411453125000001,
              63.421648437500004
            ],
            [
              10.411277343750001,
              63.42164453125
            ],
            [
              10.41123046875,
              63.421894531250004
            ],
            [
              10.411050781250001,
              63.42188671875
            ],
            [
              10.41102734375,
              63.422000000000004
            ],
            [
              10.41029296875,
              63.422000000000004
            ]
          ]
        ]
      },
      "properties": {
        "source": "cv_detection",
        "area_m2": 8444.547724375587,
        "tile_id": "tile_0069"
      }
    },
    {
      "type": "Feature",
      "geometry": {
        "type": "Polygon",
        "coordinates": [
          [
            [
              10.41599609375,
              63.4085234375
            ],
            [
              10.415785156250001,
              63.408515625
            ],
            [
              10.4157890625,
              63.408433593750004
            ],
            [
              10.41561328125,
              63.4084296875
            ],
            [
              10.415625,
              63.4083515625
            ],
            [
              10.41598828125,
              63.408359375
            ],
            [
              10.41599609375,
              63.40834765625
            ],
            [
              10.41599609375,
              63.4085234375
            ]
          ]
        ]
      },
      "properties": {
        "source": "cv_detection",
        "area_m2": 259.960420094901,
        "tile_id": "tile_0070"
      }
    },
    {
      "type": "Feature",
      "geometry": {
        "type": "Polygon",
        "coordinates": [
          [
            [
              10.414,
              63.4092890625
            ],
            [
              10.414,
              63.4081328125
            ],
            [
              10.41454296875,
              63.4081484375
            ],
            [
              10.41455859375,
              63.40806640625
            ],
            [
              10.4147421875,
              63.4080703125
            ],
            [
              10.41475390625,
              63.40800390625
            ],
            [
              10.41599609375,
              63.40800390625
            ],
            [
              10.41599609375,
              63.40802734375
            ],
            [
              10.415863281250001,
              63.4080234375
            ],
            [
              10.41584765625,
              63.408078125
            ],
            [
              10.4158515625,
              63.408109375
            ],
            [
              10.41599609375,
              63.40811328125
            ],
            [
              10.41599609375,
              63.408191406250005
            ],
            [
              10.4156484375,
              63.40818359375
            ],
            [
              10.4156328125,
              63.408261718750005
            ],
            [
              10.41526953125,
              63.40825390625
            ],
            [
              10.41525390625,
              63.408332031250005
            ],
            [
              10.4150703125,
              63.408328125000004
            ],
            [
              10.4150546875,
              63.40841015625
            ],
            [
              10.41469140625,
              63.408402343750005
            ],
            [
              10.41467578125,
              63.40848046875
            ],
            [
              10.41449609375,
              63.4084765625
            ],
            [
              10.41448046875,
              63.40853125
            ],
            [
              10.414484375,
              63.4085625
            ],
            [
              10.41539453125,
              63.40859375
            ],
            [
              10.415390625,
              63.408671875
            ],
            [
              10.415933593750001,
              63.40869140625
            ],
            [
              10.415921875,
              63.40876953125
            ],
            [
              10.41574609375,
              63.40876171875
            ],
            [
              10.4157265625,
              63.40884375
            ],
            [
              10.41536328125,
              63.4088359375
            ],
            [
              10.41534765625,
              63.40891796875
            ],
            [
              10.4151640625,
              63.4089140625
            ],
            [
              10.415148437500001,
              63.408992187500004
            ],
            [
              10.41496484375,
              63.408988281250004
            ],
            [
              10.41494921875,
              63.4090703125
            ],
            [
              10.4145859375,
              63.409062500000005
            ],
            [
              10.4145703125,
              63.409140625
            ],
            [
              10.41438671875,
              63.409136718750005
            ],
            [
              10.41437109375,
              63.40921875
            ],
            [
              10.41419140625,
              63.40921484375
            ],
            [
              10.41417578125,
              63.40929296875
            ],
            [
              10.414,
              63.4092890625
            ]
          ]
        ]
      },
      "properties": {
        "source": "cv_detection",
        "area_m2": 7905.10266784855,
        "tile_id": "tile_0070"
      }
    },
    {
      "type": "Feature",
      "geometry": {
        "type": "Polygon",
        "coordinates": [
          [
            [
              10.41446875,
              63.40980468750001
            ],
            [
              10.41453125,
              63.40939453125
            ],
            [
              10.415265625,
              63.409414062500005
            ],
            [
              10.41528125,
              63.4093359375
            ],
            [
              10.41564453125,
              63.409347656250006
            ],
            [
              10.415640625,
              63.4094296875
            ],
            [
              10.41581640625,
              63.40943359375
            ],
            [
              10.4158125,
              63.409515625000004
            ],
            [
              10.41599609375,
              63.409523437500006
            ],
            [
              10.41598046875,
              63.40956640625
            ],
            [
              10.41598046875,
              63.4096015625
            ],
            [
              10.41599609375,
              63.40960546875
            ],
            [
              10.41599609375,
              63.409933593750004
            ],
            [
              10.4159296875,
              63.409929687500004
            ],
            [
              10.4159140625,
              63.410000000000004
            ],
            [
              10.4149921875,
              63.410000000000004
            ],
            [
              10.41498828125,
              63.409984375
            ],
            [
              10.41462890625,
              63.409972656250005
            ],
            [
              10.41464453125,
              63.4098125
            ],
            [
              10.41446875,
              63.40980468750001
            ]
          ]
        ]
      },
      "properties": {
        "source": "cv_detection",
        "area_m2": 4684.294892591424,
        "tile_id": "tile_0070"
      }
    },
    {
      "type": "Feature",
      "geometry": {
        "type": "Polygon",
        "coordinates": [
          [
            [
              10.41443359375,
              63.410000000000004
            ],
            [
              10.414,
              63.410000000000004
            ],
            [
              10.414,
              63.4095390625
            ],
            [
              10.4141328125,
              63.40954296875
            ],
            [
              10.41411328125,
              63.4097109375
            ],
            [
              10.4142890625,
              63.40971875
            ],
            [
              10.41426953125,
              63.40987890625
            ],
            [
              10.4144453125,
              63.409890625
            ],
            [
              10.41443359375,
              63.410000000000004
            ]
          ]
        ]
      },
      "properties": {
        "source": "cv_detection",
        "area_m2": 658.9899869146319,
        "tile_id": "tile_0070"
      }
    },
    {
      "type": "Feature",
      "geometry": {
        "type": "Polygon",
        "coordinates": [
          [
            [
              10.36,
              63.43
            ],
            [
              10.36,
              63.428703125
            ],
            [
              10.360125,
              63.42870703125
            ],
            [
              10.360136718749999,
              63.4286640625
            ],
            [
              10.3601328125,
              63.428621093749996
            ],
            [
              10.36,
              63.428617187499995
            ],
            [
              10.36,
              63.42800390625
            ],
            [
              10.36116796875,
              63.42800390625
            ],
            [
              10.36116015625,
              63.4280703125
            ],
            [
              10.361171875,
              63.428078125
            ],
            [
              10.361890625000001,
              63.4281015625
            ],
            [
              10.3618828125,
              63.42818359375
            ],
            [
              10.36199609375,
              63.4281875
            ],
            [
              10.36199609375,
              63.42926171875
            ],
            [
              10.3617109375,
              63.42925390625
            ],
            [
              10.3616953125,
              63.4293359375
            ],
            [
              10.36151171875,
              63.42933203125
            ],
            [
              10.361515625,
              63.429249999999996
            ],
            [
              10.36133984375,
              63.4292421875
            ],
            [
              10.361328125,
              63.42932421875
            ],
            [
              10.361140624999999,
              63.42932421875
            ],
            [
              10.36108984375,
              63.4296171875
            ],
            [
              10.36109375,
              63.42965234375
            ],
            [
              10.36199609375,
              63.4296796875
            ],
            [
              10.36199609375,
              63.43
            ],
            [
              10.36,
              63.43
            ]
          ]
        ]
      },
      "properties": {
        "source": "cv_detection",
        "area_m2": 19605.67144955943,
        "tile_id": "tile_0071"
      }
    },
    {
      "type": "Feature",
      "geometry": {
        "type": "Polygon",
        "coordinates": [
          [
            [
              10.363999999999999,
              63.43181640625
            ],
            [
              10.363999999999999,
              63.43000390625
            ],
            [
              10.36584375,
              63.43000390625
            ],
            [
              10.36584375,
              63.4300546875
            ],
            [
              10.365996093749999,
              63.43005859375
            ],
            [
              10.365996093749999,
              63.4305546875
            ],
            [
              10.365765625,
              63.430546875
            ],
            [
              10.36578125,
              63.43038671875
            ],
            [
              10.365761718749999,
              63.43037890625
            ],
            [
              10.3656015625,
              63.430375
            ],
            [
              10.365585937499999,
              63.43045703125
            ],
            [
              10.36540625,
              63.430453125
            ],
            [
              10.3654140625,
              63.430375
            ],
            [
              10.365234375,
              63.43036328125
            ],
            [
              10.365238281249999,
              63.43028125
            ],
            [
              10.365062499999999,
              63.43027734375
            ],
            [
              10.365035156249998,
              63.43044140625
            ],
            [
              10.364851562499998,
              63.43043359375
            ],
            [
              10.364875,
              63.4302734375
            ],
            [
              10.364796875,
              63.430265625
            ],
            [
              10.364687499999999,
              63.43026953125
            ],
            [
              10.36466796875,
              63.4304296875
            ],
            [
              10.364484375,
              63.43042578125
            ],
            [
              10.364468749999999,
              63.43050390625
            ],
            [
              10.364285156249998,
              63.4305
            ],
            [
              10.364179687499998,
              63.4311328125
            ],
            [
              10.364183593749999,
              63.43116015625
            ],
            [
              10.364355468749999,
              63.43116796875
            ],
            [
              10.3643515625,
              63.43125390625
            ],
            [
              10.36452734375,
              63.4312578125
            ],
            [
              10.364523437499999,
              63.43133984375
            ],
            [
              10.364886718749998,
              63.431347656250004
            ],
            [
              10.36490234375,
              63.43126953125
            ],
            [
              10.365265625,
              63.43128125
            ],
            [
              10.36526171875,
              63.43136328125
            ],
            [
              10.36580859375,
              63.43137890625
            ],
            [
              10.36582421875,
              63.43130078125
            ],
            [
              10.365996093749999,
              63.4313046875
            ],
            [
              10.365996093749999,
              63.431796875
            ],
            [
              10.364636718749999,
              63.4317578125
            ],
            [
              10.36462109375,
              63.431835937500004
            ],
            [
              10.363999999999999,
              63.43181640625
            ]
          ]
        ]
      },
      "properties": {
        "source": "cv_detection",
        "area_m2": 10886.458220503015,
        "tile_id": "tile_0072"
      }
    },
    {
      "type": "Feature",
      "geometry": {
        "type": "Polygon",
        "coordinates": [
          [
            [
              10.41999609375,
              63.40915234375
            ],
            [
              10.41938671875,
              63.409132812500005
            ],
            [
              10.41937109375,
              63.4092109375
            ],
            [
              10.418640625,
              63.4091875
            ],
            [
              10.41864453125,
              63.40910546875
            ],
            [
              10.41828125,
              63.409093750000004
            ],
            [
              10.418285156249999,
              63.40901171875
            ],
            [
              10.41811328125,
              63.4090078125
            ],
            [
              10.418136718749999,
              63.40884375
            ],
            [
              10.418,
              63.4088359375
            ],
            [
              10.418,
              63.40809375
            ],
            [
              10.4180703125,
              63.40809375
            ],
            [
              10.41808203125,
              63.40800390625
            ],
            [
              10.41993359375,
              63.40800390625
            ],
            [
              10.4199140625,
              63.4081484375
            ],
            [
              10.41999609375,
              63.408156250000005
            ],
            [
              10.41999609375,
              63.408484375
            ],
            [
              10.41986328125,
              63.40848046875
            ],
            [
              10.4198671875,
              63.408398437500004
            ],
            [
              10.41969140625,
              63.40839453125
            ],
            [
              10.4196953125,
              63.40830859375
            ],
            [
              10.41951953125,
              63.4083046875
            ],
            [
              10.4195234375,
              63.40821875
            ],
            [
              10.41934765625,
              63.40821484375
            ],
            [
              10.41931640625,
              63.4083828125
            ],
            [
              10.419140624999999,
              63.408375
            ],
            [
              10.419105468749999,
              63.408539062500004
            ],
            [
              10.4187421875,
              63.40853125
            ],
            [
              10.4187265625,
              63.408613281250005
            ],
            [
              10.418546874999999,
              63.408605468750004
            ],
            [
              10.418515625,
              63.40876953125
            ],
            [
              10.418703124999999,
              63.40877734375
            ],
            [
              10.41871875,
              63.40869921875
            ],
            [
              10.41999609375,
              63.40873828125
            ],
            [
              10.41999609375,
              63.40915234375
            ]
          ]
        ]
      },
      "properties": {
        "source": "cv_detection",
        "area_m2": 9905.889008911025,
        "tile_id": "tile_0073"
      }
    },
    {
      "type": "Feature",
      "geometry": {
        "type": "Polygon",
        "coordinates": [
          [
            [
              10.419062499999999,
              63.410000000000004
            ],
            [
              10.419070312499999,
              63.409953125
            ],
            [
              10.419253906249999,
              63.409953125
            ],
            [
              10.4193359375,
              63.40946484375
            ],
            [
              10.41999609375,
              63.409484375000005
            ],
            [
              10.41999609375,
              63.410000000000004
            ],
            [
              10.419984375,
              63.40998046875001
            ],
            [
              10.419640625,
              63.409964843750004
            ],
            [
              10.4196171875,
              63.409972656250005
            ],
            [
              10.4196171875,
              63.410000000000004
            ],
            [
              10.419062499999999,
              63.410000000000004
            ]
          ]
        ]
      },
      "properties": {
        "source": "cv_detection",
        "area_m2": 2036.552990014702,
        "tile_id": "tile_0073"
      }
    },
    {
      "type": "Feature",
      "geometry": {
        "type": "Polygon",
        "coordinates": [
          [
            [
              10.38399609375,
              63.41412890625
            ],
            [
              10.38397265625,
              63.414125
            ],
            [
              10.383976562500001,
              63.414046875000004
            ],
            [
              10.38361328125,
              63.41403125
            ],
            [
              10.38361328125,
              63.41400390625
            ],
            [
              10.38399609375,
              63.41400390625
            ],
            [
              10.38399609375,
              63.41412890625
            ]
          ]
        ]
      },
      "properties": {
        "source": "cv_detection",
        "area_m2": 84.55991156686063,
        "tile_id": "tile_0074"
      }
    },
    {
      "type": "Feature",
      "geometry": {
        "type": "Polygon",
        "coordinates": [
          [
            [
              10.383855468750001,
              63.41594921875
            ],
            [
              10.38367578125,
              63.415941406250006
            ],
            [
              10.3836640625,
              63.416000000000004
            ],
            [
              10.3827421875,
              63.416000000000004
            ],
            [
              10.38279296875,
              63.41567578125
            ],
            [
              10.38297265625,
              63.41567578125
            ],
            [
              10.38298828125,
              63.415609375
            ],
            [
              10.38299609375,
              63.4155078125
            ],
            [
              10.38282421875,
              63.4155
            ],
            [
              10.382875,
              63.41517578125
            ],
            [
              10.38305078125,
              63.4151796875
            ],
            [
              10.383078125,
              63.415015625
            ],
            [
              10.38290234375,
              63.4150078125
            ],
            [
              10.3829140625,
              63.414925781250005
            ],
            [
              10.382734375,
              63.414917968750004
            ],
            [
              10.382738281249999,
              63.4148359375
            ],
            [
              10.38237109375,
              63.414824218750006
            ],
            [
              10.38235546875,
              63.41490234375
            ],
            [
              10.382,
              63.414894531250006
            ],
            [
              10.382,
              63.41448046875
            ],
            [
              10.3820546875,
              63.414484375
            ],
            [
              10.3820703125,
              63.414429687500004
            ],
            [
              10.382066406249999,
              63.414398437500004
            ],
            [
              10.382,
              63.414394531250004
            ],
            [
              10.382,
              63.414234375
            ],
            [
              10.38209375,
              63.414234375
            ],
            [
              10.382109374999999,
              63.414171875
            ],
            [
              10.38210546875,
              63.414152343750004
            ],
            [
              10.382,
              63.4141484375
            ],
            [
              10.382,
              63.41400390625
            ],
            [
              10.382890625,
              63.41400390625
            ],
            [
              10.38289453125,
              63.414015625000005
            ],
            [
              10.3830546875,
              63.41401953125
            ],
            [
              10.38305078125,
              63.4141015625
            ],
            [
              10.3832265625,
              63.41410546875
            ],
            [
              10.38322265625,
              63.414191406250005
            ],
            [
              10.38339453125,
              63.4141953125
            ],
            [
              10.38334375,
              63.4145234375
            ],
            [
              10.38298046875,
              63.41451171875
            ],
            [
              10.3829609375,
              63.41459375
            ],
            [
              10.38277734375,
              63.41459765625
            ],
            [
              10.38276171875,
              63.414753906250006
            ],
            [
              10.3829375,
              63.41476171875
            ],
            [
              10.38294921875,
              63.414679687500005
            ],
            [
              10.38331640625,
              63.41469140625
            ],
            [
              10.3833359375,
              63.414609375000005
            ],
            [
              10.38369921875,
              63.4146171875
            ],
            [
              10.38371484375,
              63.414539062500005
            ],
            [
              10.383898437500001,
              63.414542968750006
            ],
            [
              10.3839140625,
              63.4144609375
            ],
            [
              10.38399609375,
              63.414464843750004
            ],
            [
              10.38399609375,
              63.415375000000004
            ],
            [
              10.38394921875,
              63.415378906250005
            ],
            [
              10.38390625,
              63.415621093750005
            ],
            [
              10.38373046875,
              63.41561328125
            ],
            [
              10.38371484375,
              63.41567578125
            ],
            [
              10.38371875,
              63.41569921875001
            ],
            [
              10.383890625000001,
              63.41570703125
            ],
            [
              10.383855468750001,
              63.41594921875
            ]
          ]
        ]
      },
      "properties": {
        "source": "cv_detection",
        "area_m2": 13182.595726162674,
        "tile_id": "tile_0074"
      }
    },
    {
      "type": "Feature",
      "geometry": {
        "type": "Polygon",
        "coordinates": [
          [
            [
              10.445996093749999,
              63.45419921875
            ],
            [
              10.4459140625,
              63.45419921875
            ],
            [
              10.445917968749999,
              63.4541171875
            ],
            [
              10.4457421875,
              63.454109375
            ],
            [
              10.44574609375,
              63.45402734375
            ],
            [
              10.4455703125,
              63.4540234375
            ],
            [
              10.4455703125,
              63.45400390625
            ],
            [
              10.445996093749999,
              63.45400390625
            ],
            [
              10.445996093749999,
              63.45419921875
            ]
          ]
        ]
      },
      "properties": {
        "source": "cv_detection",
        "area_m2": 210.18058721552734,
        "tile_id": "tile_0075"
      }
    },
    {
      "type": "Feature",
      "geometry": {
        "type": "Polygon",
        "coordinates": [
          [
            [
              10.443999999999999,
              63.456
            ],
            [
              10.443999999999999,
              63.45455859375
            ],
            [
              10.444179687499998,
              63.4545625
            ],
            [
              10.44417578125,
              63.454644531250004
            ],
            [
              10.4443515625,
              63.45465234375
            ],
            [
              10.44433203125,
              63.4548125
            ],
            [
              10.4445078125,
              63.454824218750005
            ],
            [
              10.44447265625,
              63.455066406250005
            ],
            [
              10.444292968749998,
              63.455062500000004
            ],
            [
              10.444261718749999,
              63.45522265625
            ],
            [
              10.44407421875,
              63.45522265625
            ],
            [
              10.44402734375,
              63.45552734375
            ],
            [
              10.44403515625,
              63.455554687500005
            ],
            [
              10.444390624999999,
              63.4555625
            ],
            [
              10.444421875,
              63.45540234375
            ],
            [
              10.444601562499999,
              63.45540625
            ],
            [
              10.4446328125,
              63.455242187500005
            ],
            [
              10.44481640625,
              63.45524609375
            ],
            [
              10.44483984375,
              63.45510546875
            ],
            [
              10.444835937499999,
              63.455078125
            ],
            [
              10.444660156249999,
              63.45507421875
            ],
            [
              10.44470703125,
              63.45474609375
            ],
            [
              10.444531249999999,
              63.454734375
            ],
            [
              10.444574218749999,
              63.45441015625
            ],
            [
              10.444398437499999,
              63.454398437500004
            ],
            [
              10.44441015625,
              63.4543203125
            ],
            [
              10.444589843749998,
              63.45432421875
            ],
            [
              10.444601562499999,
              63.45424609375
            ],
            [
              10.444425781249999,
              63.45423828125
            ],
            [
              10.444425781249999,
              63.45415234375
            ],
            [
              10.444249999999998,
              63.4541484375
            ],
            [
              10.444234374999999,
              63.454226562500004
            ],
            [
              10.443999999999999,
              63.45422265625
            ],
            [
              10.443999999999999,
              63.45400390625
            ],
            [
              10.444085937499999,
              63.45400390625
            ],
            [
              10.444078124999999,
              63.4540546875
            ],
            [
              10.444101562499998,
              63.4540625
            ],
            [
              10.4444453125,
              63.4540703125
            ],
            [
              10.44445703125,
              63.45400390625
            ],
            [
              10.4451953125,
              63.45400390625
            ],
            [
              10.44516015625,
              63.4542578125
            ],
            [
              10.44533984375,
              63.454265625
            ],
            [
              10.4453359375,
              63.4543515625
            ],
            [
              10.44550390625,
              63.45435546875
            ],
            [
              10.4454765625,
              63.4546015625
            ],
            [
              10.445656249999999,
              63.454609375000004
            ],
            [
              10.445621093749999,
              63.454851562500004
            ],
            [
              10.44580078125,
              63.45486328125
            ],
            [
              10.44575,
              63.45519140625
            ],
            [
              10.4455703125,
              63.45518359375
            ],
            [
              10.445550781249999,
              63.45526953125
            ],
            [
              10.44537109375,
              63.45526171875
            ],
            [
              10.44534375,
              63.45542578125
            ],
            [
              10.4457109375,
              63.45544140625
            ],
            [
              10.445726562499999,
              63.455359375
            ],
            [
              10.445996093749999,
              63.4553671875
            ],
            [
              10.445996093749999,
              63.455941406250005
            ],
            [
              10.44582421875,
              63.455937500000005
            ],
            [
              10.445839843749999,
              63.4557734375
            ],
            [
              10.4454765625,
              63.455761718750004
            ],
            [
              10.445437499999999,
              63.456
            ],
            [
              10.443999999999999,
              63.456
            ]
          ]
        ]
      },
      "properties": {
        "source": "cv_detection",
        "area_m2": 14410.288579648333,
        "tile_id": "tile_0075"
      }
    },
    {
      "type": "Feature",
      "geometry": {
        "type": "Polygon",
        "coordinates": [
          [
            [
              10.398,
              63.40919140625
            ],
            [
              10.398,
              63.408859375000006
            ],
            [
              10.398140625,
              63.40886328125
            ],
            [
              10.39815234375,
              63.408785156250005
            ],
            [
              10.39813671875,
              63.40877734375
            ],
            [
              10.398,
              63.4087734375
            ],
            [
              10.398,
              63.40852734375
            ],
            [
              10.3981875,
              63.408535156250004
            ],
            [
              10.39815625,
              63.40877734375
            ],
            [
              10.3983359375,
              63.408785156250005
            ],
            [
              10.3983515625,
              63.40870703125
            ],
            [
              10.39853515625,
              63.408710937500004
            ],
            [
              10.39855078125,
              63.40862890625
            ],
            [
              10.39873046875,
              63.40863671875
            ],
            [
              10.39875,
              63.40855078125
            ],
            [
              10.39892578125,
              63.40855859375
            ],
            [
              10.3989609375,
              63.40839453125
            ],
            [
              10.39913671875,
              63.408402343750005
            ],
            [
              10.39915625,
              63.408332031250005
            ],
            [
              10.39915234375,
              63.4083125
            ],
            [
              10.3987890625,
              63.40830078125
            ],
            [
              10.398796875,
              63.40821875
            ],
            [
              10.3984375,
              63.40820703125
            ],
            [
              10.398441406249999,
              63.408125
            ],
            [
              10.398078125,
              63.40811328125
            ],
            [
              10.39809765625,
              63.40800390625
            ],
            [
              10.39919921875,
              63.40800390625
            ],
            [
              10.39918359375,
              63.4081484375
            ],
            [
              10.399359375,
              63.40816015625
            ],
            [
              10.39935546875,
              63.4082421875
            ],
            [
              10.39971875,
              63.40825
            ],
            [
              10.39973828125,
              63.40816796875
            ],
            [
              10.39999609375,
              63.4081796875
            ],
            [
              10.39999609375,
              63.408671875
            ],
            [
              10.39984375,
              63.40866796875
            ],
            [
              10.39984375,
              63.4085859375
            ],
            [
              10.399484375,
              63.408574218750005
            ],
            [
              10.39946875,
              63.40865234375
            ],
            [
              10.3992890625,
              63.408648437500005
            ],
            [
              10.39926953125,
              63.40873046875
            ],
            [
              10.39908984375,
              63.4087265625
            ],
            [
              10.39907421875,
              63.40880859375
            ],
            [
              10.39889453125,
              63.40880078125
            ],
            [
              10.398875,
              63.4088828125
            ],
            [
              10.3986953125,
              63.40887890625
            ],
            [
              10.3986796875,
              63.408960937500005
            ],
            [
              10.3985,
              63.408957031250004
            ],
            [
              10.39848046875,
              63.4090390625
            ],
            [
              10.39830078125,
              63.40903515625
            ],
            [
              10.39828125,
              63.4091171875
            ],
            [
              10.39810546875,
              63.409109375
            ],
            [
              10.3980859375,
              63.40919140625
            ],
            [
              10.398,
              63.40919140625
            ]
          ]
        ]
      },
      "properties": {
        "source": "cv_detection",
        "area_m2": 5551.278462614358,
        "tile_id": "tile_0076"
      }
    },
    {
      "type": "Feature",
      "geometry": {
        "type": "Polygon",
        "coordinates": [
          [
            [
              10.42599609375,
              63.438132812499994
            ],
            [
              10.4258671875,
              63.43812890624999
            ],
            [
              10.4258828125,
              63.438003906249996
            ],
            [
              10.42599609375,
              63.438003906249996
            ],
            [
              10.42599609375,
              63.438132812499994
            ]
          ]
        ]
      },
      "properties": {
        "source": "cv_detection",
        "area_m2": 84.78336885400739,
        "tile_id": "tile_0077"
      }
    },
    {
      "type": "Feature",
      "geometry": {
        "type": "Polygon",
        "coordinates": [
          [
            [
              10.42599609375,
              63.4387109375
            ],
            [
              10.42595703125,
              63.4387109375
            ],
            [
              10.4259609375,
              63.438628906249996
            ],
            [
              10.425046875,
              63.438597656249996
            ],
            [
              10.425046875,
              63.438515624999994
            ],
            [
              10.42432421875,
              63.438492187499996
            ],
            [
              10.424328124999999,
              63.438410156249994
            ],
            [
              10.424,
              63.4383984375
            ],
            [
              10.424,
              63.438003906249996
            ],
            [
              10.4242109375,
              63.438003906249996
            ],
            [
              10.42419921875,
              63.438074218749996
            ],
            [
              10.424023437499999,
              63.438066406249995
            ],
            [
              10.4240078125,
              63.43812109375
            ],
            [
              10.42401171875,
              63.43815234375
            ],
            [
              10.424554687499999,
              63.438171874999995
            ],
            [
              10.42455078125,
              63.43825390625
            ],
            [
              10.42509375,
              63.438273437499994
            ],
            [
              10.42508984375,
              63.43835546875
            ],
            [
              10.4258203125,
              63.43837499999999
            ],
            [
              10.4258515625,
              63.438214843749996
            ],
            [
              10.42599609375,
              63.43821875
            ],
            [
              10.42599609375,
              63.4387109375
            ]
          ]
        ]
      },
      "properties": {
        "source": "cv_detection",
        "area_m2": 3070.107929839322,
        "tile_id": "tile_0077"
      }
    },
    {
      "type": "Feature",
      "geometry": {
        "type": "Polygon",
        "coordinates": [
          [
            [
              10.42599609375,
              63.44
            ],
            [
              10.4259375,
              63.44
            ],
            [
              10.42596484375,
              63.43979296875
            ],
            [
              10.42578515625,
              63.43978515625
            ],
            [
              10.4257890625,
              63.43969921875
            ],
            [
              10.4256171875,
              63.4396953125
            ],
            [
              10.4256484375,
              63.439453125
            ],
            [
              10.42547265625,
              63.43944140625
            ],
            [
              10.42548046875,
              63.439363281249996
            ],
            [
              10.42566015625,
              63.4393671875
            ],
            [
              10.42567578125,
              63.439289062499995
            ],
            [
              10.42599609375,
              63.439296875
            ],
            [
              10.42599609375,
              63.44
            ]
          ]
        ]
      },
      "properties": {
        "source": "cv_detection",
        "area_m2": 1023.369309952819,
        "tile_id": "tile_0077"
      }
    },
    {
      "type": "Feature",
      "geometry": {
        "type": "Polygon",
        "coordinates": [
          [
            [
              10.40999609375,
              63.43272265624999
            ],
            [
              10.409875,
              63.43271875
            ],
            [
              10.40988671875,
              63.432554687499994
            ],
            [
              10.40971484375,
              63.432550781249994
            ],
            [
              10.40971875,
              63.43246484375
            ],
            [
              10.40954296875,
              63.4324609375
            ],
            [
              10.409546875,
              63.432378906249994
            ],
            [
              10.40937109375,
              63.43237109374999
            ],
            [
              10.409375,
              63.4322890625
            ],
            [
              10.409203125,
              63.432285156249996
            ],
            [
              10.40919921875,
              63.43219921874999
            ],
            [
              10.40884765625,
              63.4321875
            ],
            [
              10.40885546875,
              63.432109374999996
            ],
            [
              10.4088359375,
              63.432101562499994
            ],
            [
              10.4083046875,
              63.43208984374999
            ],
            [
              10.408285156249999,
              63.432171874999995
            ],
            [
              10.40810546875,
              63.43216406249999
            ],
            [
              10.40808984375,
              63.432246093749995
            ],
            [
              10.408,
              63.432246093749995
            ],
            [
              10.408,
              63.432003906249996
            ],
            [
              10.40979296875,
              63.432003906249996
            ],
            [
              10.40979296875,
              63.43205468749999
            ],
            [
              10.40997265625,
              63.432062499999994
            ],
            [
              10.40996484375,
              63.432140624999995
            ],
            [
              10.40999609375,
              63.432144531249996
            ],
            [
              10.40999609375,
              63.43272265624999
            ]
          ]
        ]
      },
      "properties": {
        "source": "cv_detection",
        "area_m2": 2887.9051380654855,
        "tile_id": "tile_0078"
      }
    },
    {
      "type": "Feature",
      "geometry": {
        "type": "Polygon",
        "coordinates": [
          [
            [
              10.408,
              63.432414062499994
            ],
            [
              10.4080625,
              63.432414062499994
            ],
            [
              10.408058593749999,
              63.43249609375
            ],
            [
              10.408234375,
              63.43250390625
            ],
            [
              10.40823046875,
              63.432585937499994
            ],
            [
              10.40840234375,
              63.432589843749994
            ],
            [
              10.408406249999999,
              63.43267578125
            ],
            [
              10.408578125,
              63.4326796875
            ],
            [
              10.4085703125,
              63.432761718749994
            ],
            [
              10.40874609375,
              63.432765624999995
            ],
            [
              10.4087421875,
              63.4328515625
            ],
            [
              10.4091015625,
              63.43286328124999
            ],
            [
              10.40909765625,
              63.432945312499996
            ],
            [
              10.4092734375,
              63.432953125
            ],
            [
              10.40926953125,
              63.43303515624999
            ],
            [
              10.4094453125,
              63.433039062499994
            ],
            [
              10.4094375,
              63.433117187499995
            ],
            [
              10.40961328125,
              63.43312890625
            ],
            [
              10.409609375,
              63.43321093749999
            ],
            [
              10.40978515625,
              63.433214843749994
            ],
            [
              10.40978125,
              63.43330078125
            ],
            [
              10.40999609375,
              63.4333046875
            ],
            [
              10.40999609375,
              63.43355078125
            ],
            [
              10.40992578125,
              63.433546875
            ],
            [
              10.4099296875,
              63.433468749999996
            ],
            [
              10.4093828125,
              63.433453125
            ],
            [
              10.40937109375,
              63.433496093749994
            ],
            [
              10.409375,
              63.433535156249995
            ],
            [
              10.409546875,
              63.433539062499996
            ],
            [
              10.40954296875,
              63.433625
            ],
            [
              10.40971875,
              63.433632812499994
            ],
            [
              10.40971484375,
              63.433714843749996
            ],
            [
              10.409890625000001,
              63.43371875
            ],
            [
              10.40988671875,
              63.43380078125
            ],
            [
              10.40999609375,
              63.4338046875
            ],
            [
              10.40999609375,
              63.434
            ],
            [
              10.408738281249999,
              63.434
            ],
            [
              10.4087421875,
              63.43392578125
            ],
            [
              10.40837890625,
              63.433917968749995
            ],
            [
              10.408363281249999,
              63.434
            ],
            [
              10.4080859375,
              63.434
            ],
            [
              10.40808203125,
              63.433988281249995
            ],
            [
              10.408,
              63.433988281249995
            ],
            [
              10.408,
              63.433738281249994
            ],
            [
              10.40840234375,
              63.433749999999996
            ],
            [
              10.40841796875,
              63.433671874999995
            ],
            [
              10.4086015625,
              63.433675781249995
            ],
            [
              10.408640625,
              63.433453125
            ],
            [
              10.40863671875,
              63.433425781249994
            ],
            [
              10.4084609375,
              63.43342187499999
            ],
            [
              10.408468749999999,
              63.43334375
            ],
            [
              10.40845703125,
              63.4333359375
            ],
            [
              10.4082890625,
              63.433332031249996
            ],
            [
              10.408296875,
              63.433249999999994
            ],
            [
              10.40812109375,
              63.4332421875
            ],
            [
              10.408140625,
              63.433082031249995
            ],
            [
              10.408,
              63.433074218749994
            ],
            [
              10.408,
              63.432414062499994
            ]
          ]
        ]
      },
      "properties": {
        "source": "cv_detection",
        "area_m2": 9885.196407958727,
        "tile_id": "tile_0078"
      }
    },
    {
      "type": "Feature",
      "geometry": {
        "type": "Polygon",
        "coordinates": [
          [
            [
              10.41247265625,
              63.4361171875
            ],
            [
              10.412292968749998,
              63.43611328125
            ],
            [
              10.412296875,
              63.43603125
            ],
            [
              10.411999999999999,
              63.4360234375
            ],
            [
              10.411999999999999,
              63.43600390625
            ],
            [
              10.412304687499999,
              63.43600390625
            ],
            [
              10.41230859375,
              63.43603515625
            ],
            [
              10.41248046875,
              63.4360390625
            ],
            [
              10.41247265625,
              63.4361171875
            ]
          ]
        ]
      },
      "properties": {
        "source": "cv_detection",
        "area_m2": 118.5032248518103,
        "tile_id": "tile_0079"
      }
    },
    {
      "type": "Feature",
      "geometry": {
        "type": "Polygon",
        "coordinates": [
          [
            [
              10.413996093749999,
              63.43725
            ],
            [
              10.41305078125,
              63.43721875
            ],
            [
              10.41304296875,
              63.437136718750004
            ],
            [
              10.4125,
              63.43712109375
            ],
            [
              10.41248046875,
              63.43719921875
            ],
            [
              10.412304687499999,
              63.43719140625
            ],
            [
              10.412304687499999,
              63.43711328125
            ],
            [
              10.411999999999999,
              63.437101562500004
            ],
            [
              10.411999999999999,
              63.43619140625
            ],
            [
              10.412269531249999,
              63.436203125
            ],
            [
              10.412265625,
              63.43628515625
            ],
            [
              10.412441406249998,
              63.4362890625
            ],
            [
              10.412433593749999,
              63.436367187500004
            ],
            [
              10.41261328125,
              63.43637890625
            ],
            [
              10.412609374999999,
              63.4364609375
            ],
            [
              10.41278515625,
              63.43646484375
            ],
            [
              10.412796875,
              63.436421875
            ],
            [
              10.4127890625,
              63.43637890625
            ],
            [
              10.41262109375,
              63.436375
            ],
            [
              10.41266796875,
              63.436046875
            ],
            [
              10.412488281249999,
              63.4360390625
            ],
            [
              10.4124921875,
              63.43600390625
            ],
            [
              10.412859375,
              63.43600390625
            ],
            [
              10.412859375,
              63.4360546875
            ],
            [
              10.41303125,
              63.4360625
            ],
            [
              10.413027343749999,
              63.43614453125
            ],
            [
              10.41357421875,
              63.43616015625
            ],
            [
              10.41359375,
              63.436078125
            ],
            [
              10.413996093749999,
              63.43608984375
            ],
            [
              10.413996093749999,
              63.4363359375
            ],
            [
              10.413921875,
              63.4363359375
            ],
            [
              10.41390625,
              63.4364140625
            ],
            [
              10.413726562499999,
              63.43641015625
            ],
            [
              10.41371875,
              63.436421875
            ],
            [
              10.413671875,
              63.43673828125
            ],
            [
              10.413847656249999,
              63.43675
            ],
            [
              10.41382421875,
              63.43691015625
            ],
            [
              10.41364453125,
              63.43690625
            ],
            [
              10.413628906249999,
              63.43698828125
            ],
            [
              10.41344921875,
              63.436984375
            ],
            [
              10.413421875,
              63.43712109375
            ],
            [
              10.41342578125,
              63.4371484375
            ],
            [
              10.413996093749999,
              63.43716796875
            ],
            [
              10.413996093749999,
              63.43725
            ]
          ]
        ]
      },
      "properties": {
        "source": "cv_detection",
        "area_m2": 9828.49520527409,
        "tile_id": "tile_0079"
      }
    },
    {
      "type": "Feature",
      "geometry": {
        "type": "Polygon",
        "coordinates": [
          [
            [
              10.41393359375,
              63.437414062500004
            ],
            [
              10.41356640625,
              63.43740234375
            ],
            [
              10.413578124999999,
              63.43732421875
            ],
            [
              10.41394140625,
              63.4373359375
            ],
            [
              10.41393359375,
              63.437414062500004
            ]
          ]
        ]
      },
      "properties": {
        "source": "cv_detection",
        "area_m2": 157.85016294285705,
        "tile_id": "tile_0079"
      }
    },
    {
      "type": "Feature",
      "geometry": {
        "type": "Polygon",
        "coordinates": [
          [
            [
              10.413289062499999,
              63.437976562500005
            ],
            [
              10.41395703125,
              63.438
            ],
            [
              10.413289062499999,
              63.438
            ],
            [
              10.413289062499999,
              63.437976562500005
            ]
          ]
        ]
      },
      "properties": {
        "source": "cv_detection",
        "area_m2": 43.1302975125476,
        "tile_id": "tile_0079"
      }
    },
    {
      "type": "Feature",
      "geometry": {
        "type": "Polygon",
        "coordinates": [
          [
            [
              10.411999999999999,
              63.43793359375
            ],
            [
              10.413097656249999,
              63.437972656250004
            ],
            [
              10.41309375,
              63.438
            ],
            [
              10.411999999999999,
              63.438
            ],
            [
              10.411999999999999,
              63.43793359375
            ]
          ]
        ]
      },
      "properties": {
        "source": "cv_detection",
        "area_m2": 283.20547208929713,
        "tile_id": "tile_0079"
      }
    },
    {
      "type": "Feature",
      "geometry": {
        "type": "Polygon",
        "coordinates": [
          [
            [
              10.423996093749999,
              63.445453125
            ],
            [
              10.423769531249999,
              63.44544140625
            ],
            [
              10.423777343749999,
              63.4453671875
            ],
            [
              10.42373828125,
              63.445359374999995
            ],
            [
              10.422859375,
              63.44533203125
            ],
            [
              10.4228671875,
              63.445253906249995
            ],
            [
              10.42269140625,
              63.4452421875
            ],
            [
              10.42269921875,
              63.44516796875
            ],
            [
              10.422878906249998,
              63.44516796875
            ],
            [
              10.42289453125,
              63.44508984375
            ],
            [
              10.423265624999999,
              63.44509765625
            ],
            [
              10.423281249999999,
              63.44501953125
            ],
            [
              10.423996093749999,
              63.445039062499994
            ],
            [
              10.423996093749999,
              63.445453125
            ]
          ]
        ]
      },
      "properties": {
        "source": "cv_detection",
        "area_m2": 2021.97706877166,
        "tile_id": "tile_0080"
      }
    },
    {
      "type": "Feature",
      "geometry": {
        "type": "Polygon",
        "coordinates": [
          [
            [
              10.421999999999999,
              63.44530859375
            ],
            [
              10.42230078125,
              63.445320312499994
            ],
            [
              10.422296874999999,
              63.445398437499996
            ],
            [
              10.42283984375,
              63.44541796875
            ],
            [
              10.42283203125,
              63.445496093749995
            ],
            [
              10.4230078125,
              63.445503906249996
            ],
            [
              10.4230078125,
              63.44558984375
            ],
            [
              10.4231796875,
              63.44559375
            ],
            [
              10.4231640625,
              63.4457578125
            ],
            [
              10.423996093749999,
              63.44578515625
            ],
            [
              10.423996093749999,
              63.446
            ],
            [
              10.421999999999999,
              63.446
            ],
            [
              10.421999999999999,
              63.44596875
            ],
            [
              10.4221953125,
              63.4459765625
            ],
            [
              10.422214843749998,
              63.44589453125
            ],
            [
              10.422390624999998,
              63.44590234375
            ],
            [
              10.422417968749999,
              63.445773437499994
            ],
            [
              10.4224140625,
              63.445734375
            ],
            [
              10.421999999999999,
              63.44571875
            ],
            [
              10.421999999999999,
              63.44530859375
            ]
          ]
        ]
      },
      "properties": {
        "source": "cv_detection",
        "area_m2": 4288.837233175136,
        "tile_id": "tile_0080"
      }
    },
    {
      "type": "Feature",
      "geometry": {
        "type": "Polygon",
        "coordinates": [
          [
            [
              10.443999999999999,
              63.44642578125
            ],
            [
              10.443999999999999,
              63.4462578125
            ],
            [
              10.4453125,
              63.446300781249995
            ],
            [
              10.445328125,
              63.44622265625
            ],
            [
              10.445691406249999,
              63.446230468749995
            ],
            [
              10.4457109375,
              63.4461484375
            ],
            [
              10.445890625,
              63.44615234375
            ],
            [
              10.44590625,
              63.44607421875
            ],
            [
              10.445996093749999,
              63.44607421875
            ],
            [
              10.445996093749999,
              63.44640234375
            ],
            [
              10.445671875,
              63.44639453125
            ],
            [
              10.445656249999999,
              63.44647265625
            ],
            [
              10.445105468749999,
              63.4464609375
            ],
            [
              10.445089843749999,
              63.4465390625
            ],
            [
              10.444355468749999,
              63.446515624999996
            ],
            [
              10.444363281249998,
              63.446441406249996
            ],
            [
              10.4443515625,
              63.44643359375
            ],
            [
              10.443999999999999,
              63.44642578125
            ]
          ]
        ]
      },
      "properties": {
        "source": "cv_detection",
        "area_m2": 2470.091479043739,
        "tile_id": "tile_0081"
      }
    },
    {
      "type": "Feature",
      "geometry": {
        "type": "Polygon",
        "coordinates": [
          [
            [
              10.44514453125,
              63.44737109375
            ],
            [
              10.44496484375,
              63.4473671875
            ],
            [
              10.44497265625,
              63.4472890625
            ],
            [
              10.44515234375,
              63.44729296875
            ],
            [
              10.44514453125,
              63.44737109375
            ]
          ]
        ]
      },
      "properties": {
        "source": "cv_detection",
        "area_m2": 77.48977011579177,
        "tile_id": "tile_0081"
      }
    },
    {
      "type": "Feature",
      "geometry": {
        "type": "Polygon",
        "coordinates": [
          [
            [
              10.443999999999999,
              63.448
            ],
            [
              10.443999999999999,
              63.44676171875
            ],
            [
              10.444125,
              63.446765625
            ],
            [
              10.444109374999998,
              63.44692578125
            ],
            [
              10.44428125,
              63.4469296875
            ],
            [
              10.444292968749998,
              63.446921875
            ],
            [
              10.444296875,
              63.44684765625
            ],
            [
              10.44466796875,
              63.446859375
            ],
            [
              10.44468359375,
              63.44678125
            ],
            [
              10.44523046875,
              63.446796875
            ],
            [
              10.4452265625,
              63.44687890625
            ],
            [
              10.445402343749999,
              63.4468828125
            ],
            [
              10.44541796875,
              63.4468046875
            ],
            [
              10.44578515625,
              63.4468125
            ],
            [
              10.44580078125,
              63.446734375
            ],
            [
              10.445996093749999,
              63.44673828125
            ],
            [
              10.445996093749999,
              63.44715234375
            ],
            [
              10.445734374999999,
              63.44714453125
            ],
            [
              10.44572265625,
              63.44722265625
            ],
            [
              10.444800781249999,
              63.4471953125
            ],
            [
              10.44478515625,
              63.44727734375
            ],
            [
              10.444417968749999,
              63.447265625
            ],
            [
              10.44440234375,
              63.44734765625
            ],
            [
              10.44421875,
              63.44734765625
            ],
            [
              10.444214843749998,
              63.44742578125
            ],
            [
              10.444390624999999,
              63.44743359375
            ],
            [
              10.444382812499999,
              63.447515625
            ],
            [
              10.444539062499999,
              63.4475234375
            ],
            [
              10.444566406249999,
              63.44751171875
            ],
            [
              10.444574218749999,
              63.44744140625
            ],
            [
              10.4453125,
              63.4474609375
            ],
            [
              10.445328125,
              63.4473828125
            ],
            [
              10.44587890625,
              63.4473984375
            ],
            [
              10.4458671875,
              63.4474765625
            ],
            [
              10.44568359375,
              63.44747265625
            ],
            [
              10.44566796875,
              63.44755078125
            ],
            [
              10.445296875,
              63.447546875
            ],
            [
              10.445281249999999,
              63.4477109375
            ],
            [
              10.445640625,
              63.44772265625
            ],
            [
              10.445628906249999,
              63.44780078125
            ],
            [
              10.4454453125,
              63.447796875
            ],
            [
              10.445429687499999,
              63.44787890625
            ],
            [
              10.445246093749999,
              63.44787890625
            ],
            [
              10.4452421875,
              63.44795703125
            ],
            [
              10.4454140625,
              63.44796484375
            ],
            [
              10.44541015625,
              63.448
            ],
            [
              10.443999999999999,
              63.448
            ]
          ]
        ]
      },
      "properties": {
        "source": "cv_detection",
        "area_m2": 9261.876525360824,
        "tile_id": "tile_0081"
      }
    },
    {
      "type": "Feature",
      "geometry": {
        "type": "Polygon",
        "coordinates": [
          [
            [
              10.41,
              63.40086328125
            ],
            [
              10.41,
              63.400617187499996
            ],
            [
              10.410015625,
              63.400609375
            ],
            [
              10.4100625,
              63.400328125
            ],
            [
              10.41005859375,
              63.40028515625
            ],
            [
              10.41,
              63.40028515625
            ],
            [
              10.41,
              63.40000390625
            ],
            [
              10.41199609375,
              63.40000390625
            ],
            [
              10.41199609375,
              63.40034375
            ],
            [
              10.4117265625,
              63.40033984375
            ],
            [
              10.411707031250002,
              63.400421875
            ],
            [
              10.41152734375,
              63.40041796875
            ],
            [
              10.41151171875,
              63.40049609375
            ],
            [
              10.411328125,
              63.4004921875
            ],
            [
              10.411312500000001,
              63.40057421875
            ],
            [
              10.41094921875,
              63.40056640625
            ],
            [
              10.41093359375,
              63.40064453125
            ],
            [
              10.41056640625,
              63.40063671875
            ],
            [
              10.41055078125,
              63.40071484375
            ],
            [
              10.410371093750001,
              63.4007109375
            ],
            [
              10.41035546875,
              63.40079296875
            ],
            [
              10.410171875,
              63.4007890625
            ],
            [
              10.41015625,
              63.4008671875
            ],
            [
              10.41,
              63.40086328125
            ]
          ]
        ]
      },
      "properties": {
        "source": "cv_detection",
        "area_m2": 6374.173921419108,
        "tile_id": "tile_0082"
      }
    },
    {
      "type": "Feature",
      "geometry": {
        "type": "Polygon",
        "coordinates": [
          [
            [
              10.41199609375,
              63.40134375
            ],
            [
              10.4119296875,
              63.40134765625
            ],
            [
              10.41190234375,
              63.40150390625
            ],
            [
              10.411539062500001,
              63.40149609375
            ],
            [
              10.411523437500001,
              63.401578125
            ],
            [
              10.411339843750001,
              63.401578125
            ],
            [
              10.41130078125,
              63.4018203125
            ],
            [
              10.41148046875,
              63.401828125
            ],
            [
              10.41145703125,
              63.402
            ],
            [
              10.411085937500001,
              63.402
            ],
            [
              10.41108203125,
              63.4019765625
            ],
            [
              10.41091015625,
              63.40197265625
            ],
            [
              10.41091796875,
              63.401890625
            ],
            [
              10.41073828125,
              63.4018828125
            ],
            [
              10.4107421875,
              63.40180078125
            ],
            [
              10.4101953125,
              63.40178515625
            ],
            [
              10.4101796875,
              63.40186328125
            ],
            [
              10.41,
              63.401859375
            ],
            [
              10.41,
              63.40103125
            ],
            [
              10.41012890625,
              63.4010390625
            ],
            [
              10.410109375,
              63.401203125
            ],
            [
              10.41046875,
              63.40121484375
            ],
            [
              10.41046484375,
              63.401296875
            ],
            [
              10.410824218750001,
              63.40130859375
            ],
            [
              10.41083984375,
              63.4012265625
            ],
            [
              10.4110234375,
              63.40123046875
            ],
            [
              10.4110390625,
              63.40115234375
            ],
            [
              10.41140234375,
              63.40116015625
            ],
            [
              10.411421875,
              63.401078125
            ],
            [
              10.411601562500001,
              63.4010859375
            ],
            [
              10.411617187500001,
              63.40100390625
            ],
            [
              10.411800781250001,
              63.4010078125
            ],
            [
              10.41181640625,
              63.40092578125
            ],
            [
              10.41199609375,
              63.40093359375
            ],
            [
              10.41199609375,
              63.40134375
            ]
          ]
        ]
      },
      "properties": {
        "source": "cv_detection",
        "area_m2": 6770.789374713172,
        "tile_id": "tile_0082"
      }
    },
    {
      "type": "Feature",
      "geometry": {
        "type": "Polygon",
        "coordinates": [
          [
            [
              10.38458984375,
              63.42518359375
            ],
            [
              10.38441015625,
              63.4251796875
            ],
            [
              10.384378906250001,
              63.42533984375
            ],
            [
              10.384195312500001,
              63.4253359375
            ],
            [
              10.3841796875,
              63.425417968750004
            ],
            [
              10.384,
              63.42541015625
            ],
            [
              10.384,
              63.42466796875
            ],
            [
              10.384300781250001,
              63.4246796875
            ],
            [
              10.38429296875,
              63.42476171875
            ],
            [
              10.38446875,
              63.42476953125
            ],
            [
              10.384449218750001,
              63.424929687500004
            ],
            [
              10.384625,
              63.4249375
            ],
            [
              10.38458984375,
              63.42518359375
            ]
          ]
        ]
      },
      "properties": {
        "source": "cv_detection",
        "area_m2": 1824.9318691052572,
        "tile_id": "tile_0083"
      }
    },
    {
      "type": "Feature",
      "geometry": {
        "type": "Polygon",
        "coordinates": [
          [
            [
              10.385015625000001,
              63.426
            ],
            [
              10.38502734375,
              63.425945312500005
            ],
            [
              10.385207031250001,
              63.425953125
            ],
            [
              10.38522265625,
              63.425871093750004
            ],
            [
              10.38540234375,
              63.425875000000005
            ],
            [
              10.385421875,
              63.42579296875
            ],
            [
              10.385601562500002,
              63.425796875
            ],
            [
              10.385617187500001,
              63.42571875
            ],
            [
              10.385796875,
              63.42572265625
            ],
            [
              10.385816406250001,
              63.425640625
            ],
            [
              10.38599609375,
              63.42564453125
            ],
            [
              10.38599609375,
              63.425890625
            ],
            [
              10.385953125,
              63.4258984375
            ],
            [
              10.385941406250002,
              63.42597265625
            ],
            [
              10.385765625000001,
              63.42596484375
            ],
            [
              10.385757812500001,
              63.426
            ],
            [
              10.385015625000001,
              63.426
            ]
          ]
        ]
      },
      "properties": {
        "source": "cv_detection",
        "area_m2": 1031.9860611113857,
        "tile_id": "tile_0083"
      }
    },
    {
      "type": "Feature",
      "geometry": {
        "type": "Polygon",
        "coordinates": [
          [
            [
              10.384,
              63.426
            ],
            [
              10.384,
              63.42575
            ],
            [
              10.3843125,
              63.4257578125
            ],
            [
              10.384328125,
              63.42567578125
            ],
            [
              10.38451171875,
              63.42567578125
            ],
            [
              10.3845234375,
              63.42559765625
            ],
            [
              10.384343750000001,
              63.425589843750004
            ],
            [
              10.38435546875,
              63.42551171875
            ],
            [
              10.384535156250001,
              63.425515625
            ],
            [
              10.384527343750001,
              63.42559765625
            ],
            [
              10.38470703125,
              63.42560546875
            ],
            [
              10.38472265625,
              63.425523437500004
            ],
            [
              10.38454296875,
              63.42551171875
            ],
            [
              10.38455078125,
              63.4254375
            ],
            [
              10.384734375,
              63.4254375
            ],
            [
              10.384765625,
              63.4252734375
            ],
            [
              10.38494140625,
              63.42528125
            ],
            [
              10.385015625000001,
              63.4248671875
            ],
            [
              10.385199218750001,
              63.42487109375
            ],
            [
              10.38521875,
              63.42470703125
            ],
            [
              10.384671875,
              63.4246875
            ],
            [
              10.3846796875,
              63.42460546875
            ],
            [
              10.38450390625,
              63.4246015625
            ],
            [
              10.3845546875,
              63.4242734375
            ],
            [
              10.38473828125,
              63.42427734375
            ],
            [
              10.384753906250001,
              63.4241953125
            ],
            [
              10.38493359375,
              63.424203125
            ],
            [
              10.38494921875,
              63.42412109375
            ],
            [
              10.3851328125,
              63.424125
            ],
            [
              10.385148437500002,
              63.42404296875
            ],
            [
              10.385328125000001,
              63.424046875
            ],
            [
              10.385339843750002,
              63.42400390625
            ],
            [
              10.38599609375,
              63.42400390625
            ],
            [
              10.38599609375,
              63.4248125
            ],
            [
              10.385949218750001,
              63.4248125
            ],
            [
              10.3859375,
              63.424859375000004
            ],
            [
              10.385941406250002,
              63.4248984375
            ],
            [
              10.38599609375,
              63.4248984375
            ],
            [
              10.38599609375,
              63.425312500000004
            ],
            [
              10.385871093750001,
              63.42530859375
            ],
            [
              10.385851562500001,
              63.425390625
            ],
            [
              10.385671875000002,
              63.42538671875
            ],
            [
              10.38565625,
              63.42546484375
            ],
            [
              10.38547265625,
              63.4254609375
            ],
            [
              10.38545703125,
              63.42554296875
            ],
            [
              10.385277343750001,
              63.42553515625
            ],
            [
              10.3852578125,
              63.42562109375
            ],
            [
              10.385078125000001,
              63.42561328125
            ],
            [
              10.3850625,
              63.425695312500004
            ],
            [
              10.38469921875,
              63.4256875
            ],
            [
              10.384683593750001,
              63.425765625000004
            ],
            [
              10.384500000000001,
              63.42576171875
            ],
            [
              10.38446875,
              63.425921875
            ],
            [
              10.38410546875,
              63.4259140625
            ],
            [
              10.38408984375,
              63.426
            ],
            [
              10.384,
              63.426
            ]
          ]
        ]
      },
      "properties": {
        "source": "cv_detection",
        "area_m2": 10504.818217278198,
        "tile_id": "tile_0083"
      }
    },
    {
      "type": "Feature",
      "geometry": {
        "type": "Polygon",
        "coordinates": [
          [
            [
              10.433328125000001,
              63.4424296875
            ],
            [
              10.43314453125,
              63.44242578125
            ],
            [
              10.433128906250001,
              63.442507812500004
            ],
            [
              10.432945312500001,
              63.44250390625
            ],
            [
              10.432929687500001,
              63.44258203125
            ],
            [
              10.432011718750001,
              63.4425546875
            ],
            [
              10.43201953125,
              63.4424765625
            ],
            [
              10.432,
              63.442472656250004
            ],
            [
              10.432,
              63.44200390625
            ],
            [
              10.433164062500001,
              63.44200390625
            ],
            [
              10.43316796875,
              63.442015625
            ],
            [
              10.433207031250001,
              63.442015625
            ],
            [
              10.433203125,
              63.44209765625
            ],
            [
              10.433375000000002,
              63.44210546875
            ],
            [
              10.433328125000001,
              63.4424296875
            ]
          ]
        ]
      },
      "properties": {
        "source": "cv_detection",
        "area_m2": 3879.6528753143084,
        "tile_id": "tile_0084"
      }
    },
    {
      "type": "Feature",
      "geometry": {
        "type": "Polygon",
        "coordinates": [
          [
            [
              10.432,
              63.4438828125
            ],
            [
              10.432,
              63.44363671875
            ],
            [
              10.43202734375,
              63.443628906250005
            ],
            [
              10.43203125,
              63.44355078125
            ],
            [
              10.432,
              63.44355078125
            ],
            [
              10.432,
              63.44347265625
            ],
            [
              10.432046875000001,
              63.44347265625
            ],
            [
              10.43204296875,
              63.443554687500004
            ],
            [
              10.43221875,
              63.443558593750005
            ],
            [
              10.432234375,
              63.44349609375
            ],
            [
              10.432230468750001,
              63.4434765625
            ],
            [
              10.4320546875,
              63.44347265625
            ],
            [
              10.4320625,
              63.44338671875
            ],
            [
              10.432,
              63.443382812500005
            ],
            [
              10.432,
              63.4428046875
            ],
            [
              10.432335937500001,
              63.442820312500004
            ],
            [
              10.43233203125,
              63.44290234375
            ],
            [
              10.4325078125,
              63.44290625
            ],
            [
              10.43247265625,
              63.44315234375
            ],
            [
              10.43265234375,
              63.44316015625
            ],
            [
              10.432632812500001,
              63.44332421875
            ],
            [
              10.4328125,
              63.443328125
            ],
            [
              10.432921875,
              63.442671875
            ],
            [
              10.433101562500001,
              63.44267578125
            ],
            [
              10.433121093750001,
              63.44259375
            ],
            [
              10.433296875000002,
              63.4426015625
            ],
            [
              10.43331640625,
              63.442515625
            ],
            [
              10.4335,
              63.44251953125
            ],
            [
              10.433574218750001,
              63.44202734375
            ],
            [
              10.433398437500001,
              63.44201953125
            ],
            [
              10.433398437500001,
              63.44200390625
            ],
            [
              10.433953125,
              63.44200390625
            ],
            [
              10.433953125,
              63.44204296875
            ],
            [
              10.43399609375,
              63.44204296875
            ],
            [
              10.43399609375,
              63.4425390625
            ],
            [
              10.433871093750001,
              63.44253515625
            ],
            [
              10.43383984375,
              63.4426953125
            ],
            [
              10.43365625,
              63.44269140625
            ],
            [
              10.433640625,
              63.4427734375
            ],
            [
              10.43346484375,
              63.442765625
            ],
            [
              10.433441406250001,
              63.4428515625
            ],
            [
              10.433261718750002,
              63.4428515625
            ],
            [
              10.43323828125,
              63.4430078125
            ],
            [
              10.4334140625,
              63.44301953125
            ],
            [
              10.43337890625,
              63.44326171875
            ],
            [
              10.4331953125,
              63.44326171875
            ],
            [
              10.43315234375,
              63.44350390625
            ],
            [
              10.4329765625,
              63.4435
            ],
            [
              10.43293359375,
              63.44371875
            ],
            [
              10.432937500000001,
              63.44375
            ],
            [
              10.433667968750001,
              63.4437734375
            ],
            [
              10.433738281250001,
              63.44336328125
            ],
            [
              10.43391796875,
              63.4433671875
            ],
            [
              10.433933593750002,
              63.44328515625
            ],
            [
              10.43399609375,
              63.44328515625
            ],
            [
              10.43399609375,
              63.444
            ],
            [
              10.43277734375,
              63.444
            ],
            [
              10.4327734375,
              63.44398828125
            ],
            [
              10.432160156250001,
              63.44396875
            ],
            [
              10.4321640625,
              63.44388671875
            ],
            [
              10.432,
              63.4438828125
            ]
          ]
        ]
      },
      "properties": {
        "source": "cv_detection",
        "area_m2": 10684.532917533452,
        "tile_id": "tile_0084"
      }
    },
    {
      "type": "Feature",
      "geometry": {
        "type": "Polygon",
        "coordinates": [
          [
            [
              10.352,
              63.42993359375
            ],
            [
              10.352,
              63.4295234375
            ],
            [
              10.3523984375,
              63.42953515625
            ],
            [
              10.352421875000001,
              63.42940625
            ],
            [
              10.35241796875,
              63.4293671875
            ],
            [
              10.35206640625,
              63.429355468749996
            ],
            [
              10.3520703125,
              63.42927734375
            ],
            [
              10.352,
              63.42926953125
            ],
            [
              10.352,
              63.42800390625
            ],
            [
              10.353015625000001,
              63.42800390625
            ],
            [
              10.353007812500001,
              63.428058593749995
            ],
            [
              10.352828125,
              63.428054687499994
            ],
            [
              10.35280859375,
              63.42813671875
            ],
            [
              10.352625,
              63.428132812499996
            ],
            [
              10.3526171875,
              63.42821484375
            ],
            [
              10.352980468750001,
              63.42822265625
            ],
            [
              10.35299609375,
              63.42814453125
            ],
            [
              10.353546875000001,
              63.428160156249994
            ],
            [
              10.353566406250001,
              63.428078125
            ],
            [
              10.353742187500002,
              63.4280859375
            ],
            [
              10.353757812500001,
              63.42800390625
            ],
            [
              10.35399609375,
              63.42800390625
            ],
            [
              10.35399609375,
              63.4288359375
            ],
            [
              10.3538125,
              63.428832031249996
            ],
            [
              10.353792968750001,
              63.4289140625
            ],
            [
              10.353242187500001,
              63.428898437499996
            ],
            [
              10.35323046875,
              63.42894921875
            ],
            [
              10.353234375000001,
              63.42898046875
            ],
            [
              10.353593750000002,
              63.4289921875
            ],
            [
              10.353589843750001,
              63.429074218749996
            ],
            [
              10.35399609375,
              63.42908984375
            ],
            [
              10.35399609375,
              63.4295
            ],
            [
              10.35315234375,
              63.42947265625
            ],
            [
              10.353136718750001,
              63.42953515625
            ],
            [
              10.353140625,
              63.42955859375
            ],
            [
              10.353312500000001,
              63.429562499999996
            ],
            [
              10.35331640625,
              63.4296484375
            ],
            [
              10.353671875000002,
              63.42966015625
            ],
            [
              10.35366796875,
              63.4297421875
            ],
            [
              10.35399609375,
              63.42975390625
            ],
            [
              10.35399609375,
              63.43
            ],
            [
              10.352140625,
              63.43
            ],
            [
              10.35214453125,
              63.4299375
            ],
            [
              10.352,
              63.42993359375
            ]
          ]
        ]
      },
      "properties": {
        "source": "cv_detection",
        "area_m2": 19212.05014104475,
        "tile_id": "tile_0085"
      }
    },
    {
      "type": "Feature",
      "geometry": {
        "type": "Polygon",
        "coordinates": [
          [
            [
              10.382,
              63.42866796875
            ],
            [
              10.382,
              63.428421875
            ],
            [
              10.38203515625,
              63.42841796875
            ],
            [
              10.382046875,
              63.428339843749995
            ],
            [
              10.38223046875,
              63.428343749999996
            ],
            [
              10.38224609375,
              63.428265624999995
            ],
            [
              10.38242578125,
              63.428269531249995
            ],
            [
              10.382441406249999,
              63.4281875
            ],
            [
              10.38262109375,
              63.42819140625
            ],
            [
              10.382640625,
              63.428109375
            ],
            [
              10.3828203125,
              63.4281171875
            ],
            [
              10.3828359375,
              63.42803515625
            ],
            [
              10.38301953125,
              63.4280390625
            ],
            [
              10.38302734375,
              63.42800390625
            ],
            [
              10.38376171875,
              63.42800390625
            ],
            [
              10.38375390625,
              63.428058593749995
            ],
            [
              10.38357421875,
              63.428054687499994
            ],
            [
              10.383558593750001,
              63.42813671875
            ],
            [
              10.38337890625,
              63.428132812499996
            ],
            [
              10.383359375,
              63.42821484375
            ],
            [
              10.3831796875,
              63.4282109375
            ],
            [
              10.3831640625,
              63.4282890625
            ],
            [
              10.38298046875,
              63.42828515625
            ],
            [
              10.38296484375,
              63.4283671875
            ],
            [
              10.38278515625,
              63.428359375
            ],
            [
              10.38276953125,
              63.428441406249995
            ],
            [
              10.3825859375,
              63.4284375
            ],
            [
              10.3825703125,
              63.42851953125
            ],
            [
              10.382390625,
              63.428515624999996
            ],
            [
              10.382375,
              63.42859375
            ],
            [
              10.38219140625,
              63.42858984375
            ],
            [
              10.38217578125,
              63.428671875
            ],
            [
              10.382,
              63.42866796875
            ]
          ]
        ]
      },
      "properties": {
        "source": "cv_detection",
        "area_m2": 2372.029872237916,
        "tile_id": "tile_0086"
      }
    },
    {
      "type": "Feature",
      "geometry": {
        "type": "Polygon",
        "coordinates": [
          [
            [
              10.382,
              63.429828125
            ],
            [
              10.382,
              63.4295
            ],
            [
              10.38204296875,
              63.42949609375
            ],
            [
              10.3820546875,
              63.429421874999996
            ],
            [
              10.38223828125,
              63.429425781249996
            ],
            [
              10.382234375,
              63.4295078125
            ],
            [
              10.3826015625,
              63.429515625
            ],
            [
              10.38261328125,
              63.4294375
            ],
            [
              10.383898437500001,
              63.4294765625
            ],
            [
              10.383984375,
              63.428984375
            ],
            [
              10.38398828125,
              63.42889453125
            ],
            [
              10.38344140625,
              63.42887890625
            ],
            [
              10.38342578125,
              63.4289609375
            ],
            [
              10.3832421875,
              63.42895703125
            ],
            [
              10.3832265625,
              63.429035156249995
            ],
            [
              10.38286328125,
              63.42902734375
            ],
            [
              10.38284765625,
              63.429109374999996
            ],
            [
              10.3826640625,
              63.429105468749995
            ],
            [
              10.3826484375,
              63.42918359375
            ],
            [
              10.38228125,
              63.429175781249995
            ],
            [
              10.382265625,
              63.42925390625
            ],
            [
              10.382,
              63.429249999999996
            ],
            [
              10.382,
              63.429
            ],
            [
              10.38212109375,
              63.429003906249996
            ],
            [
              10.382136718749999,
              63.42892578125
            ],
            [
              10.3823203125,
              63.4289296875
            ],
            [
              10.3823359375,
              63.42884765625
            ],
            [
              10.382703124999999,
              63.428859375
            ],
            [
              10.38271875,
              63.42877734375
            ],
            [
              10.38308203125,
              63.42878515625
            ],
            [
              10.38309765625,
              63.42870703125
            ],
            [
              10.38328125,
              63.4287109375
            ],
            [
              10.383296875000001,
              63.42862890625
            ],
            [
              10.3834765625,
              63.42863671875
            ],
            [
              10.38349609375,
              63.4285546875
            ],
            [
              10.383859375,
              63.4285625
            ],
            [
              10.383875,
              63.428484375
            ],
            [
              10.38399609375,
              63.42848828125
            ],
            [
              10.38399609375,
              63.429808593749996
            ],
            [
              10.383109375,
              63.42978515625
            ],
            [
              10.38309375,
              63.42986328125
            ],
            [
              10.382,
              63.429828125
            ]
          ]
        ]
      },
      "properties": {
        "source": "cv_detection",
        "area_m2": 7490.116060364223,
        "tile_id": "tile_0086"
      }
    },
    {
      "type": "Feature",
      "geometry": {
        "type": "Polygon",
        "coordinates": [
          [
            [
              10.375996093749999,
              63.40291796875
            ],
            [
              10.37596484375,
              63.40291796875
            ],
            [
              10.37596875,
              63.40283203125
            ],
            [
              10.375796874999999,
              63.402828125
            ],
            [
              10.37580078125,
              63.402746093750004
            ],
            [
              10.375621093749999,
              63.40273828125
            ],
            [
              10.375625,
              63.40266015625
            ],
            [
              10.375210937499999,
              63.402640625000004
            ],
            [
              10.374898437499999,
              63.40263671875
            ],
            [
              10.3748828125,
              63.402714843750005
            ],
            [
              10.374515624999999,
              63.40270703125
            ],
            [
              10.3745,
              63.402785156250005
            ],
            [
              10.37431640625,
              63.402781250000004
            ],
            [
              10.37430078125,
              63.402859375000006
            ],
            [
              10.373999999999999,
              63.402855468750005
            ],
            [
              10.373999999999999,
              63.40200390625
            ],
            [
              10.375996093749999,
              63.40200390625
            ],
            [
              10.375996093749999,
              63.40291796875
            ]
          ]
        ]
      },
      "properties": {
        "source": "cv_detection",
        "area_m2": 8022.8749404756545,
        "tile_id": "tile_0087"
      }
    },
    {
      "type": "Feature",
      "geometry": {
        "type": "Polygon",
        "coordinates": [
          [
            [
              10.373999999999999,
              63.404
            ],
            [
              10.373999999999999,
              63.403687500000004
            ],
            [
              10.374171874999998,
              63.403691406250005
            ],
            [
              10.374183593749999,
              63.403609375
            ],
            [
              10.374367187499999,
              63.403617187500004
            ],
            [
              10.374355468749998,
              63.403695312500005
            ],
            [
              10.374175781249999,
              63.403691406250005
            ],
            [
              10.374164062499998,
              63.403730468750005
            ],
            [
              10.37416796875,
              63.4037734375
            ],
            [
              10.374890624999999,
              63.403800781250006
            ],
            [
              10.3748671875,
              63.4039609375
            ],
            [
              10.37490234375,
              63.403968750000004
            ],
            [
              10.375234375,
              63.403976562500006
            ],
            [
              10.375253906249998,
              63.40389453125
            ],
            [
              10.37543359375,
              63.403898437500004
            ],
            [
              10.37542578125,
              63.40398046875001
            ],
            [
              10.3756015625,
              63.403984375
            ],
            [
              10.375648437499999,
              63.4037421875
            ],
            [
              10.375832031249999,
              63.40373828125
            ],
            [
              10.375867187499999,
              63.4035
            ],
            [
              10.375683593749999,
              63.4034921875
            ],
            [
              10.37566796875,
              63.40357421875
            ],
            [
              10.375492187499999,
              63.40356640625
            ],
            [
              10.375472656249999,
              63.4036484375
            ],
            [
              10.375289062499998,
              63.40364453125
            ],
            [
              10.375273437499999,
              63.403722656250004
            ],
            [
              10.374730468749998,
              63.403703125
            ],
            [
              10.374734375,
              63.403625000000005
            ],
            [
              10.374554687499998,
              63.403617187500004
            ],
            [
              10.3745625,
              63.40353515625
            ],
            [
              10.374382812499999,
              63.40353125
            ],
            [
              10.374390624999998,
              63.403449218750005
            ],
            [
              10.374214843749998,
              63.40344140625
            ],
            [
              10.374218749999999,
              63.40335546875
            ],
            [
              10.374046875,
              63.4033515625
            ],
            [
              10.374070312499999,
              63.40319140625
            ],
            [
              10.374437499999999,
              63.4031953125
            ],
            [
              10.374445312499999,
              63.4031171875
            ],
            [
              10.374269531249999,
              63.40311328125
            ],
            [
              10.37428125,
              63.403031250000005
            ],
            [
              10.374460937499999,
              63.4030390625
            ],
            [
              10.374480468749999,
              63.402957031250004
            ],
            [
              10.3753984375,
              63.402984375
            ],
            [
              10.37540625,
              63.4028984375
            ],
            [
              10.375046874999999,
              63.402886718750004
            ],
            [
              10.37505859375,
              63.40280859375
            ],
            [
              10.37541796875,
              63.402820312500005
            ],
            [
              10.375414062499999,
              63.40290234375
            ],
            [
              10.375769531249999,
              63.4029140625
            ],
            [
              10.375769531249999,
              63.403000000000006
            ],
            [
              10.375945312499999,
              63.40300390625
            ],
            [
              10.37587109375,
              63.40349609375
            ],
            [
              10.375996093749999,
              63.40350390625
            ],
            [
              10.375996093749999,
              63.404
            ],
            [
              10.3748671875,
              63.404
            ],
            [
              10.374863281249999,
              63.4039609375
            ],
            [
              10.374687499999999,
              63.40395703125
            ],
            [
              10.374679687499999,
              63.404
            ],
            [
              10.373999999999999,
              63.404
            ]
          ]
        ]
      },
      "properties": {
        "source": "cv_detection",
        "area_m2": 8171.064016731505,
        "tile_id": "tile_0087"
      }
    },
    {
      "type": "Feature",
      "geometry": {
        "type": "Polygon",
        "coordinates": [
          [
            [
              10.445996093749999,
              63.45751953125
            ],
            [
              10.4455703125,
              63.4575078125
            ],
            [
              10.44558203125,
              63.457429687499996
            ],
            [
              10.4453984375,
              63.457421874999994
            ],
            [
              10.44538671875,
              63.457499999999996
            ],
            [
              10.445203124999999,
              63.457492187499994
            ],
            [
              10.44520703125,
              63.4574140625
            ],
            [
              10.444843749999999,
              63.45740234375
            ],
            [
              10.44485546875,
              63.457324218749996
            ],
            [
              10.44482421875,
              63.457316406249994
            ],
            [
              10.44467578125,
              63.4573125
            ],
            [
              10.444660156249999,
              63.457394531249996
            ],
            [
              10.44448046875,
              63.457386718749994
            ],
            [
              10.444484375,
              63.4573046875
            ],
            [
              10.444304687499999,
              63.45730078125
            ],
            [
              10.4442890625,
              63.45737890625
            ],
            [
              10.443999999999999,
              63.457375
            ],
            [
              10.443999999999999,
              63.45684375
            ],
            [
              10.44401171875,
              63.45683984375
            ],
            [
              10.444015624999999,
              63.456800781249996
            ],
            [
              10.444199218749999,
              63.456800781249996
            ],
            [
              10.444265625,
              63.456390625
            ],
            [
              10.4444453125,
              63.4563984375
            ],
            [
              10.444484375,
              63.456175781249996
            ],
            [
              10.44448046875,
              63.45614453125
            ],
            [
              10.44430859375,
              63.456136718749995
            ],
            [
              10.444312499999999,
              63.45605468749999
            ],
            [
              10.444128906249999,
              63.45605078125
            ],
            [
              10.444113281249999,
              63.456128906249994
            ],
            [
              10.443999999999999,
              63.456128906249994
            ],
            [
              10.443999999999999,
              63.45600390625
            ],
            [
              10.44543359375,
              63.45600390625
            ],
            [
              10.44541796875,
              63.456175781249996
            ],
            [
              10.445777343749999,
              63.4561875
            ],
            [
              10.44579296875,
              63.456109375
            ],
            [
              10.44597265625,
              63.45611328125
            ],
            [
              10.445996093749999,
              63.45600390625
            ],
            [
              10.445996093749999,
              63.45644140624999
            ],
            [
              10.445,
              63.456410156249994
            ],
            [
              10.444984374999999,
              63.4564921875
            ],
            [
              10.444808593749999,
              63.456484374999995
            ],
            [
              10.444773437499999,
              63.456652343749994
            ],
            [
              10.444589843749998,
              63.456652343749994
            ],
            [
              10.444531249999999,
              63.4570234375
            ],
            [
              10.44453515625,
              63.4570625
            ],
            [
              10.44470703125,
              63.45706640625
            ],
            [
              10.44469921875,
              63.457152343749996
            ],
            [
              10.444878906249999,
              63.45715625
            ],
            [
              10.444875,
              63.45723828125
            ],
            [
              10.44597265625,
              63.4572734375
            ],
            [
              10.445996093749999,
              63.45719140625
            ],
            [
              10.445996093749999,
              63.45751953125
            ]
          ]
        ]
      },
      "properties": {
        "source": "cv_detection",
        "area_m2": 7810.332847998711,
        "tile_id": "tile_0088"
      }
    },
    {
      "type": "Feature",
      "geometry": {
        "type": "Polygon",
        "coordinates": [
          [
            [
              10.443999999999999,
              63.458
            ],
            [
              10.443999999999999,
              63.457710937499996
            ],
            [
              10.444601562499999,
              63.45773046875
            ],
            [
              10.44459375,
              63.4578046875
            ],
            [
              10.444624999999998,
              63.457812499999996
            ],
            [
              10.445996093749999,
              63.45785546875
            ],
            [
              10.445996093749999,
              63.458
            ],
            [
              10.443999999999999,
              63.458
            ]
          ]
        ]
      },
      "properties": {
        "source": "cv_detection",
        "area_m2": 2201.3439410423716,
        "tile_id": "tile_0088"
      }
    },
    {
      "type": "Feature",
      "geometry": {
        "type": "Polygon",
        "coordinates": [
          [
            [
              10.35640234375,
              63.40825390625
            ],
            [
              10.3562265625,
              63.40824609375
            ],
            [
              10.35623828125,
              63.408171875
            ],
            [
              10.3564140625,
              63.4081796875
            ],
            [
              10.35640234375,
              63.40825390625
            ]
          ]
        ]
      },
      "properties": {
        "source": "cv_detection",
        "area_m2": 72.45902288985077,
        "tile_id": "tile_0089"
      }
    },
    {
      "type": "Feature",
      "geometry": {
        "type": "Polygon",
        "coordinates": [
          [
            [
              10.35760546875,
              63.410000000000004
            ],
            [
              10.357636718750001,
              63.409792968750004
            ],
            [
              10.35745703125,
              63.40978515625
            ],
            [
              10.35750390625,
              63.40945703125
            ],
            [
              10.357328125,
              63.409449218750005
            ],
            [
              10.35736328125,
              63.409199218750004
            ],
            [
              10.35718359375,
              63.40919140625
            ],
            [
              10.35719921875,
              63.409027343750004
            ],
            [
              10.35702734375,
              63.409023437500004
            ],
            [
              10.35705859375,
              63.408781250000004
            ],
            [
              10.3568828125,
              63.40876953125
            ],
            [
              10.356921875,
              63.40852734375
            ],
            [
              10.35709765625,
              63.40853125
            ],
            [
              10.3571328125,
              63.408367187500005
            ],
            [
              10.3573125,
              63.40837109375
            ],
            [
              10.357328125,
              63.408292968750004
            ],
            [
              10.35799609375,
              63.40830859375
            ],
            [
              10.35799609375,
              63.4085546875
            ],
            [
              10.35747265625,
              63.408539062500004
            ],
            [
              10.357417968750001,
              63.4088671875
            ],
            [
              10.35759765625,
              63.40887890625
            ],
            [
              10.357593750000001,
              63.408960937500005
            ],
            [
              10.357765625,
              63.40896875
            ],
            [
              10.35774609375,
              63.409128906250004
            ],
            [
              10.35792578125,
              63.409136718750005
            ],
            [
              10.35791796875,
              63.40921875
            ],
            [
              10.35799609375,
              63.40922265625
            ],
            [
              10.35799609375,
              63.410000000000004
            ],
            [
              10.35760546875,
              63.410000000000004
            ]
          ]
        ]
      },
      "properties": {
        "source": "cv_detection",
        "area_m2": 5448.565062588352,
        "tile_id": "tile_0089"
      }
    },
    {
      "type": "Feature",
      "geometry": {
        "type": "Polygon",
        "coordinates": [
          [
            [
              10.356,
              63.40998828125
            ],
            [
              10.35633984375,
              63.410000000000004
            ],
            [
              10.356,
              63.410000000000004
            ],
            [
              10.356,
              63.40998828125
            ]
          ]
        ]
      },
      "properties": {
        "source": "cv_detection",
        "area_m2": 10.98246514390668,
        "tile_id": "tile_0089"
      }
    },
    {
      "type": "Feature",
      "geometry": {
        "type": "Polygon",
        "coordinates": [
          [
            [
              10.421999999999999,
              63.4245625
            ],
            [
              10.421999999999999,
              63.42431640625
            ],
            [
              10.422140624999999,
              63.4243203125
            ],
            [
              10.42215234375,
              63.4242421875
            ],
            [
              10.422136718749998,
              63.424234375
            ],
            [
              10.421999999999999,
              63.42423046875
            ],
            [
              10.421999999999999,
              63.42400390625
            ],
            [
              10.423484375,
              63.42400390625
            ],
            [
              10.423480468749998,
              63.42402734375
            ],
            [
              10.42330078125,
              63.4240234375
            ],
            [
              10.42326953125,
              63.4241875
            ],
            [
              10.423089843749999,
              63.42418359375
            ],
            [
              10.42307421875,
              63.424265625
            ],
            [
              10.422890624999999,
              63.424265625
            ],
            [
              10.4228828125,
              63.42434375
            ],
            [
              10.4232421875,
              63.42435546875
            ],
            [
              10.42326171875,
              63.4242734375
            ],
            [
              10.42344140625,
              63.42428125
            ],
            [
              10.4234609375,
              63.4241953125
            ],
            [
              10.42363671875,
              63.424203125
            ],
            [
              10.42367578125,
              63.42400390625
            ],
            [
              10.423996093749999,
              63.42400390625
            ],
            [
              10.423996093749999,
              63.424296875
            ],
            [
              10.42381640625,
              63.4242890625
            ],
            [
              10.42378515625,
              63.424453125
            ],
            [
              10.4236015625,
              63.42444921875
            ],
            [
              10.423585937499999,
              63.42453125
            ],
            [
              10.42322265625,
              63.42451953125
            ],
            [
              10.42320703125,
              63.4246015625
            ],
            [
              10.4230234375,
              63.42459765625
            ],
            [
              10.4230078125,
              63.42467578125
            ],
            [
              10.422277343749998,
              63.42465625
            ],
            [
              10.42228125,
              63.42457421875
            ],
            [
              10.421999999999999,
              63.4245625
            ]
          ]
        ]
      },
      "properties": {
        "source": "cv_detection",
        "area_m2": 5343.037494535571,
        "tile_id": "tile_0090"
      }
    },
    {
      "type": "Feature",
      "geometry": {
        "type": "Polygon",
        "coordinates": [
          [
            [
              10.421999999999999,
              63.4252265625
            ],
            [
              10.421999999999999,
              63.42481640625
            ],
            [
              10.422796875,
              63.42483984375
            ],
            [
              10.4228125,
              63.4247578125
            ],
            [
              10.423546875,
              63.42478125
            ],
            [
              10.42356640625,
              63.42469921875
            ],
            [
              10.42374609375,
              63.42469921875
            ],
            [
              10.4237734375,
              63.42454296875
            ],
            [
              10.423996093749999,
              63.424546875
            ],
            [
              10.423996093749999,
              63.42495703125
            ],
            [
              10.42389453125,
              63.42495703125
            ],
            [
              10.42386328125,
              63.42512109375
            ],
            [
              10.423683593749999,
              63.4251171875
            ],
            [
              10.42366796875,
              63.4251953125
            ],
            [
              10.422933593749999,
              63.42517578125
            ],
            [
              10.42291796875,
              63.42525390625
            ],
            [
              10.421999999999999,
              63.4252265625
            ]
          ]
        ]
      },
      "properties": {
        "source": "cv_detection",
        "area_m2": 4746.109740689515,
        "tile_id": "tile_0090"
      }
    },
    {
      "type": "Feature",
      "geometry": {
        "type": "Polygon",
        "coordinates": [
          [
            [
              10.421999999999999,
              63.42597265625
            ],
            [
              10.421999999999999,
              63.4255625
            ],
            [
              10.422496093749999,
              63.42557421875
            ],
            [
              10.422511718749998,
              63.42549609375
            ],
            [
              10.422875,
              63.4255078125
            ],
            [
              10.42289453125,
              63.42542578125
            ],
            [
              10.42380859375,
              63.425453125000004
            ],
            [
              10.423828125,
              63.42537109375
            ],
            [
              10.423996093749999,
              63.425375
            ],
            [
              10.423996093749999,
              63.4257890625
            ],
            [
              10.42394140625,
              63.42579296875
            ],
            [
              10.4239296875,
              63.4258671875
            ],
            [
              10.422640625,
              63.425828125
            ],
            [
              10.422624999999998,
              63.425906250000004
            ],
            [
              10.42207421875,
              63.42589453125
            ],
            [
              10.4220625,
              63.42596875
            ],
            [
              10.421999999999999,
              63.42597265625
            ]
          ]
        ]
      },
      "properties": {
        "source": "cv_detection",
        "area_m2": 4258.398654256959,
        "tile_id": "tile_0090"
      }
    },
    {
      "type": "Feature",
      "geometry": {
        "type": "Polygon",
        "coordinates": [
          [
            [
              10.442,
              63.4542421875
            ],
            [
              10.442,
              63.45400390625
            ],
            [
              10.442972656250001,
              63.45400390625
            ],
            [
              10.44296875,
              63.45401953125
            ],
            [
              10.442789062500001,
              63.454015625000004
            ],
            [
              10.44276953125,
              63.45409765625
            ],
            [
              10.44240625,
              63.45408984375
            ],
            [
              10.442390625,
              63.45416796875
            ],
            [
              10.44220703125,
              63.4541640625
            ],
            [
              10.44219140625,
              63.45424609375
            ],
            [
              10.442,
              63.4542421875
            ]
          ]
        ]
      },
      "properties": {
        "source": "cv_detection",
        "area_m2": 644.2373185998364,
        "tile_id": "tile_0091"
      }
    },
    {
      "type": "Feature",
      "geometry": {
        "type": "Polygon",
        "coordinates": [
          [
            [
              10.442,
              63.456
            ],
            [
              10.442,
              63.45540625
            ],
            [
              10.44201171875,
              63.45540234375
            ],
            [
              10.44203515625,
              63.4552578125
            ],
            [
              10.44203125,
              63.455234375
            ],
            [
              10.442,
              63.455234375
            ],
            [
              10.442,
              63.454328125
            ],
            [
              10.442546875,
              63.45434375
            ],
            [
              10.442562500000001,
              63.454261718750004
            ],
            [
              10.442929687500001,
              63.4542734375
            ],
            [
              10.442945312500001,
              63.454191406250004
            ],
            [
              10.443312500000001,
              63.454203125
            ],
            [
              10.443328125,
              63.454121093750004
            ],
            [
              10.443878906250001,
              63.45413671875
            ],
            [
              10.44390234375,
              63.45400390625
            ],
            [
              10.44399609375,
              63.45400390625
            ],
            [
              10.44399609375,
              63.45422265625
            ],
            [
              10.443871093750001,
              63.45421875
            ],
            [
              10.4438515625,
              63.45430078125
            ],
            [
              10.443671875000001,
              63.454296875000004
            ],
            [
              10.443644531250001,
              63.45442578125
            ],
            [
              10.443652343750001,
              63.45446484375
            ],
            [
              10.44382421875,
              63.454468750000004
            ],
            [
              10.443820312500002,
              63.45455078125
            ],
            [
              10.44399609375,
              63.4545546875
            ],
            [
              10.44399609375,
              63.456
            ],
            [
              10.44284375,
              63.456
            ],
            [
              10.44285546875,
              63.4559296875
            ],
            [
              10.4430390625,
              63.455933593750004
            ],
            [
              10.4431171875,
              63.45544140625
            ],
            [
              10.442746093750001,
              63.4554296875
            ],
            [
              10.4426796875,
              63.455839843750006
            ],
            [
              10.4425,
              63.455832031250004
            ],
            [
              10.44247265625,
              63.456
            ],
            [
              10.442,
              63.456
            ]
          ]
        ]
      },
      "properties": {
        "source": "cv_detection",
        "area_m2": 17835.018035987105,
        "tile_id": "tile_0091"
      }
    },
    {
      "type": "Feature",
      "geometry": {
        "type": "Polygon",
        "coordinates": [
          [
            [
              10.418085937499999,
              63.408
            ],
            [
              10.418136718749999,
              63.40769140625
            ],
            [
              10.418320312499999,
              63.4076875
            ],
            [
              10.418363281249999,
              63.40744140625
            ],
            [
              10.41891015625,
              63.40745703125
            ],
            [
              10.4189375,
              63.40729296875
            ],
            [
              10.418757812499999,
              63.40728515625
            ],
            [
              10.4188046875,
              63.4069609375
            ],
            [
              10.418624999999999,
              63.40694921875
            ],
            [
              10.41864453125,
              63.40678515625
            ],
            [
              10.418468749999999,
              63.40677734375
            ],
            [
              10.4185,
              63.40653515625
            ],
            [
              10.41833203125,
              63.40652734375
            ],
            [
              10.41833203125,
              63.4064453125
            ],
            [
              10.4181484375,
              63.4064375
            ],
            [
              10.4181328125,
              63.40651953125
            ],
            [
              10.418,
              63.406515625
            ],
            [
              10.418,
              63.406265624999996
            ],
            [
              10.4187265625,
              63.40629296875
            ],
            [
              10.418722656249999,
              63.406375
            ],
            [
              10.41889453125,
              63.4063828125
            ],
            [
              10.418878906249999,
              63.406546875
            ],
            [
              10.41905078125,
              63.4065546875
            ],
            [
              10.419035156249999,
              63.4067109375
            ],
            [
              10.419062499999999,
              63.40671875
            ],
            [
              10.4193984375,
              63.4067265625
            ],
            [
              10.4194140625,
              63.40664453125
            ],
            [
              10.41959375,
              63.40665234375
            ],
            [
              10.41961328125,
              63.40656640625
            ],
            [
              10.4197890625,
              63.40657421875
            ],
            [
              10.41982421875,
              63.40641015625
            ],
            [
              10.41999609375,
              63.40641796875
            ],
            [
              10.41999609375,
              63.4067421875
            ],
            [
              10.41994921875,
              63.40674609375
            ],
            [
              10.41990234375,
              63.4070390625
            ],
            [
              10.41990625,
              63.407078125
            ],
            [
              10.41999609375,
              63.407078125
            ],
            [
              10.41999609375,
              63.40757421875
            ],
            [
              10.4198203125,
              63.40756640625
            ],
            [
              10.419828125,
              63.407484375
            ],
            [
              10.4196484375,
              63.40748046875
            ],
            [
              10.41961328125,
              63.40769140625
            ],
            [
              10.4196171875,
              63.40773046875
            ],
            [
              10.4197890625,
              63.407734375000004
            ],
            [
              10.4197578125,
              63.407945312500004
            ],
            [
              10.41976171875,
              63.407984375
            ],
            [
              10.41993359375,
              63.40798828125
            ],
            [
              10.41993359375,
              63.408
            ],
            [
              10.418085937499999,
              63.408
            ]
          ]
        ]
      },
      "properties": {
        "source": "cv_detection",
        "area_m2": 11707.282571134616,
        "tile_id": "tile_0092"
      }
    },
    {
      "type": "Feature",
      "geometry": {
        "type": "Polygon",
        "coordinates": [
          [
            [
              10.397996093749999,
              63.4248671875
            ],
            [
              10.39798046875,
              63.4248671875
            ],
            [
              10.397988281249999,
              63.42478515625
            ],
            [
              10.39780859375,
              63.42478125
            ],
            [
              10.397812499999999,
              63.42469921875
            ],
            [
              10.39763671875,
              63.42469140625
            ],
            [
              10.397640625,
              63.424609375
            ],
            [
              10.3971015625,
              63.42458984375
            ],
            [
              10.397105468749999,
              63.4245078125
            ],
            [
              10.3967421875,
              63.42449609375
            ],
            [
              10.39674609375,
              63.4244140625
            ],
            [
              10.396199218749999,
              63.4243984375
            ],
            [
              10.39618359375,
              63.42448046875
            ],
            [
              10.395999999999999,
              63.42447265625
            ],
            [
              10.396015624999999,
              63.42439453125
            ],
            [
              10.395999999999999,
              63.424390625
            ],
            [
              10.395999999999999,
              63.4240625
            ],
            [
              10.39625390625,
              63.4240703125
            ],
            [
              10.39624609375,
              63.42415234375
            ],
            [
              10.3975234375,
              63.4241953125
            ],
            [
              10.39751953125,
              63.42427734375
            ],
            [
              10.39787890625,
              63.4242890625
            ],
            [
              10.397874999999999,
              63.42437109375
            ],
            [
              10.397996093749999,
              63.424375
            ],
            [
              10.397996093749999,
              63.4248671875
            ]
          ]
        ]
      },
      "properties": {
        "source": "cv_detection",
        "area_m2": 3855.217988050071,
        "tile_id": "tile_0093"
      }
    },
    {
      "type": "Feature",
      "geometry": {
        "type": "Polygon",
        "coordinates": [
          [
            [
              10.397996093749999,
              63.42528125
            ],
            [
              10.3979140625,
              63.42528125
            ],
            [
              10.397921875,
              63.42519921875
            ],
            [
              10.39719140625,
              63.425171875000004
            ],
            [
              10.3971953125,
              63.42509375
            ],
            [
              10.396652343749999,
              63.42507421875
            ],
            [
              10.39666796875,
              63.42491015625
            ],
            [
              10.3964921875,
              63.42490625
            ],
            [
              10.39648046875,
              63.42498828125
            ],
            [
              10.395999999999999,
              63.42497265625
            ],
            [
              10.395999999999999,
              63.4247265625
            ],
            [
              10.396144531249998,
              63.42473046875
            ],
            [
              10.396140625,
              63.4248125
            ],
            [
              10.3976015625,
              63.42486328125
            ],
            [
              10.39759765625,
              63.42494140625
            ],
            [
              10.39778125,
              63.4249453125
            ],
            [
              10.397796875,
              63.4248671875
            ],
            [
              10.39797265625,
              63.424875
            ],
            [
              10.39796484375,
              63.424953125
            ],
            [
              10.397996093749999,
              63.42495703125
            ],
            [
              10.397996093749999,
              63.42528125
            ]
          ]
        ]
      },
      "properties": {
        "source": "cv_detection",
        "area_m2": 2678.100344681507,
        "tile_id": "tile_0093"
      }
    },
    {
      "type": "Feature",
      "geometry": {
        "type": "Polygon",
        "coordinates": [
          [
            [
              10.39767578125,
              63.42560546875
            ],
            [
              10.39768359375,
              63.42552734375
            ],
            [
              10.3978671875,
              63.42553125
            ],
            [
              10.397859375,
              63.425609375
            ],
            [
              10.39767578125,
              63.42560546875
            ]
          ]
        ]
      },
      "properties": {
        "source": "cv_detection",
        "area_m2": 79.23149839772523,
        "tile_id": "tile_0093"
      }
    },
    {
      "type": "Feature",
      "geometry": {
        "type": "Polygon",
        "coordinates": [
          [
            [
              10.395999999999999,
              63.4253046875
            ],
            [
              10.3967890625,
              63.42533203125
            ],
            [
              10.39677734375,
              63.42541015625
            ],
            [
              10.3964140625,
              63.4253984375
            ],
            [
              10.396398437499998,
              63.42544921875
            ],
            [
              10.39640234375,
              63.425484375
            ],
            [
              10.396949218749999,
              63.4255
            ],
            [
              10.3969609375,
              63.425421875
            ],
            [
              10.397507812499999,
              63.42544140625
            ],
            [
              10.397499999999999,
              63.425515625
            ],
            [
              10.39713671875,
              63.4255078125
            ],
            [
              10.39712109375,
              63.4255859375
            ],
            [
              10.397484375,
              63.4256015625
            ],
            [
              10.397480468749999,
              63.4256796875
            ],
            [
              10.397507812499999,
              63.4256875
            ],
            [
              10.397996093749999,
              63.425703125
            ],
            [
              10.397996093749999,
              63.426
            ],
            [
              10.39671875,
              63.426
            ],
            [
              10.396714843749999,
              63.42598828125
            ],
            [
              10.396320312499999,
              63.425976562500004
            ],
            [
              10.396328124999998,
              63.42589453125
            ],
            [
              10.395999999999999,
              63.42588671875
            ],
            [
              10.395999999999999,
              63.4253046875
            ]
          ]
        ]
      },
      "properties": {
        "source": "cv_detection",
        "area_m2": 5372.9385536565715,
        "tile_id": "tile_0093"
      }
    },
    {
      "type": "Feature",
      "geometry": {
        "type": "Polygon",
        "coordinates": [
          [
            [
              10.44799609375,
              63.42232421875
            ],
            [
              10.44783203125,
              63.4223203125
            ],
            [
              10.44783984375,
              63.422238281249996
            ],
            [
              10.4476640625,
              63.422230468749994
            ],
            [
              10.44766796875,
              63.4221484375
            ],
            [
              10.4474921875,
              63.422140625
            ],
            [
              10.44751171875,
              63.42200390625
            ],
            [
              10.44769140625,
              63.42200390625
            ],
            [
              10.4476953125,
              63.4220703125
            ],
            [
              10.447828125000001,
              63.42207421875
            ],
            [
              10.44787109375,
              63.4220703125
            ],
            [
              10.44787890625,
              63.42200390625
            ],
            [
              10.44799609375,
              63.42200390625
            ],
            [
              10.44799609375,
              63.42232421875
            ]
          ]
        ]
      },
      "properties": {
        "source": "cv_detection",
        "area_m2": 555.9209258557219,
        "tile_id": "tile_0094"
      }
    },
    {
      "type": "Feature",
      "geometry": {
        "type": "Polygon",
        "coordinates": [
          [
            [
              10.446,
              63.42259375
            ],
            [
              10.446,
              63.42234765625
            ],
            [
              10.44615625,
              63.4223515625
            ],
            [
              10.446171875,
              63.42228515625
            ],
            [
              10.44616796875,
              63.422265624999994
            ],
            [
              10.446,
              63.42226171875
            ],
            [
              10.446,
              63.42200390625
            ],
            [
              10.44713671875,
              63.42200390625
            ],
            [
              10.44712890625,
              63.422132812499996
            ],
            [
              10.44730078125,
              63.42213671875
            ],
            [
              10.447296875000001,
              63.42222265625
            ],
            [
              10.44747265625,
              63.4222265625
            ],
            [
              10.44743359375,
              63.42247265625
            ],
            [
              10.446703124999999,
              63.422453125
            ],
            [
              10.4466875,
              63.42253125
            ],
            [
              10.44631640625,
              63.4225234375
            ],
            [
              10.44630078125,
              63.4226015625
            ],
            [
              10.446,
              63.42259375
            ]
          ]
        ]
      },
      "properties": {
        "source": "cv_detection",
        "area_m2": 3658.3617653889482,
        "tile_id": "tile_0094"
      }
    },
    {
      "type": "Feature",
      "geometry": {
        "type": "Polygon",
        "coordinates": [
          [
            [
              10.4461171875,
              63.4237578125
            ],
            [
              10.446,
              63.42375390625
            ],
            [
              10.446,
              63.42359375
            ],
            [
              10.446140625,
              63.423597656249996
            ],
            [
              10.4461171875,
              63.4237578125
            ]
          ]
        ]
      },
      "properties": {
        "source": "cv_detection",
        "area_m2": 114.06094348132908,
        "tile_id": "tile_0094"
      }
    },
    {
      "type": "Feature",
      "geometry": {
        "type": "Polygon",
        "coordinates": [
          [
            [
              10.446,
              63.424
            ],
            [
              10.446,
              63.42383984375
            ],
            [
              10.44702734375,
              63.42387109375
            ],
            [
              10.447046875,
              63.4237890625
            ],
            [
              10.447226562500001,
              63.42379296875
            ],
            [
              10.447234375,
              63.4237109375
            ],
            [
              10.44705859375,
              63.42370703125
            ],
            [
              10.44707421875,
              63.4235390625
            ],
            [
              10.44690234375,
              63.423531249999996
            ],
            [
              10.44691796875,
              63.4233671875
            ],
            [
              10.4467421875,
              63.42336328125
            ],
            [
              10.4467578125,
              63.4231953125
            ],
            [
              10.4465859375,
              63.42319140625
            ],
            [
              10.44666015625,
              63.422703125
            ],
            [
              10.44703125,
              63.42270703125
            ],
            [
              10.44703515625,
              63.42262890625
            ],
            [
              10.44686328125,
              63.422621093749996
            ],
            [
              10.446875,
              63.42254296875
            ],
            [
              10.447601562500001,
              63.42256640625
            ],
            [
              10.44759765625,
              63.4226484375
            ],
            [
              10.44777734375,
              63.422652343749995
            ],
            [
              10.44776953125,
              63.422734375
            ],
            [
              10.4479453125,
              63.4227421875
            ],
            [
              10.4479375,
              63.4228203125
            ],
            [
              10.44799609375,
              63.42282421875
            ],
            [
              10.44799609375,
              63.4238203125
            ],
            [
              10.4479609375,
              63.42382421875
            ],
            [
              10.447953125,
              63.4238671875
            ],
            [
              10.44795703125,
              63.42390234375
            ],
            [
              10.44799609375,
              63.42390234375
            ],
            [
              10.44799609375,
              63.424
            ],
            [
              10.446,
              63.424
            ]
          ]
        ]
      },
      "properties": {
        "source": "cv_detection",
        "area_m2": 9564.338162211563,
        "tile_id": "tile_0094"
      }
    },
    {
      "type": "Feature",
      "geometry": {
        "type": "Polygon",
        "coordinates": [
          [
            [
              10.394265625000001,
              63.4329609375
            ],
            [
              10.39409375,
              63.43295703125
            ],
            [
              10.39409765625,
              63.4328828125
            ],
            [
              10.39427734375,
              63.4328828125
            ],
            [
              10.394265625000001,
              63.4329609375
            ]
          ]
        ]
      },
      "properties": {
        "source": "cv_detection",
        "area_m2": 73.86989660205178,
        "tile_id": "tile_0095"
      }
    },
    {
      "type": "Feature",
      "geometry": {
        "type": "Polygon",
        "coordinates": [
          [
            [
              10.395765625000001,
              63.434
            ],
            [
              10.39502734375,
              63.434
            ],
            [
              10.3950546875,
              63.433820312499996
            ],
            [
              10.3948828125,
              63.433812499999995
            ],
            [
              10.3948828125,
              63.43373046875
            ],
            [
              10.394,
              63.43369921875
            ],
            [
              10.394,
              63.43362109375
            ],
            [
              10.39453125,
              63.433636718749995
            ],
            [
              10.39454296875,
              63.43358203125
            ],
            [
              10.3945390625,
              63.43355078125
            ],
            [
              10.394,
              63.433535156249995
            ],
            [
              10.394,
              63.43337109375
            ],
            [
              10.3943828125,
              63.4333828125
            ],
            [
              10.3943828125,
              63.433468749999996
            ],
            [
              10.3945546875,
              63.43347265625
            ],
            [
              10.39456640625,
              63.433390624999994
            ],
            [
              10.39493359375,
              63.43340234375
            ],
            [
              10.394972656250001,
              63.433222656249995
            ],
            [
              10.39502734375,
              63.43282812499999
            ],
            [
              10.39501171875,
              63.4328203125
            ],
            [
              10.394667968750001,
              63.4328125
            ],
            [
              10.394667968750001,
              63.432726562499994
            ],
            [
              10.39449609375,
              63.43272265624999
            ],
            [
              10.39448046875,
              63.432800781249995
            ],
            [
              10.394296875,
              63.432796874999994
            ],
            [
              10.394300781250001,
              63.43271484375
            ],
            [
              10.394125,
              63.4327109375
            ],
            [
              10.394109375,
              63.4327890625
            ],
            [
              10.394,
              63.43278515625
            ],
            [
              10.394,
              63.43254296875
            ],
            [
              10.3950703125,
              63.432578125
            ],
            [
              10.395085937500001,
              63.43249609375
            ],
            [
              10.395269531250001,
              63.4325
            ],
            [
              10.395304687500001,
              63.432285156249996
            ],
            [
              10.39530078125,
              63.432249999999996
            ],
            [
              10.394203125,
              63.432214843749996
            ],
            [
              10.394187500000001,
              63.43229296875
            ],
            [
              10.3940078125,
              63.4322890625
            ],
            [
              10.394,
              63.43230468749999
            ],
            [
              10.394,
              63.432003906249996
            ],
            [
              10.395644531250001,
              63.432003906249996
            ],
            [
              10.3956484375,
              63.432015625
            ],
            [
              10.39599609375,
              63.43202343749999
            ],
            [
              10.39599609375,
              63.432273437499994
            ],
            [
              10.395859375,
              63.432273437499994
            ],
            [
              10.39580859375,
              63.43257421875
            ],
            [
              10.3958125,
              63.4326015625
            ],
            [
              10.39599609375,
              63.432609375
            ],
            [
              10.39598046875,
              63.43268359375
            ],
            [
              10.39599609375,
              63.43268749999999
            ],
            [
              10.39599609375,
              63.432937499999994
            ],
            [
              10.3959375,
              63.432941406249995
            ],
            [
              10.395875,
              63.433320312499994
            ],
            [
              10.395878906250001,
              63.43334765625
            ],
            [
              10.39599609375,
              63.43335156249999
            ],
            [
              10.39599609375,
              63.43368359375
            ],
            [
              10.39581640625,
              63.43368359375
            ],
            [
              10.395765625000001,
              63.434
            ]
          ]
        ]
      },
      "properties": {
        "source": "cv_detection",
        "area_m2": 13640.158391550078,
        "tile_id": "tile_0095"
      }
    },
    {
      "type": "Feature",
      "geometry": {
        "type": "Polygon",
        "coordinates": [
          [
            [
              10.375996093749999,
              63.43195703125
            ],
            [
              10.37535546875,
              63.43193359375
            ],
            [
              10.375359374999999,
              63.43185546875
            ],
            [
              10.375183593749998,
              63.43184765625
            ],
            [
              10.3751875,
              63.431765625000004
            ],
            [
              10.374644531249999,
              63.43175
            ],
            [
              10.37461328125,
              63.431910156250005
            ],
            [
              10.373999999999999,
              63.431890625
            ],
            [
              10.373999999999999,
              63.43000390625
            ],
            [
              10.375996093749999,
              63.43000390625
            ],
            [
              10.375996093749999,
              63.4301328125
            ],
            [
              10.37509375,
              63.43010546875
            ],
            [
              10.375078125,
              63.43018359375
            ],
            [
              10.374890624999999,
              63.4301875
            ],
            [
              10.374863281249999,
              63.43034375
            ],
            [
              10.374687499999999,
              63.43033984375
            ],
            [
              10.374671874999999,
              63.43040234375
            ],
            [
              10.37467578125,
              63.430421875
            ],
            [
              10.374851562499998,
              63.4304296875
            ],
            [
              10.37484765625,
              63.43051171875
            ],
            [
              10.3750234375,
              63.43051953125
            ],
            [
              10.375015625,
              63.4306015625
            ],
            [
              10.37519140625,
              63.430609375
            ],
            [
              10.3751640625,
              63.43085546875
            ],
            [
              10.3753359375,
              63.430859375000004
            ],
            [
              10.375332031249998,
              63.43094140625
            ],
            [
              10.375691406249999,
              63.43095703125
            ],
            [
              10.375683593749999,
              63.4310390625
            ],
            [
              10.37586328125,
              63.43104296875
            ],
            [
              10.375859375,
              63.431125
            ],
            [
              10.375996093749999,
              63.43112890625
            ],
            [
              10.375996093749999,
              63.43195703125
            ]
          ]
        ]
      },
      "properties": {
        "source": "cv_detection",
        "area_m2": 15887.719419862116,
        "tile_id": "tile_0096"
      }
    },
    {
      "type": "Feature",
      "geometry": {
        "type": "Polygon",
        "coordinates": [
          [
            [
              10.436,
              63.404
            ],
            [
              10.436,
              63.40200390625
            ],
            [
              10.43799609375,
              63.40200390625
            ],
            [
              10.437921875,
              63.4020078125
            ],
            [
              10.43790234375,
              63.40208984375
            ],
            [
              10.437722656250001,
              63.402085937500004
            ],
            [
              10.437707031250001,
              63.402152343750004
            ],
            [
              10.4377109375,
              63.402171875
            ],
            [
              10.43799609375,
              63.4021796875
            ],
            [
              10.43799609375,
              63.40242578125
            ],
            [
              10.43766796875,
              63.40241796875
            ],
            [
              10.43765234375,
              63.40249609375
            ],
            [
              10.43746875,
              63.4024921875
            ],
            [
              10.437453125000001,
              63.4025703125
            ],
            [
              10.43709375,
              63.40256640625
            ],
            [
              10.43707421875,
              63.402644531250004
            ],
            [
              10.436894531250001,
              63.402640625000004
            ],
            [
              10.4368671875,
              63.40277734375
            ],
            [
              10.43687109375,
              63.40280859375
            ],
            [
              10.4374140625,
              63.402828125
            ],
            [
              10.43740625,
              63.40290234375
            ],
            [
              10.4374375,
              63.40291015625
            ],
            [
              10.437953125,
              63.402925781250005
            ],
            [
              10.437968750000001,
              63.40284375
            ],
            [
              10.43799609375,
              63.40284375
            ],
            [
              10.43799609375,
              63.404
            ],
            [
              10.437417968750001,
              63.404
            ],
            [
              10.4374296875,
              63.403906250000006
            ],
            [
              10.43725,
              63.403898437500004
            ],
            [
              10.437234375000001,
              63.40398046875001
            ],
            [
              10.43668359375,
              63.4039609375
            ],
            [
              10.43669140625,
              63.4038828125
            ],
            [
              10.436515625,
              63.403875000000006
            ],
            [
              10.4365,
              63.403953125
            ],
            [
              10.43612890625,
              63.40394531250001
            ],
            [
              10.43612109375,
              63.404
            ],
            [
              10.436,
              63.404
            ]
          ]
        ]
      },
      "properties": {
        "source": "cv_detection",
        "area_m2": 19273.46031798372,
        "tile_id": "tile_0097"
      }
    },
    {
      "type": "Feature",
      "geometry": {
        "type": "Polygon",
        "coordinates": [
          [
            [
              10.411999999999999,
              63.4130390625
            ],
            [
              10.411999999999999,
              63.4124375
            ],
            [
              10.41201171875,
              63.41243359375
            ],
            [
              10.412015624999999,
              63.4123828125
            ],
            [
              10.411999999999999,
              63.41237890625
            ],
            [
              10.411999999999999,
              63.41200390625
            ],
            [
              10.41281640625,
              63.41200390625
            ],
            [
              10.4128046875,
              63.4120703125
            ],
            [
              10.41262109375,
              63.41206640625
            ],
            [
              10.41260546875,
              63.4121484375
            ],
            [
              10.412425781249999,
              63.412140625
            ],
            [
              10.412406249999998,
              63.41222265625
            ],
            [
              10.41223046875,
              63.41221875
            ],
            [
              10.412214843749998,
              63.412300781249996
            ],
            [
              10.412031249999998,
              63.412296875
            ],
            [
              10.41201953125,
              63.41234765625
            ],
            [
              10.41202734375,
              63.4123828125
            ],
            [
              10.412382812499999,
              63.412390625
            ],
            [
              10.412398437499998,
              63.4123125
            ],
            [
              10.412578125,
              63.41231640625
            ],
            [
              10.41259765625,
              63.412234375
            ],
            [
              10.41277734375,
              63.41223828125
            ],
            [
              10.412792968749999,
              63.412160156249996
            ],
            [
              10.412976562499999,
              63.4121640625
            ],
            [
              10.412992187499999,
              63.41208203125
            ],
            [
              10.4135390625,
              63.41209765625
            ],
            [
              10.41355859375,
              63.41200390625
            ],
            [
              10.413996093749999,
              63.41200390625
            ],
            [
              10.413996093749999,
              63.41244140625
            ],
            [
              10.413859375,
              63.4124375
            ],
            [
              10.41384375,
              63.41251953125
            ],
            [
              10.413480468749999,
              63.4125078125
            ],
            [
              10.41348828125,
              63.41242578125
            ],
            [
              10.41330859375,
              63.41241796875
            ],
            [
              10.4133125,
              63.41233984375
            ],
            [
              10.41313671875,
              63.41233203125
            ],
            [
              10.41312109375,
              63.4124140625
            ],
            [
              10.4129375,
              63.41241015625
            ],
            [
              10.412921874999999,
              63.41248828125
            ],
            [
              10.412738281249998,
              63.412484375
            ],
            [
              10.412722656249999,
              63.41256640625
            ],
            [
              10.412546874999999,
              63.41255859375
            ],
            [
              10.41247265625,
              63.41297265625
            ],
            [
              10.412292968749998,
              63.41296875
            ],
            [
              10.412277343749999,
              63.413046875
            ],
            [
              10.411999999999999,
              63.4130390625
            ]
          ]
        ]
      },
      "properties": {
        "source": "cv_detection",
        "area_m2": 5569.56311651323,
        "tile_id": "tile_0098"
      }
    },
    {
      "type": "Feature",
      "geometry": {
        "type": "Polygon",
        "coordinates": [
          [
            [
              10.413996093749999,
              63.413765625
            ],
            [
              10.4138359375,
              63.41376171875
            ],
            [
              10.413839843749999,
              63.4136796875
            ],
            [
              10.413664062499999,
              63.41367578125
            ],
            [
              10.41366796875,
              63.413593750000004
            ],
            [
              10.4134921875,
              63.41358984375
            ],
            [
              10.41349609375,
              63.41350390625
            ],
            [
              10.4133203125,
              63.4135
            ],
            [
              10.41337109375,
              63.413171875
            ],
            [
              10.413996093749999,
              63.41319140625
            ],
            [
              10.413996093749999,
              63.413765625
            ]
          ]
        ]
      },
      "properties": {
        "source": "cv_detection",
        "area_m2": 1630.5634396673229,
        "tile_id": "tile_0098"
      }
    },
    {
      "type": "Feature",
      "geometry": {
        "type": "Polygon",
        "coordinates": [
          [
            [
              10.411999999999999,
              63.4134609375
            ],
            [
              10.412023437499998,
              63.4134609375
            ],
            [
              10.41201953125,
              63.41354296875
            ],
            [
              10.4121953125,
              63.41355078125
            ],
            [
              10.412191406249999,
              63.4136328125
            ],
            [
              10.412734375,
              63.41365234375
            ],
            [
              10.412722656249999,
              63.4137109375
            ],
            [
              10.412730468749999,
              63.413734375000004
            ],
            [
              10.412906249999999,
              63.41373828125
            ],
            [
              10.41290234375,
              63.4138203125
            ],
            [
              10.413070312499999,
              63.41382421875
            ],
            [
              10.413078125,
              63.413910156250004
            ],
            [
              10.41325,
              63.4139140625
            ],
            [
              10.4132421875,
              63.4139921875
            ],
            [
              10.41327734375,
              63.414
            ],
            [
              10.411999999999999,
              63.414
            ],
            [
              10.411999999999999,
              63.4134609375
            ]
          ]
        ]
      },
      "properties": {
        "source": "cv_detection",
        "area_m2": 2054.1918655742215,
        "tile_id": "tile_0098"
      }
    },
    {
      "type": "Feature",
      "geometry": {
        "type": "Polygon",
        "coordinates": [
          [
            [
              10.43124609375,
              63.43456640625
            ],
            [
              10.43106640625,
              63.4345625
            ],
            [
              10.43103515625,
              63.434722656249996
            ],
            [
              10.430859375,
              63.43471875
            ],
            [
              10.43087109375,
              63.4345546875
            ],
            [
              10.43069921875,
              63.434550781249996
            ],
            [
              10.430703124999999,
              63.43446484375
            ],
            [
              10.43052734375,
              63.43445703125
            ],
            [
              10.43053125,
              63.434374999999996
            ],
            [
              10.43035546875,
              63.434371093749995
            ],
            [
              10.430359375,
              63.4342890625
            ],
            [
              10.43018359375,
              63.43428515625
            ],
            [
              10.4301875,
              63.434203124999996
            ],
            [
              10.43,
              63.434195312499995
            ],
            [
              10.43,
              63.43400390625
            ],
            [
              10.43115234375,
              63.43400390625
            ],
            [
              10.43109375,
              63.43439453125
            ],
            [
              10.43126953125,
              63.43440234375
            ],
            [
              10.43124609375,
              63.43456640625
            ]
          ]
        ]
      },
      "properties": {
        "source": "cv_detection",
        "area_m2": 2825.610081637284,
        "tile_id": "tile_0099"
      }
    },
    {
      "type": "Feature",
      "geometry": {
        "type": "Polygon",
        "coordinates": [
          [
            [
              10.43062109375,
              63.43504296875
            ],
            [
              10.43062890625,
              63.43496484375
            ],
            [
              10.43080859375,
              63.434968749999996
            ],
            [
              10.430796875,
              63.435046875
            ],
            [
              10.43062109375,
              63.43504296875
            ]
          ]
        ]
      },
      "properties": {
        "source": "cv_detection",
        "area_m2": 76.7234779334161,
        "tile_id": "tile_0099"
      }
    },
    {
      "type": "Feature",
      "geometry": {
        "type": "Polygon",
        "coordinates": [
          [
            [
              10.43,
              63.435105468749995
            ],
            [
              10.43,
              63.434445312499996
            ],
            [
              10.430144531249999,
              63.43444921875
            ],
            [
              10.4301484375,
              63.43453515625
            ],
            [
              10.43032421875,
              63.4345390625
            ],
            [
              10.43024609375,
              63.43503125
            ],
            [
              10.4300625,
              63.43502734375
            ],
            [
              10.430046875,
              63.435105468749995
            ],
            [
              10.43,
              63.435105468749995
            ]
          ]
        ]
      },
      "properties": {
        "source": "cv_detection",
        "area_m2": 869.6028170425152,
        "tile_id": "tile_0099"
      }
    },
    {
      "type": "Feature",
      "geometry": {
        "type": "Polygon",
        "coordinates": [
          [
            [
              10.43,
              63.4352734375
            ],
            [
              10.43,
              63.4351953125
            ],
            [
              10.430031249999999,
              63.4351953125
            ],
            [
              10.43001953125,
              63.4352734375
            ],
            [
              10.43,
              63.4352734375
            ]
          ]
        ]
      },
      "properties": {
        "source": "cv_detection",
        "area_m2": 10.93046808960911,
        "tile_id": "tile_0099"
      }
    },
    {
      "type": "Feature",
      "geometry": {
        "type": "Polygon",
        "coordinates": [
          [
            [
              10.43,
              63.435359375
            ],
            [
              10.43019140625,
              63.43536328125
            ],
            [
              10.4302109375,
              63.435281249999996
            ],
            [
              10.430390625,
              63.435285156249996
            ],
            [
              10.4303984375,
              63.435203125
            ],
            [
              10.43022265625,
              63.43519921875
            ],
            [
              10.43023828125,
              63.4351171875
            ],
            [
              10.43041796875,
              63.435125
            ],
            [
              10.43043359375,
              63.43504296875
            ],
            [
              10.43061328125,
              63.435046875
            ],
            [
              10.430609375,
              63.4351328125
            ],
            [
              10.43096875,
              63.435140624999995
            ],
            [
              10.43101171875,
              63.43489453125
            ],
            [
              10.43119140625,
              63.434898437499996
            ],
            [
              10.431078125,
              63.43563671875
            ],
            [
              10.43199609375,
              63.435671875
            ],
            [
              10.43199609375,
              63.436
            ],
            [
              10.43065234375,
              63.436
            ],
            [
              10.4306796875,
              63.435796875
            ],
            [
              10.4305,
              63.4357890625
            ],
            [
              10.430515625,
              63.43562109375
            ],
            [
              10.43016015625,
              63.435609375
            ],
            [
              10.4301640625,
              63.435527343749996
            ],
            [
              10.43,
              63.4355234375
            ],
            [
              10.43,
              63.435359375
            ]
          ]
        ]
      },
      "properties": {
        "source": "cv_detection",
        "area_m2": 5651.220163319264,
        "tile_id": "tile_0099"
      }
    },
    {
      "type": "Feature",
      "geometry": {
        "type": "Polygon",
        "coordinates": [
          [
            [
              10.43,
              63.436
            ],
            [
              10.43,
              63.43569140625
            ],
            [
              10.43013671875,
              63.4356953125
            ],
            [
              10.43009375,
              63.436
            ],
            [
              10.43,
              63.436
            ]
          ]
        ]
      },
      "properties": {
        "source": "cv_detection",
        "area_m2": 194.94069434719077,
        "tile_id": "tile_0099"
      }
    }
  ]
}